"Term","Overlap","P.value","Adjusted.P.value","Old.P.value","Old.Adjusted.P.value","Odds.Ratio","Combined.Score","Genes","Database","Direction"
"Antibacterial Humoral Response (GO:0019731)","2/49",0.00143956831095975,0.113580727574398,0,0,40.3850050658561,264.255726541593,"IGHM;DEFA5","GO_Biological_Process_2023","Positive"
"Regulation Of MAPK Cascade (GO:0043408)","3/204",0.00159305297462197,0.113580727574398,0,0,14.7582089552239,95.0739020962217,"OSM;STK3;RNF41","GO_Biological_Process_2023","Positive"
"Defense Response To Gram-negative Bacterium (GO:0050829)","2/75",0.00333584763034024,0.113580727574398,0,0,25.9673842139596,148.09273146071,"IGHM;DEFA5","GO_Biological_Process_2023","Positive"
"Cell Junction Disassembly (GO:0150146)","1/5",0.00573728911332865,0.113580727574398,0,0,226.965909090909,1171.31850515834,"C1QC","GO_Biological_Process_2023","Positive"
"Humoral Immune Response Mediated By Circulating Immunoglobulin (GO:0002455)","1/5",0.00573728911332865,0.113580727574398,0,0,226.965909090909,1171.31850515834,"C1QC","GO_Biological_Process_2023","Positive"
"Antimicrobial Humoral Response (GO:0019730)","2/100",0.00584761959206228,0.113580727574398,0,0,19.3187560738581,99.3316462237063,"IGHM;DEFA5","GO_Biological_Process_2023","Positive"
"Regulation Of Protein Secretion (GO:0050708)","2/102",0.00607659553385651,0.113580727574398,0,0,18.9304761904762,96.6081014135045,"DNAJC1;FGG","GO_Biological_Process_2023","Positive"
"Synapse Pruning (GO:0098883)","1/8",0.00916455474573022,0.113580727574398,0,0,129.675324675325,608.490047133173,"C1QC","GO_Biological_Process_2023","Positive"
"Plasminogen Activation (GO:0031639)","1/8",0.00916455474573022,0.113580727574398,0,0,129.675324675325,608.490047133173,"FGG","GO_Biological_Process_2023","Positive"
"Positive Regulation Of Peptide Secretion (GO:0002793)","1/8",0.00916455474573022,0.113580727574398,0,0,129.675324675325,608.490047133173,"FGG","GO_Biological_Process_2023","Positive"
"Nucleic Acid Transport (GO:0050657)","1/8",0.00916455474573022,0.113580727574398,0,0,129.675324675325,608.490047133173,"RBFOX1","GO_Biological_Process_2023","Positive"
"Negative Regulation Of Hormone Secretion (GO:0046888)","1/9",0.0103044643785071,0.113580727574398,0,0,113.460227272727,519.100740554472,"OSM","GO_Biological_Process_2023","Positive"
"Regulation Of Granulocyte Differentiation (GO:0030852)","1/9",0.0103044643785071,0.113580727574398,0,0,113.460227272727,519.100740554472,"C1QC","GO_Biological_Process_2023","Positive"
"Regulation Of Protein Kinase B Signaling (GO:0051896)","2/136",0.0105763000351583,0.113580727574398,0,0,14.1030561478323,64.1567715816379,"OSM;RNF41","GO_Biological_Process_2023","Positive"
"Inositol Phosphate Biosynthetic Process (GO:0032958)","1/10",0.0114431199495764,0.113580727574398,0,0,100.848484848485,450.82969906826,"IP6K2","GO_Biological_Process_2023","Positive"
"Positive Regulation Of Mitotic Cell Cycle Spindle Assembly Checkpoint (GO:0090267)","1/11",0.0125805227255512,0.113580727574398,0,0,90.7590909090909,397.125975220578,"NDC80","GO_Biological_Process_2023","Positive"
"Positive Regulation Of Spindle Checkpoint (GO:0090232)","1/11",0.0125805227255512,0.113580727574398,0,0,90.7590909090909,397.125975220578,"NDC80","GO_Biological_Process_2023","Positive"
"Fibrinolysis (GO:0042730)","1/12",0.013716673976595,0.113580727574398,0,0,82.504132231405,353.872030109198,"FGG","GO_Biological_Process_2023","Positive"
"Regulation Of Hematopoietic Stem Cell Differentiation (GO:1902036)","1/12",0.013716673976595,0.113580727574398,0,0,82.504132231405,353.872030109198,"OSM","GO_Biological_Process_2023","Positive"
"Attachment Of Mitotic Spindle Microtubules To Kinetochore (GO:0051315)","1/12",0.013716673976595,0.113580727574398,0,0,82.504132231405,353.872030109198,"NDC80","GO_Biological_Process_2023","Positive"
"Positive Regulation Of Vasoconstriction (GO:0045907)","1/12",0.013716673976595,0.113580727574398,0,0,82.504132231405,353.872030109198,"FGG","GO_Biological_Process_2023","Positive"
"Killing By Host Of Symbiont Cells (GO:0051873)","1/13",0.0148515749863377,0.113580727574398,0,0,75.625,318.354732825143,"DEFA5","GO_Biological_Process_2023","Positive"
"Positive Regulation Of Heterotypic Cell-Cell Adhesion (GO:0034116)","1/14",0.015985227036696,0.113580727574398,0,0,69.8041958041958,288.716456708675,"FGG","GO_Biological_Process_2023","Positive"
"Protein Activation Cascade (GO:0072376)","1/14",0.015985227036696,0.113580727574398,0,0,69.8041958041958,288.716456708675,"FGG","GO_Biological_Process_2023","Positive"
"Establishment Of Chromosome Localization (GO:0051303)","1/14",0.015985227036696,0.113580727574398,0,0,69.8041958041958,288.716456708675,"NDC80","GO_Biological_Process_2023","Positive"
"Regulation Of Hemopoiesis (GO:1903706)","1/14",0.015985227036696,0.113580727574398,0,0,69.8041958041958,288.716456708675,"MYSM1","GO_Biological_Process_2023","Positive"
"Positive Regulation Of Acute Inflammatory Response (GO:0002675)","1/14",0.015985227036696,0.113580727574398,0,0,69.8041958041958,288.716456708675,"OSM","GO_Biological_Process_2023","Positive"
"Regulation Of Macrophage Differentiation (GO:0045649)","1/14",0.015985227036696,0.113580727574398,0,0,69.8041958041958,288.716456708675,"C1QC","GO_Biological_Process_2023","Positive"
"Blood Coagulation, Fibrin Clot Formation (GO:0072378)","1/14",0.015985227036696,0.113580727574398,0,0,69.8041958041958,288.716456708675,"FGG","GO_Biological_Process_2023","Positive"
"Polyol Biosynthetic Process (GO:0046173)","1/15",0.01711763141868,0.113580727574398,0,0,64.8149350649351,263.64422882818,"IP6K2","GO_Biological_Process_2023","Positive"
"Regulation Of Hormone Secretion (GO:0046883)","1/15",0.01711763141868,0.113580727574398,0,0,64.8149350649351,263.64422882818,"OSM","GO_Biological_Process_2023","Positive"
"Nuclear Chromosome Segregation (GO:0098813)","1/16",0.0182487894189074,0.113580727574398,0,0,60.4909090909091,242.184823451457,"NDC80","GO_Biological_Process_2023","Positive"
"Polyol Metabolic Process (GO:0019751)","1/17",0.0193787023349684,0.113580727574398,0,0,56.7073863636364,223.630150653724,"IP6K2","GO_Biological_Process_2023","Positive"
"Regulation Of Hematopoietic Progenitor Cell Differentiation (GO:1901532)","1/17",0.0193787023349684,0.113580727574398,0,0,56.7073863636364,223.630150653724,"OSM","GO_Biological_Process_2023","Positive"
"Hippo Signaling (GO:0035329)","1/17",0.0193787023349684,0.113580727574398,0,0,56.7073863636364,223.630150653724,"STK3","GO_Biological_Process_2023","Positive"
"Regulation Of Mitotic Cell Cycle Spindle Assembly Checkpoint (GO:0090266)","1/17",0.0193787023349684,0.113580727574398,0,0,56.7073863636364,223.630150653724,"NDC80","GO_Biological_Process_2023","Positive"
"Positive Regulation Of Hormone Secretion (GO:0046887)","1/19",0.0216347980764043,0.120130063003192,0,0,50.4015151515151,193.211801083395,"FGG","GO_Biological_Process_2023","Positive"
"Regulation Of Acute Inflammatory Response (GO:0002673)","1/19",0.0216347980764043,0.120130063003192,0,0,50.4015151515151,193.211801083395,"OSM","GO_Biological_Process_2023","Positive"
"Defense Response To Bacterium (GO:0042742)","2/204",0.0227555693390793,0.120306434182531,0,0,9.32343234323432,35.270035098169,"IGHM;DEFA5","GO_Biological_Process_2023","Positive"
"Negative Regulation Of Cellular Process (GO:0048523)","3/537",0.0228692033405419,0.120306434182531,0,0,5.46151685393258,20.6334146374402,"OSM;RNF41;IP6K2","GO_Biological_Process_2023","Positive"
"Innate Immune Response In Mucosa (GO:0002227)","1/21",0.0238859289927227,0.120306434182531,0,0,45.3568181818182,169.383483507259,"DEFA5","GO_Biological_Process_2023","Positive"
"Inositol Phosphate Metabolic Process (GO:0043647)","1/22",0.0250096358786987,0.120306434182531,0,0,43.1948051948052,159.323783819131,"IP6K2","GO_Biological_Process_2023","Positive"
"Negative Regulation Of Cell Communication (GO:0010648)","1/22",0.0250096358786987,0.120306434182531,0,0,43.1948051948052,159.323783819131,"OSM","GO_Biological_Process_2023","Positive"
"Negative Regulation Of Extrinsic Apoptotic Signaling Pathway Via Death Domain Receptors (GO:1902042)","1/23",0.0261321054395983,0.120306434182531,0,0,41.2293388429752,150.264061909767,"FGG","GO_Biological_Process_2023","Positive"
"Positive Regulation Of Interleukin-17 Production (GO:0032740)","1/24",0.0272533389718204,0.120306434182531,0,0,39.4347826086956,142.066928935349,"OSM","GO_Biological_Process_2023","Positive"
"Regulation Of Heterotypic Cell-Cell Adhesion (GO:0034114)","1/24",0.0272533389718204,0.120306434182531,0,0,39.4347826086956,142.066928935349,"FGG","GO_Biological_Process_2023","Positive"
"Negative Regulation Of Endothelial Cell Apoptotic Process (GO:2000352)","1/26",0.0294921031126647,0.120306434182531,0,0,36.2763636363636,127.824582690399,"FGG","GO_Biological_Process_2023","Positive"
"Spindle Assembly Checkpoint Signaling (GO:0071173)","1/26",0.0294921031126647,0.120306434182531,0,0,36.2763636363636,127.824582690399,"NDC80","GO_Biological_Process_2023","Positive"
"Mitotic Spindle Assembly Checkpoint Signaling (GO:0007094)","1/26",0.0294921031126647,0.120306434182531,0,0,36.2763636363636,127.824582690399,"NDC80","GO_Biological_Process_2023","Positive"
"Mitotic Spindle Checkpoint Signaling (GO:0071174)","1/26",0.0294921031126647,0.120306434182531,0,0,36.2763636363636,127.824582690399,"NDC80","GO_Biological_Process_2023","Positive"
"Regulation Of Vasoconstriction (GO:0019229)","1/26",0.0294921031126647,0.120306434182531,0,0,36.2763636363636,127.824582690399,"FGG","GO_Biological_Process_2023","Positive"
"Regulation Of Protein Transport (GO:0051223)","1/28",0.0317259386336052,0.120306434182531,0,0,33.5858585858586,115.892058167056,"DNAJC1","GO_Biological_Process_2023","Positive"
"Negative Regulation Of Mitotic Metaphase/Anaphase Transition (GO:0045841)","1/28",0.0317259386336052,0.120306434182531,0,0,33.5858585858586,115.892058167056,"NDC80","GO_Biological_Process_2023","Positive"
"Mucosal Immune Response (GO:0002385)","1/28",0.0317259386336052,0.120306434182531,0,0,33.5858585858586,115.892058167056,"DEFA5","GO_Biological_Process_2023","Positive"
"Negative Regulation Of Signaling (GO:0023057)","1/28",0.0317259386336052,0.120306434182531,0,0,33.5858585858586,115.892058167056,"OSM","GO_Biological_Process_2023","Positive"
"Positive Regulation Of Programmed Cell Death (GO:0043068)","2/245",0.0319296697356481,0.120306434182531,0,0,7.73427395649618,26.6385380741316,"STK3;IP6K2","GO_Biological_Process_2023","Positive"
"Establishment Of Mitotic Spindle Orientation (GO:0000132)","1/29",0.0328410113902878,0.121431772658068,0,0,32.3847402597403,110.628772743736,"NDC80","GO_Biological_Process_2023","Positive"
"Negative Regulation Of Myeloid Leukocyte Differentiation (GO:0002762)","1/30",0.0339548558617346,0.121431772658068,0,0,31.2664576802508,105.765778199073,"C1QC","GO_Biological_Process_2023","Positive"
"Negative Regulation Of Blood Coagulation (GO:0030195)","1/30",0.0339548558617346,0.121431772658068,0,0,31.2664576802508,105.765778199073,"FGG","GO_Biological_Process_2023","Positive"
"Regulation Of Extrinsic Apoptotic Signaling Pathway Via Death Domain Receptors (GO:1902041)","1/31",0.0350674733320937,0.122583860013409,0,0,30.2227272727273,101.260681469549,"FGG","GO_Biological_Process_2023","Positive"
"Positive Regulation Of Apoptotic Process (GO:0043065)","2/270",0.0381289244732737,0.122583860013409,0,0,7.00390902629709,22.8802447236222,"STK3;IP6K2","GO_Biological_Process_2023","Positive"
"Organophosphate Biosynthetic Process (GO:0090407)","1/34",0.0383979766224181,0.122583860013409,0,0,27.4710743801653,89.5488488006926,"IP6K2","GO_Biological_Process_2023","Positive"
"Establishment Of Mitotic Spindle Localization (GO:0040001)","1/34",0.0383979766224181,0.122583860013409,0,0,27.4710743801653,89.5488488006926,"NDC80","GO_Biological_Process_2023","Positive"
"Regulation Of Interleukin-17 Production (GO:0032660)","1/34",0.0383979766224181,0.122583860013409,0,0,27.4710743801653,89.5488488006926,"OSM","GO_Biological_Process_2023","Positive"
"Sister Chromatid Segregation (GO:0000819)","1/34",0.0383979766224181,0.122583860013409,0,0,27.4710743801653,89.5488488006926,"NDC80","GO_Biological_Process_2023","Positive"
"Establishment Of Spindle Orientation (GO:0051294)","1/35",0.0395056989616673,0.122583860013409,0,0,26.6617647058824,86.1524359760047,"NDC80","GO_Biological_Process_2023","Positive"
"Platelet Aggregation (GO:0070527)","1/35",0.0395056989616673,0.122583860013409,0,0,26.6617647058824,86.1524359760047,"FGG","GO_Biological_Process_2023","Positive"
"Positive Regulation Of Substrate Adhesion-Dependent Cell Spreading (GO:1900026)","1/35",0.0395056989616673,0.122583860013409,0,0,26.6617647058824,86.1524359760047,"FGG","GO_Biological_Process_2023","Positive"
"Spliceosomal snRNP Assembly (GO:0000387)","1/37",0.0417174831924768,0.124139899620396,0,0,25.1780303030303,79.986447314411,"GEMIN7","GO_Biological_Process_2023","Positive"
"Positive Regulation Of Exocytosis (GO:0045921)","1/37",0.0417174831924768,0.124139899620396,0,0,25.1780303030303,79.986447314411,"FGG","GO_Biological_Process_2023","Positive"
"Negative Regulation Of Epithelial Cell Apoptotic Process (GO:1904036)","1/38",0.0428215476525957,0.124139899620396,0,0,24.4963144963145,77.1808774372472,"FGG","GO_Biological_Process_2023","Positive"
"RNA Transport (GO:0050658)","1/39",0.043924395374042,0.124139899620396,0,0,23.8504784688995,74.5395523795542,"RBFOX1","GO_Biological_Process_2023","Positive"
"Negative Regulation Of Secretion By Cell (GO:1903531)","1/40",0.0450260276423818,0.124139899620396,0,0,23.2377622377622,72.0490202613887,"OSM","GO_Biological_Process_2023","Positive"
"Regulation Of Intracellular Signal Transduction (GO:1902531)","2/297",0.0453000591617324,0.124139899620396,0,0,6.35415657788539,19.6626003818668,"STK3;RNF41","GO_Biological_Process_2023","Positive"
"Negative Regulation Of Proteolysis (GO:0045861)","1/41",0.0461264457320206,0.124139899620396,0,0,22.6556818181818,69.6972334432732,"DNAJC1","GO_Biological_Process_2023","Positive"
"Regulation Of Endothelial Cell Apoptotic Process (GO:2000351)","1/43",0.0483236444741316,0.124139899620396,0,0,21.5746753246753,65.3676914067237,"FGG","GO_Biological_Process_2023","Positive"
"Positive Regulation Of MAPK Cascade (GO:0043410)","2/310",0.0489194015753988,0.124139899620396,0,0,6.08194186765615,18.3527534451509,"FGG;OSM","GO_Biological_Process_2023","Positive"
"Phosphatidylinositol Phosphate Biosynthetic Process (GO:0046854)","1/44",0.0494204276755101,0.124139899620396,0,0,21.0718816067653,63.3713960436082,"IP6K2","GO_Biological_Process_2023","Positive"
"Regulation Of Cellular Metabolic Process (GO:0031323)","1/45",0.0505160017943274,0.124139899620396,0,0,20.5919421487603,61.4765251551077,"RNF41","GO_Biological_Process_2023","Positive"
"Establishment Of Protein Localization To Extracellular Region (GO:0035592)","1/45",0.0505160017943274,0.124139899620396,0,0,20.5919421487603,61.4765251551077,"FGG","GO_Biological_Process_2023","Positive"
"Regulation Of Stem Cell Differentiation (GO:2000736)","1/45",0.0505160017943274,0.124139899620396,0,0,20.5919421487603,61.4765251551077,"OSM","GO_Biological_Process_2023","Positive"
"Mitotic Nuclear Division (GO:0140014)","1/45",0.0505160017943274,0.124139899620396,0,0,20.5919421487603,61.4765251551077,"NDC80","GO_Biological_Process_2023","Positive"
"Zymogen Activation (GO:0031638)","1/45",0.0505160017943274,0.124139899620396,0,0,20.5919421487603,61.4765251551077,"FGG","GO_Biological_Process_2023","Positive"
"B Cell Receptor Signaling Pathway (GO:0050853)","1/46",0.0516103681028748,0.124139899620396,0,0,20.1333333333333,59.6758582483111,"IGHM","GO_Biological_Process_2023","Positive"
"Positive Regulation Of Peptide Hormone Secretion (GO:0090277)","1/46",0.0516103681028748,0.124139899620396,0,0,20.1333333333333,59.6758582483111,"FGG","GO_Biological_Process_2023","Positive"
"Homotypic Cell-Cell Adhesion (GO:0034109)","1/46",0.0516103681028748,0.124139899620396,0,0,20.1333333333333,59.6758582483111,"FGG","GO_Biological_Process_2023","Positive"
"Positive Regulation Of Cell-Cell Adhesion (GO:0022409)","1/46",0.0516103681028748,0.124139899620396,0,0,20.1333333333333,59.6758582483111,"FGG","GO_Biological_Process_2023","Positive"
"Positive Regulation Of Cytokine Production (GO:0001819)","2/320",0.0517739865715395,0.124139899620396,0,0,5.88769092542677,17.4326723908202,"DEFA5;OSM","GO_Biological_Process_2023","Positive"
"Positive Regulation Of Reactive Oxygen Species Metabolic Process (GO:2000379)","1/48",0.0537954823572278,0.127537604240169,0,0,19.2746615087041,56.331466269691,"RNF41","GO_Biological_Process_2023","Positive"
"Heterophilic Cell-Cell Adhesion Via Plasma Membrane Cell Adhesion Molecules (GO:0007157)","1/49",0.0548862328463383,0.127541361477688,0,0,18.8721590909091,54.7763045558682,"NECTIN4","GO_Biological_Process_2023","Positive"
"Mitotic Metaphase Plate Congression (GO:0007080)","1/50",0.0559757805878795,0.127541361477688,0,0,18.4860853432282,53.2923554931915,"NDC80","GO_Biological_Process_2023","Positive"
"Metaphase Plate Congression (GO:0051310)","1/51",0.0570641268554459,0.127541361477688,0,0,18.1154545454545,51.8750462798315,"NDC80","GO_Biological_Process_2023","Positive"
"Regulation Of Substrate Adhesion-Dependent Cell Spreading (GO:1900024)","1/51",0.0570641268554459,0.127541361477688,0,0,18.1154545454545,51.8750462798315,"FGG","GO_Biological_Process_2023","Positive"
"Regulation Of Proteolysis (GO:0030162)","1/52",0.0581512729120792,0.127541361477688,0,0,17.7593582887701,50.5201798987898,"DNAJC1","GO_Biological_Process_2023","Positive"
"Regulation Of Peptide Hormone Secretion (GO:0090276)","1/52",0.0581512729120792,0.127541361477688,0,0,17.7593582887701,50.5201798987898,"FGG","GO_Biological_Process_2023","Positive"
"Regulation Of Cell Development (GO:0060284)","1/52",0.0581512729120792,0.127541361477688,0,0,17.7593582887701,50.5201798987898,"MYSM1","GO_Biological_Process_2023","Positive"
"Protein Homotetramerization (GO:0051289)","1/53",0.0592372200228126,0.127541361477688,0,0,17.416958041958,49.2238977007414,"DEFA5","GO_Biological_Process_2023","Positive"
"Regulation Of Alternative mRNA Splicing, Via Spliceosome (GO:0000381)","1/53",0.0592372200228126,0.127541361477688,0,0,17.416958041958,49.2238977007414,"RBFOX1","GO_Biological_Process_2023","Positive"
"Regulation Of Exocytosis (GO:0017157)","1/54",0.0603219694450494,0.128565005584903,0,0,17.0874785591767,47.9826463468622,"FGG","GO_Biological_Process_2023","Positive"
"Positive Regulation Of Tyrosine Phosphorylation Of STAT Protein (GO:0042531)","1/55",0.0614055224333898,0.129264144453665,0,0,16.770202020202,46.7931485229585,"OSM","GO_Biological_Process_2023","Positive"
"Regulation Of Reactive Oxygen Species Metabolic Process (GO:2000377)","1/56",0.0624878802572221,0.129264144453665,0,0,16.4644628099174,45.6523769349805,"RNF41","GO_Biological_Process_2023","Positive"
"Positive Regulation Of Cellular Metabolic Process (GO:0031325)","1/56",0.0624878802572221,0.129264144453665,0,0,16.4644628099174,45.6523769349805,"RNF41","GO_Biological_Process_2023","Positive"
"Selective Autophagy (GO:0061912)","1/58",0.0646490154275843,0.130835517040361,0,0,15.8851674641148,43.5060171218394,"STK3","GO_Biological_Process_2023","Positive"
"Microtubule Cytoskeleton Organization Involved In Mitosis (GO:1902850)","1/59",0.0657277952904182,0.130835517040361,0,0,15.6105015673981,42.4954284324617,"NDC80","GO_Biological_Process_2023","Positive"
"Positive Regulation Of Protein Binding (GO:0032092)","1/59",0.0657277952904182,0.130835517040361,0,0,15.6105015673981,42.4954284324617,"STK3","GO_Biological_Process_2023","Positive"
"Regulation Of Multicellular Organismal Development (GO:2000026)","1/59",0.0657277952904182,0.130835517040361,0,0,15.6105015673981,42.4954284324617,"MYSM1","GO_Biological_Process_2023","Positive"
"Homophilic Cell Adhesion Via Plasma Membrane Adhesion Molecules (GO:0007156)","1/60",0.0668053849974009,0.131737721817305,0,0,15.3451463790447,41.523530114707,"NECTIN4","GO_Biological_Process_2023","Positive"
"Positive Regulation Of Interleukin-8 Production (GO:0032757)","1/61",0.0678817858220215,0.132620896374505,0,0,15.0886363636364,40.5882436696284,"DEFA5","GO_Biological_Process_2023","Positive"
"Negative Regulation Of Cell Population Proliferation (GO:0008285)","2/379",0.0697745474939924,0.133588033446922,0,0,4.95137046861185,13.1829544782201,"OSM;RNF41","GO_Biological_Process_2023","Positive"
"Protein Polymerization (GO:0051258)","1/63",0.0700310257894275,0.133588033446922,0,0,14.6004398826979,38.819896447204,"FGG","GO_Biological_Process_2023","Positive"
"Regulation Of Secretion By Cell (GO:1903530)","1/64",0.0711038674321035,0.133588033446922,0,0,14.3679653679654,37.983347923908,"DNAJC1","GO_Biological_Process_2023","Positive"
"Response To Metal Ion (GO:0010038)","1/64",0.0711038674321035,0.133588033446922,0,0,14.3679653679654,37.983347923908,"FGG","GO_Biological_Process_2023","Positive"
"Regulation Of Tyrosine Phosphorylation Of STAT Protein (GO:0042509)","1/65",0.0721755251798537,0.133588033446922,0,0,14.1427556818182,37.1764152113068,"OSM","GO_Biological_Process_2023","Positive"
"Antimicrobial Humoral Immune Response Mediated By Antimicrobial Peptide (GO:0061844)","1/65",0.0721755251798537,0.133588033446922,0,0,14.1427556818182,37.1764152113068,"DEFA5","GO_Biological_Process_2023","Positive"
"Extrinsic Apoptotic Signaling Pathway (GO:0097191)","1/67",0.0743152939821416,0.135176957157171,0,0,13.7128099173554,35.6456061451566,"RNF41","GO_Biological_Process_2023","Positive"
"Protein Secretion (GO:0009306)","1/67",0.0743152939821416,0.135176957157171,0,0,13.7128099173554,35.6456061451566,"FGG","GO_Biological_Process_2023","Positive"
"Positive Regulation Of Phosphatidylinositol 3-Kinase Signaling (GO:0014068)","1/69",0.0764503421503533,0.135967194566947,0,0,13.3081550802139,34.2167821259975,"OSM","GO_Biological_Process_2023","Positive"
"Negative Regulation Of Extrinsic Apoptotic Signaling Pathway (GO:2001237)","1/70",0.0775160991028362,0.135967194566947,0,0,13.1146245059289,33.5376310081815,"FGG","GO_Biological_Process_2023","Positive"
"Positive Regulation Of Protein Transport (GO:0051222)","1/70",0.0775160991028362,0.135967194566947,0,0,13.1146245059289,33.5376310081815,"FGG","GO_Biological_Process_2023","Positive"
"Protein Autoubiquitination (GO:0051865)","1/71",0.0785806796212511,0.135967194566947,0,0,12.9266233766234,32.8805394717248,"RNF41","GO_Biological_Process_2023","Positive"
"Positive Regulation Of Cell-Substrate Adhesion (GO:0010811)","1/71",0.0785806796212511,0.135967194566947,0,0,12.9266233766234,32.8805394717248,"FGG","GO_Biological_Process_2023","Positive"
"Cellular Response To Oxygen-Containing Compound (GO:1901701)","2/406",0.0786161030197512,0.135967194566947,0,0,4.61409712399811,11.7344736523975,"DEFA5;IP6K2","GO_Biological_Process_2023","Positive"
"Protein Tetramerization (GO:0051262)","1/73",0.080706316310888,0.13733090920643,0,0,12.5662878787879,31.6285729817901,"DEFA5","GO_Biological_Process_2023","Positive"
"Positive Regulation Of Secretion By Cell (GO:1903532)","1/73",0.080706316310888,0.13733090920643,0,0,12.5662878787879,31.6285729817901,"FGG","GO_Biological_Process_2023","Positive"
"Import Into Nucleus (GO:0051170)","1/74",0.0817673749589197,0.138023328930657,0,0,12.3935242839352,31.0318598341771,"STK3","GO_Biological_Process_2023","Positive"
"Positive Regulation Of Protein Secretion (GO:0050714)","1/76",0.0838859790374924,0.14047572680088,0,0,12.0618181818182,29.8927653375453,"FGG","GO_Biological_Process_2023","Positive"
"Proteolysis Involved In Protein Catabolic Process (GO:0051603)","1/78",0.0859999070425244,0.142392484098875,0,0,11.7473435655254,28.8210391772366,"RNF41","GO_Biological_Process_2023","Positive"
"Protein Import Into Nucleus (GO:0006606)","1/79",0.0870551206102124,0.142392484098875,0,0,11.5961538461538,28.3086906884965,"STK3","GO_Biological_Process_2023","Positive"
"Positive Regulation Of Catabolic Process (GO:0009896)","1/79",0.0870551206102124,0.142392484098875,0,0,11.5961538461538,28.3086906884965,"RNF41","GO_Biological_Process_2023","Positive"
"Regulation Of Interleukin-8 Production (GO:0032677)","1/81",0.0891620529898079,0.144716870621919,0,0,11.3051136363636,27.3278483083795,"DEFA5","GO_Biological_Process_2023","Positive"
"Establishment Of Protein Localization To Organelle (GO:0072594)","1/85",0.0933619730924318,0.148115611447392,0,0,10.7646103896104,25.5258101331122,"STK3","GO_Biological_Process_2023","Positive"
"Mitotic Spindle Organization (GO:0007052)","1/85",0.0933619730924318,0.148115611447392,0,0,10.7646103896104,25.5258101331122,"NDC80","GO_Biological_Process_2023","Positive"
"Defense Response To Gram-positive Bacterium (GO:0050830)","1/85",0.0933619730924318,0.148115611447392,0,0,10.7646103896104,25.5258101331122,"DEFA5","GO_Biological_Process_2023","Positive"
"Positive Regulation Of Peptidyl-Serine Phosphorylation (GO:0033138)","1/89",0.0975433655997771,0.152953012447554,0,0,10.2732438016529,23.9105457782376,"OSM","GO_Biological_Process_2023","Positive"
"Regulation Of Peptidyl-Tyrosine Phosphorylation (GO:0050730)","1/90",0.0985858279282814,0.152953012447554,0,0,10.1573033707865,23.5327224231173,"OSM","GO_Biological_Process_2023","Positive"
"Regulation Of Phosphatidylinositol 3-Kinase Signaling (GO:0014066)","1/90",0.0985858279282814,0.152953012447554,0,0,10.1573033707865,23.5327224231173,"OSM","GO_Biological_Process_2023","Positive"
"Positive Regulation Of Binding (GO:0051099)","1/91",0.0996271383895574,0.153285936385489,0,0,10.0439393939394,23.1645451099596,"STK3","GO_Biological_Process_2023","Positive"
"Positive Regulation Of Protein Catabolic Process (GO:0045732)","1/92",0.100667298168532,0.153285936385489,0,0,9.93306693306693,22.8056688483342,"RNF41","GO_Biological_Process_2023","Positive"
"Positive Regulation Of Protein Kinase B Signaling (GO:0051897)","1/93",0.10170630850222,0.153285936385489,0,0,9.824604743083,22.4557645074165,"OSM","GO_Biological_Process_2023","Positive"
"Regulation Of Peptidyl-Serine Phosphorylation (GO:0033135)","1/93",0.10170630850222,0.153285936385489,0,0,9.824604743083,22.4557645074165,"OSM","GO_Biological_Process_2023","Positive"
"Regulation Of mRNA Splicing, Via Spliceosome (GO:0048024)","1/94",0.102744170595246,0.153751914862389,0,0,9.71847507331378,22.1145179349674,"RBFOX1","GO_Biological_Process_2023","Positive"
"Phosphatidylinositol Biosynthetic Process (GO:0006661)","1/98",0.106884160764475,0.15882083043172,0,0,9.31583880037488,20.8303053683161,"IP6K2","GO_Biological_Process_2023","Positive"
"Protein Catabolic Process (GO:0030163)","1/102",0.111005875751784,0.163791886598786,0,0,8.94509450945094,19.6628575794324,"RNF41","GO_Biological_Process_2023","Positive"
"Macroautophagy (GO:0016236)","1/104",0.113059904110392,0.164521653567536,0,0,8.77052074139453,19.1183097949485,"STK3","GO_Biological_Process_2023","Positive"
"Positive Regulation Of Inflammatory Response (GO:0050729)","1/104",0.113059904110392,0.164521653567536,0,0,8.77052074139453,19.1183097949485,"OSM","GO_Biological_Process_2023","Positive"
"Response To Calcium Ion (GO:0051592)","1/106",0.115109392544778,0.16635672484211,0,0,8.6025974025974,18.5977175767614,"FGG","GO_Biological_Process_2023","Positive"
"Cell-Matrix Adhesion (GO:0007160)","1/109",0.118175133748824,0.169625532115658,0,0,8.36237373737374,17.8585814135562,"FGG","GO_Biological_Process_2023","Positive"
"Mitotic Sister Chromatid Segregation (GO:0000070)","1/111",0.120213314180467,0.17138519791945,0,0,8.20950413223141,17.3917318535009,"NDC80","GO_Biological_Process_2023","Positive"
"Negative Regulation Of Canonical Wnt Signaling Pathway (GO:0090090)","1/114",0.123262138133037,0.174552423799133,0,0,7.99034593724859,16.7273256762546,"STK3","GO_Biological_Process_2023","Positive"
"Cellular Response To Molecule Of Bacterial Origin (GO:0071219)","1/117",0.126300854531936,0.176728490757385,0,0,7.78252351097179,16.1027297711303,"DEFA5","GO_Biological_Process_2023","Positive"
"Regulation Of Protein Binding (GO:0043393)","1/118",0.127311519408163,0.176728490757385,0,0,7.71561771561772,15.9028007712284,"STK3","GO_Biological_Process_2023","Positive"
"Positive Regulation Of Cell Cycle Process (GO:0090068)","1/118",0.127311519408163,0.176728490757385,0,0,7.71561771561772,15.9028007712284,"NDC80","GO_Biological_Process_2023","Positive"
"Regulation Of Protein Catabolic Process (GO:0042176)","1/122",0.131343007462543,0.17921838054669,0,0,7.45905334335086,15.1414531223254,"RNF41","GO_Biological_Process_2023","Positive"
"Protein Localization To Nucleus (GO:0034504)","1/122",0.131343007462543,0.17921838054669,0,0,7.45905334335086,15.1414531223254,"STK3","GO_Biological_Process_2023","Positive"
"Negative Regulation Of Growth (GO:0045926)","1/124",0.133352065146115,0.17921838054669,0,0,7.3370288248337,14.7823708444845,"IP6K2","GO_Biological_Process_2023","Positive"
"Cellular Response To Lipopolysaccharide (GO:0071222)","1/124",0.133352065146115,0.17921838054669,0,0,7.3370288248337,14.7823708444845,"DEFA5","GO_Biological_Process_2023","Positive"
"Positive Regulation Of Defense Response (GO:0031349)","1/124",0.133352065146115,0.17921838054669,0,0,7.3370288248337,14.7823708444845,"OSM","GO_Biological_Process_2023","Positive"
"Negative Regulation Of Cell Growth (GO:0030308)","1/125",0.134354926532257,0.179423351255103,0,0,7.2774926686217,14.6078947117474,"IP6K2","GO_Biological_Process_2023","Positive"
"Protein-Containing Complex Organization (GO:0043933)","1/126",0.135356677793767,0.179624270531351,0,0,7.21890909090909,14.4366770665603,"FGG","GO_Biological_Process_2023","Positive"
"Protein Homooligomerization (GO:0051260)","1/129",0.138355282907338,0.182456029334052,0,0,7.04865056818182,13.9417401559299,"DEFA5","GO_Biological_Process_2023","Positive"
"Positive Regulation Of Peptidyl-Tyrosine Phosphorylation (GO:0050731)","1/130",0.139352605587623,0.182629812291853,0,0,6.99365750528541,13.7827353318548,"OSM","GO_Biological_Process_2023","Positive"
"Synapse Organization (GO:0050808)","1/131",0.140348824050719,0.182800011572232,0,0,6.93951048951049,13.6265918082892,"C1QC","GO_Biological_Process_2023","Positive"
"Negative Regulation Of Cell Motility (GO:2000146)","1/133",0.142337952953321,0.184253423761661,0,0,6.83367768595041,13.3226038401352,"RNF41","GO_Biological_Process_2023","Positive"
"Antigen Receptor-Mediated Signaling Pathway (GO:0050851)","1/134",0.143330865708043,0.184407394295105,0,0,6.78195488721805,13.1746226822655,"IGHM","GO_Biological_Process_2023","Positive"
"Negative Regulation Of Wnt Signaling Pathway (GO:0030178)","1/140",0.14926529207402,0.190878646227989,0,0,6.48724656638326,12.3389380569873,"STK3","GO_Biological_Process_2023","Positive"
"Negative Regulation Of Protein Metabolic Process (GO:0051248)","1/147",0.15613909305252,0.198465955626999,0,0,6.17403486924035,11.4652324337733,"DNAJC1","GO_Biological_Process_2023","Positive"
"protein-RNA Complex Assembly (GO:0022618)","1/150",0.159068716522922,0.200979037043932,0,0,6.04881025015253,11.1202476352334,"GEMIN7","GO_Biological_Process_2023","Positive"
"Positive Regulation Of Response To External Stimulus (GO:0032103)","1/155",0.163929815349397,0.205888041897159,0,0,5.85094451003542,10.5803618264268,"OSM","GO_Biological_Process_2023","Positive"
"Response To Lipopolysaccharide (GO:0032496)","1/159",0.167799330316109,0.209500939033722,0,0,5.70166858457998,10.1774013136633,"DEFA5","GO_Biological_Process_2023","Positive"
"Negative Regulation Of Cell Migration (GO:0030336)","1/163",0.171651711513334,0.21305006546655,0,0,5.55976430976431,9.7979047482539,"RNF41","GO_Biological_Process_2023","Positive"
"Cell-Cell Adhesion Via Plasma-Membrane Adhesion Molecules (GO:0098742)","1/172",0.180257298735756,0.222422748732425,0,0,5.26475279106858,9.0204695493575,"NECTIN4","GO_Biological_Process_2023","Positive"
"Positive Regulation Of ERK1 And ERK2 Cascade (GO:0070374)","1/179",0.186891343269342,0.22909338583452,0,0,5.05592441266599,8.47993739946253,"FGG","GO_Biological_Process_2023","Positive"
"RNA Splicing, Via Transesterification Reactions With Bulged Adenosine As Nucleophile (GO:0000377)","1/180",0.187834861371431,0.22909338583452,0,0,5.0274250888776,8.40682051258573,"GEMIN7","GO_Biological_Process_2023","Positive"
"Phosphate-Containing Compound Metabolic Process (GO:0006796)","1/184",0.191598472034143,0.232340675857496,0,0,4.91654247391952,8.12386561524014,"IP6K2","GO_Biological_Process_2023","Positive"
"Regulation Of Apoptotic Process (GO:0042981)","2/705",0.193746293468632,0.233602673839322,0,0,2.61112240059608,4.28538907539862,"STK3;IP6K2","GO_Biological_Process_2023","Positive"
"Positive Regulation Of Protein Metabolic Process (GO:0051247)","1/196",0.202789471319089,0.243116923001863,0,0,4.61118881118881,7.35755257669388,"RNF41","GO_Biological_Process_2023","Positive"
"Regulation Of Canonical Wnt Signaling Pathway (GO:0060828)","1/207",0.212917586122392,0.253475243355457,0,0,4.36253309796999,6.74818479269535,"STK3","GO_Biological_Process_2023","Positive"
"Protein Stabilization (GO:0050821)","1/208",0.213832195816452,0.253475243355457,0,0,4.34123847167325,6.69663689356076,"STK3","GO_Biological_Process_2023","Positive"
"mRNA Splicing, Via Spliceosome (GO:0000398)","1/211",0.216569929408784,0.255286341370131,0,0,4.27857142857143,6.54553734774509,"GEMIN7","GO_Biological_Process_2023","Positive"
"mRNA Processing (GO:0006397)","1/214",0.219298542294468,0.255988533818371,0,0,4.21766965428937,6.39955987908919,"GEMIN7","GO_Biological_Process_2023","Positive"
"Regulation Of Cell Population Proliferation (GO:0042127)","2/766",0.219592059815759,0.255988533818371,0,0,2.39503864372974,3.63083961059897,"OSM;RNF41","GO_Biological_Process_2023","Positive"
"Proteasomal Protein Catabolic Process (GO:0010498)","1/220",0.224728521920118,0.260536912775521,0,0,4.10087173100872,6.1220362897499,"RNF41","GO_Biological_Process_2023","Positive"
"Protein Polyubiquitination (GO:0000209)","1/226",0.230122365748309,0.261676471680245,0,0,3.99030303030303,5.86233010047797,"RNF41","GO_Biological_Process_2023","Positive"
"Regulation Of Cell Growth (GO:0001558)","1/227",0.23101784266201,0.261676471680245,0,0,3.97244569589702,5.82066709319262,"IP6K2","GO_Biological_Process_2023","Positive"
"Cellular Response To Lipid (GO:0071396)","1/228",0.231912323242682,0.261676471680245,0,0,3.9547456948338,5.77944912737027,"DEFA5","GO_Biological_Process_2023","Positive"
"Chromatin Remodeling (GO:0006338)","1/228",0.231912323242682,0.261676471680245,0,0,3.9547456948338,5.77944912737027,"MYSM1","GO_Biological_Process_2023","Positive"
"Apoptotic Process (GO:0006915)","1/228",0.231912323242682,0.261676471680245,0,0,3.9547456948338,5.77944912737027,"STK3","GO_Biological_Process_2023","Positive"
"Regulation Of Inflammatory Response (GO:0050727)","1/240",0.242568760363977,0.272244725727655,0,0,3.75389882084443,5.31728529138903,"OSM","GO_Biological_Process_2023","Positive"
"Regulation Of ERK1 And ERK2 Cascade (GO:0070372)","1/244",0.246089371509812,0.274734695177621,0,0,3.69135802469136,5.17550731545339,"FGG","GO_Biological_Process_2023","Positive"
"Positive Regulation Of DNA-binding Transcription Factor Activity (GO:0051091)","1/246",0.247843801992628,0.275237064318128,0,0,3.660853432282,5.10673151758439,"STK3","GO_Biological_Process_2023","Positive"
"Cytokine-Mediated Signaling Pathway (GO:0019221)","1/257",0.257423578567865,0.284378927109003,0,0,3.50159801136364,4.75178190132907,"OSM","GO_Biological_Process_2023","Positive"
"Cellular Component Assembly (GO:0022607)","1/260",0.260015921242021,0.285746663448262,0,0,3.46051246051246,4.6613532441335,"FGG","GO_Biological_Process_2023","Positive"
"Chromatin Organization (GO:0006325)","1/268",0.266886583163356,0.291777559831441,0,0,3.35546475995914,4.43233907503844,"MYSM1","GO_Biological_Process_2023","Positive"
"Positive Regulation Of Transcription By RNA Polymerase II (GO:0045944)","2/938",0.293806862044342,0.319552824182249,0,0,1.93742368742369,2.37301980733484,"OSM;MYSM1","GO_Biological_Process_2023","Positive"
"Protein Transport (GO:0015031)","1/313",0.304411397164468,0.329388742572835,0,0,2.86494755244755,3.40749760338611,"FGG","GO_Biological_Process_2023","Positive"
"Intracellular Protein Transport (GO:0006886)","1/325",0.314103393355286,0.338141918356966,0,0,2.75715488215488,3.19287653009006,"STK3","GO_Biological_Process_2023","Positive"
"Protein-Containing Complex Assembly (GO:0065003)","1/328",0.316506132320809,0.33899895390706,0,0,2.73144286905755,3.14228646254248,"FGG","GO_Biological_Process_2023","Positive"
"Protein Modification By Small Protein Conjugation (GO:0032446)","1/364",0.344718238077903,0.36735125370928,0,0,2.45604808414726,2.6157597256375,"RNF41","GO_Biological_Process_2023","Positive"
"Positive Regulation Of Protein Phosphorylation (GO:0001934)","1/377",0.354629468028658,0.376014159568074,0,0,2.36955996131528,2.45647965421648,"OSM","GO_Biological_Process_2023","Positive"
"Positive Regulation Of Multicellular Organismal Process (GO:0051240)","1/387",0.362155748533974,0.382074314703342,0,0,2.30699481865285,2.34317060857727,"FGG","GO_Biological_Process_2023","Positive"
"Phosphorylation (GO:0016310)","1/429",0.39285924131682,0.410021412608728,0,0,2.07614698385726,1.93975221539038,"STK3","GO_Biological_Process_2023","Positive"
"Nervous System Development (GO:0007399)","1/433",0.395708494284055,0.410021412608728,0,0,2.05650252525253,1.90653714653312,"RBFOX1","GO_Biological_Process_2023","Positive"
"Protein Ubiquitination (GO:0016567)","1/434",0.396418806503225,0.410021412608728,0,0,2.05164812093219,1.89835725051436,"RNF41","GO_Biological_Process_2023","Positive"
"Regulation Of Cell Migration (GO:0030334)","1/434",0.396418806503225,0.410021412608728,0,0,2.05164812093219,1.89835725051436,"RNF41","GO_Biological_Process_2023","Positive"
"Positive Regulation Of DNA-templated Transcription (GO:0045893)","2/1243",0.423058440092667,0.435440638339281,0,0,1.43785733471471,1.23690951565467,"OSM;MYSM1","GO_Biological_Process_2023","Positive"
"Positive Regulation Of Cell Population Proliferation (GO:0008284)","1/483",0.430262332020165,0.440705592506091,0,0,1.83845718596756,1.55048158667884,"OSM","GO_Biological_Process_2023","Positive"
"Protein Phosphorylation (GO:0006468)","1/500",0.441573947641707,0.450106777547827,0,0,1.77427582437602,1.45031041327831,"STK3","GO_Biological_Process_2023","Positive"
"Positive Regulation Of Intracellular Signal Transduction (GO:1902533)","1/525",0.457819214066447,0.46442237580779,0,0,1.68745662734212,1.31837763573805,"OSM","GO_Biological_Process_2023","Positive"
"Positive Regulation Of Cellular Process (GO:0048522)","1/594",0.500344100885141,0.505132082711793,0,0,1.48581940824774,1.02886934179788,"OSM","GO_Biological_Process_2023","Positive"
"Protein Modification Process (GO:0036211)","1/711",0.56525802091368,0.567949725775174,0,0,1.23348271446863,0.703668557306297,"STK3","GO_Biological_Process_2023","Positive"
"Regulation Of Transcription By RNA Polymerase II (GO:0006357)","2/2028",0.692718451422415,0.692718451422415,0,0,0.843839608893903,0.309800217272326,"OSM;MYSM1","GO_Biological_Process_2023","Positive"
"Nuclear Stress Granule (GO:0097165)","1/5",0.00573728911332865,0.109008493153244,0,0,226.965909090909,1171.31850515834,"RBFOX1","GO_Cellular_Component_2023","Positive"
"Endoplasmic Reticulum Tubular Network (GO:0071782)","1/26",0.0294921031126647,0.258749832360578,0,0,36.2763636363636,127.824582690399,"RNF41","GO_Cellular_Component_2023","Positive"
"Secretory Granule Lumen (GO:0034774)","2/316",0.0506249231988338,0.258749832360578,0,0,5.96390658174098,17.7921897222127,"DEFA5;FGG","GO_Cellular_Component_2023","Positive"
"Collagen-Containing Extracellular Matrix (GO:0062023)","2/373",0.0678586584859227,0.258749832360578,0,0,5.03298677961751,13.5403867097082,"FGG;C1QC","GO_Cellular_Component_2023","Positive"
"Platelet Alpha Granule Lumen (GO:0031093)","1/66",0.0732460002885256,0.258749832360578,0,0,13.9244755244755,36.397627090159,"FGG","GO_Cellular_Component_2023","Positive"
"Cytoplasmic Stress Granule (GO:0010494)","1/76",0.0838859790374924,0.258749832360578,0,0,12.0618181818182,29.8927653375453,"RBFOX1","GO_Cellular_Component_2023","Positive"
"Platelet Alpha Granule (GO:0031091)","1/89",0.0975433655997771,0.258749832360578,0,0,10.2732438016529,23.9105457782376,"FGG","GO_Cellular_Component_2023","Positive"
"Golgi Lumen (GO:0005796)","1/100",0.108947297836033,0.258749832360578,0,0,9.1267217630854,20.2329475165344,"DEFA5","GO_Cellular_Component_2023","Positive"
"Cytoplasmic Vesicle Lumen (GO:0060205)","1/115",0.124276165084217,0.262360792955568,0,0,7.91985645933014,16.5148731737652,"DEFA5","GO_Cellular_Component_2023","Positive"
"Adherens Junction (GO:0005912)","1/150",0.159068716522922,0.302230561393552,0,0,6.04881025015253,11.1202476352334,"NECTIN4","GO_Cellular_Component_2023","Positive"
"trans-Golgi Network (GO:0005802)","1/241",0.243450384534647,0.397559372905665,0,0,3.73806818181818,5.28130016286462,"RBFOX1","GO_Cellular_Component_2023","Positive"
"Intracellular Organelle Lumen (GO:0070013)","2/856",0.258302636431329,0.397559372905665,0,0,2.13259730121557,2.88673355014901,"DEFA5;FGG","GO_Cellular_Component_2023","Positive"
"Endoplasmic Reticulum Lumen (GO:0005788)","1/284",0.280445291803672,0.397559372905665,0,0,3.16318663668487,4.02160150666205,"FGG","GO_Cellular_Component_2023","Positive"
"Cell-Cell Junction (GO:0005911)","1/299",0.292938485298911,0.397559372905665,0,0,3.00167785234899,3.68543797414219,"NECTIN4","GO_Cellular_Component_2023","Positive"
"Intracellular Membrane-Bounded Organelle (GO:0043231)","6/5175",0.57000456630396,0.646624088462795,0,0,1.01109555836264,0.568347841502343,"RBFOX1;DEFA5;MYSM1;NDC80;STK3;IP6K2","GO_Cellular_Component_2023","Positive"
"Nucleolus (GO:0005730)","1/771",0.595336005093604,0.646624088462795,0,0,1.13382526564345,0.588035024687982,"MYSM1","GO_Cellular_Component_2023","Positive"
"Nuclear Lumen (GO:0031981)","1/780",0.59967231006445,0.646624088462795,0,0,1.12020072353834,0.57283919797684,"MYSM1","GO_Cellular_Component_2023","Positive"
"Nucleus (GO:0005634)","5/4487",0.612591241701596,0.646624088462795,0,0,0.960322772571769,0.470613263430984,"RBFOX1;MYSM1;NDC80;STK3;IP6K2","GO_Cellular_Component_2023","Positive"
"Intracellular Non-Membrane-Bounded Organelle (GO:0043232)","1/1195",0.757758105991395,0.757758105991395,0,0,0.715052535404294,0.198349184793829,"MYSM1","GO_Cellular_Component_2023","Positive"
"Protein Tyrosine Kinase Binding (GO:1990782)","2/85",0.00426169712968506,0.106919805366853,0,0,22.8273092369478,124.593458299227,"CEACAM7;RNF41","GO_Molecular_Function_2023","Positive"
"Immunoglobulin Receptor Binding (GO:0034987)","1/7",0.00802338980417862,0.106919805366853,0,0,151.295454545455,730.06022058339,"IGHM","GO_Molecular_Function_2023","Positive"
"Metal-Dependent Deubiquitinase Activity (GO:0140492)","1/8",0.00916455474573022,0.106919805366853,0,0,129.675324675325,608.490047133173,"MYSM1","GO_Molecular_Function_2023","Positive"
"Peptidoglycan Binding (GO:0042834)","1/15",0.01711763141868,0.14977927491345,0,0,64.8149350649351,263.64422882818,"IGHM","GO_Molecular_Function_2023","Positive"
"Phosphotransferase Activity, Phosphate Group As Acceptor (GO:0016776)","1/20",0.0227609834903901,0.159326884432731,0,0,47.7464114832536,180.610706872738,"IP6K2","GO_Molecular_Function_2023","Positive"
"Protein Serine/Threonine Kinase Activator Activity (GO:0043539)","1/56",0.0624878802572221,0.285242972280523,0,0,16.4644628099174,45.6523769349805,"STK3","GO_Molecular_Function_2023","Positive"
"Receptor Tyrosine Kinase Binding (GO:0030971)","1/59",0.0657277952904182,0.285242972280523,0,0,15.6105015673981,42.4954284324617,"RNF41","GO_Molecular_Function_2023","Positive"
"Phosphotransferase Activity, Alcohol Group As Acceptor (GO:0016773)","1/77",0.0849435269348038,0.285242972280523,0,0,11.9025119617225,29.3488406407707,"IP6K2","GO_Molecular_Function_2023","Positive"
"Growth Factor Activity (GO:0008083)","1/85",0.0933619730924318,0.285242972280523,0,0,10.7646103896104,25.5258101331122,"OSM","GO_Molecular_Function_2023","Positive"
"Protein Kinase Activator Activity (GO:0030295)","1/88",0.0964997501676387,0.285242972280523,0,0,10.3918495297806,24.2983769890205,"STK3","GO_Molecular_Function_2023","Positive"
"Single-Stranded DNA Binding (GO:0003697)","1/96",0.104816454902684,0.285242972280523,0,0,9.51291866028708,21.4568114296548,"IGHM","GO_Molecular_Function_2023","Positive"
"Cytokine Receptor Binding (GO:0005126)","1/100",0.108947297836033,0.285242972280523,0,0,9.1267217630854,20.2329475165344,"OSM","GO_Molecular_Function_2023","Positive"
"Kinase Activity (GO:0016301)","1/106",0.115109392544778,0.285242972280523,0,0,8.6025974025974,18.5977175767614,"IP6K2","GO_Molecular_Function_2023","Positive"
"Metal Ion Binding (GO:0046872)","2/521",0.119756051336926,0.285242972280523,0,0,3.57060280759703,7.57788502151743,"REG4;STK3","GO_Molecular_Function_2023","Positive"
"Deubiquitinase Activity (GO:0101005)","1/113",0.122246988120224,0.285242972280523,0,0,8.06209415584416,16.9441983231749,"MYSM1","GO_Molecular_Function_2023","Positive"
"Metallopeptidase Activity (GO:0008237)","1/124",0.133352065146115,0.291707642507127,0,0,7.3370288248337,14.7823708444845,"MYSM1","GO_Molecular_Function_2023","Positive"
"Magnesium Ion Binding (GO:0000287)","1/155",0.163929815349397,0.337502561013464,0,0,5.85094451003542,10.5803618264268,"STK3","GO_Molecular_Function_2023","Positive"
"Cytokine Activity (GO:0005125)","1/178",0.185946776731365,0.361563176977654,0,0,5.08474576271186,8.55404131943519,"OSM","GO_Molecular_Function_2023","Positive"
"Small GTPase Binding (GO:0031267)","1/199",0.205563979502003,0.378670488556321,0,0,4.54063360881543,7.1832730959217,"RNF41","GO_Molecular_Function_2023","Positive"
"GTPase Binding (GO:0051020)","1/225",0.229225891449228,0.399186306371722,0,0,4.00831980519481,5.90444481121249,"RNF41","GO_Molecular_Function_2023","Positive"
"Ubiquitin-Like Protein Transferase Activity (GO:0019787)","1/240",0.242568760363977,0.399186306371722,0,0,3.75389882084443,5.31728529138903,"RNF41","GO_Molecular_Function_2023","Positive"
"ATP Binding (GO:0005524)","1/279",0.276234175118071,0.399186306371722,0,0,3.22089601046436,4.14370304914773,"STK3","GO_Molecular_Function_2023","Positive"
"mRNA Binding (GO:0003729)","1/282",0.278763665193844,0.399186306371722,0,0,3.18602394047234,4.06979809799815,"RBFOX1","GO_Molecular_Function_2023","Positive"
"Adenyl Ribonucleotide Binding (GO:0032559)","1/309",0.301151721952042,0.399186306371722,0,0,2.90274498229044,3.48370350261819,"STK3","GO_Molecular_Function_2023","Positive"
"Ubiquitin Protein Ligase Activity (GO:0061630)","1/311",0.302783381724688,0.399186306371722,0,0,2.88372434017595,3.44529401531398,"RNF41","GO_Molecular_Function_2023","Positive"
"Receptor Ligand Activity (GO:0048018)","1/319",0.309273655276435,0.399186306371722,0,0,2.81003430531732,3.29765612510153,"OSM","GO_Molecular_Function_2023","Positive"
"Ubiquitin-Like Protein Ligase Activity (GO:0061659)","1/319",0.309273655276435,0.399186306371722,0,0,2.81003430531732,3.29765612510153,"RNF41","GO_Molecular_Function_2023","Positive"
"Protein Serine/Threonine Kinase Activity (GO:0004674)","1/342",0.327612861232767,0.399186306371722,0,0,2.61743535057318,2.92085544187951,"STK3","GO_Molecular_Function_2023","Positive"
"Calcium Ion Binding (GO:0005509)","1/346",0.33075436813657,0.399186306371722,0,0,2.58656126482213,2.86171776220506,"REG4","GO_Molecular_Function_2023","Positive"
"Ubiquitin-Protein Transferase Activity (GO:0004842)","1/412",0.38060591551921,0.444040234772411,0,0,2.16390179163902,2.09030918306734,"RNF41","GO_Molecular_Function_2023","Positive"
"Purine Ribonucleoside Triphosphate Binding (GO:0035639)","1/476",0.425541189544907,0.480449730131347,0,0,1.86622009569378,1.59448638084646,"STK3","GO_Molecular_Function_2023","Positive"
"Protein Kinase Binding (GO:0019901)","1/511",0.448778412759014,0.490851388955172,0,0,1.73502673796791,1.39014857799435,"CEACAM7","GO_Molecular_Function_2023","Positive"
"Protein Homodimerization Activity (GO:0042803)","1/662",0.539119491492587,0.571793400067895,0,0,1.32829046898638,0.820641816174785,"DEFA5","GO_Molecular_Function_2023","Positive"
"DNA Binding (GO:0003677)","1/846",0.630140890076551,0.648674445667038,0,0,1.02915545992469,0.475276186429509,"IGHM","GO_Molecular_Function_2023","Positive"
"RNA Binding (GO:0003723)","1/1411",0.814311944984201,0.814311944984201,0,0,0.598549323017408,0.122949070842589,"RBFOX1","GO_Molecular_Function_2023","Positive"
"Staphylococcus aureus infection","3/95",0.00017161069775851,0.00411865674620424,0,0,32.4211956521739,281.100910106145,"DEFA5;FGG;C1QC","KEGG_2021_Human","Positive"
"Complement and coagulation cascades","2/85",0.00426169712968506,0.0511403655562207,0,0,22.8273092369478,124.593458299227,"FGG;C1QC","KEGG_2021_Human","Positive"
"JAK-STAT signaling pathway","2/162",0.0147555359305579,0.118044287444463,0,0,11.7958333333333,49.7328487642658,"OSM;IL20RB","KEGG_2021_Human","Positive"
"Coronavirus disease","2/232",0.0288830263960938,0.173298158376563,0,0,8.1768115942029,28.9827183307107,"FGG;C1QC","KEGG_2021_Human","Positive"
"Cytokine-cytokine receptor interaction","2/295",0.0447526363700854,0.193294577896526,0,0,6.39817974971559,19.8766167067769,"OSM;IL20RB","KEGG_2021_Human","Positive"
"Fat digestion and absorption","1/43",0.0483236444741316,0.193294577896526,0,0,21.5746753246753,65.3676914067237,"CLPS","KEGG_2021_Human","Positive"
"Adherens junction","1/71",0.0785806796212511,0.238890847788561,0,0,12.9266233766234,32.8805394717248,"NECTIN4","KEGG_2021_Human","Positive"
"Pertussis","1/76",0.0838859790374924,0.238890847788561,0,0,12.0618181818182,29.8927653375453,"C1QC","KEGG_2021_Human","Positive"
"Phosphatidylinositol signaling system","1/97",0.105850879528965,0.238890847788561,0,0,9.41335227272727,21.1397908579509,"IP6K2","KEGG_2021_Human","Positive"
"Viral protein interaction with cytokine and cytokine receptor","1/100",0.108947297836033,0.238890847788561,0,0,9.1267217630854,20.2329475165344,"IL20RB","KEGG_2021_Human","Positive"
"Chagas disease","1/102",0.111005875751784,0.238890847788561,0,0,8.94509450945094,19.6628575794324,"C1QC","KEGG_2021_Human","Positive"
"Platelet activation","1/124",0.133352065146115,0.238890847788561,0,0,7.3370288248337,14.7823708444845,"FGG","KEGG_2021_Human","Positive"
"Systemic lupus erythematosus","1/135",0.144322678920115,0.238890847788561,0,0,6.73100407055631,13.0292292180674,"C1QC","KEGG_2021_Human","Positive"
"Gastric cancer","1/149",0.158093257992203,0.238890847788561,0,0,6.08998771498772,11.2334097333281,"REG4","KEGG_2021_Human","Positive"
"Hippo signaling pathway","1/163",0.171651711513334,0.238890847788561,0,0,5.55976430976431,9.7979047482539,"STK3","KEGG_2021_Human","Positive"
"Protein processing in endoplasmic reticulum","1/171",0.179305362191695,0.238890847788561,0,0,5.29598930481283,9.10203141916599,"DNAJC1","KEGG_2021_Human","Positive"
"NOD-like receptor signaling pathway","1/181",0.18877733220113,0.238890847788561,0,0,4.99924242424242,8.33467245433767,"DEFA5","KEGG_2021_Human","Positive"
"RNA transport","1/186",0.193474015760555,0.238890847788561,0,0,4.86289926289926,7.98785698068857,"GEMIN7","KEGG_2021_Human","Positive"
"Neutrophil extracellular trap formation","1/189",0.196279529187069,0.238890847788561,0,0,4.78457446808511,7.79031814928644,"FGG","KEGG_2021_Human","Positive"
"Transcriptional misregulation in cancer","1/192",0.199075706490468,0.238890847788561,0,0,4.70871013802951,7.60018820559212,"DEFA5","KEGG_2021_Human","Positive"
"Endocytosis","1/252",0.253083692809402,0.289238506067888,0,0,3.57225642883013,4.90840551700642,"RNF41","KEGG_2021_Human","Positive"
"Prion disease","1/273",0.271149714792557,0.295799688864608,0,0,3.29294786096257,4.29757408494553,"C1QC","KEGG_2021_Human","Positive"
"MAPK signaling pathway","1/294",0.288797322594514,0.30135372792471,0,0,3.05367669872789,3.79275850618927,"STK3","KEGG_2021_Human","Positive"
"PI3K-Akt signaling pathway","1/354",0.336995314864433,0.336995314864433,0,0,2.52691218130312,2.74848763760797,"OSM","KEGG_2021_Human","Positive"
"MECP2 Regulates Transcription Factors R-HSA-9022707","1/5",0.00573728911332865,0.16313408095995,0,0,226.965909090909,1171.31850515834,"RBFOX1","Reactome_2022","Positive"
"Classical Antibody-Mediated Complement Activation R-HSA-173623","1/6",0.00688096832442016,0.16313408095995,0,0,181.563636363636,904.004599611462,"C1QC","Reactome_2022","Positive"
"Digestion Of Dietary Lipid R-HSA-192456","1/7",0.00802338980417862,0.16313408095995,0,0,151.295454545455,730.06022058339,"CLPS","Reactome_2022","Positive"
"Nectin/Necl Trans Heterodimerization R-HSA-420597","1/7",0.00802338980417862,0.16313408095995,0,0,151.295454545455,730.06022058339,"NECTIN4","Reactome_2022","Positive"
"Alpha-defensins R-HSA-1462054","1/8",0.00916455474573022,0.16313408095995,0,0,129.675324675325,608.490047133173,"DEFA5","Reactome_2022","Positive"
"Downregulation Of ERBB2:ERBB3 Signaling R-HSA-1358803","1/13",0.0148515749863377,0.16313408095995,0,0,75.625,318.354732825143,"RNF41","Reactome_2022","Positive"
"Creation Of C4 And C2 Activators R-HSA-166786","1/14",0.015985227036696,0.16313408095995,0,0,69.8041958041958,288.716456708675,"C1QC","Reactome_2022","Positive"
"p130Cas Linkage To MAPK Signaling For Integrins R-HSA-372708","1/15",0.01711763141868,0.16313408095995,0,0,64.8149350649351,263.64422882818,"FGG","Reactome_2022","Positive"
"GRB2:SOS Provides Linkage To MAPK Signaling For Integrins R-HSA-354194","1/15",0.01711763141868,0.16313408095995,0,0,64.8149350649351,263.64422882818,"FGG","Reactome_2022","Positive"
"MyD88 Deficiency (TLR2/4) R-HSA-5602498","1/17",0.0193787023349684,0.16313408095995,0,0,56.7073863636364,223.630150653724,"FGG","Reactome_2022","Positive"
"Immune System R-HSA-168256","6/1943",0.0197885895762956,0.16313408095995,0,0,3.28707218561147,12.8940330232798,"DEFA5;FGG;IL20RB;RNF41;C1QC;IP6K2","Reactome_2022","Positive"
"Regulation Of TLR By Endogenous Ligand R-HSA-5686938","1/18",0.0205073714570784,0.16313408095995,0,0,53.3689839572192,207.443686227371,"FGG","Reactome_2022","Positive"
"IRAK4 Deficiency (TLR2/4) R-HSA-5603041","1/18",0.0205073714570784,0.16313408095995,0,0,53.3689839572192,207.443686227371,"FGG","Reactome_2022","Positive"
"Initial Triggering Of Complement R-HSA-166663","1/21",0.0238859289927227,0.16313408095995,0,0,45.3568181818182,169.383483507259,"C1QC","Reactome_2022","Positive"
"Common Pathway Of Fibrin Clot Formation R-HSA-140875","1/22",0.0250096358786987,0.16313408095995,0,0,43.1948051948052,159.323783819131,"FGG","Reactome_2022","Positive"
"Digestion R-HSA-8935690","1/23",0.0261321054395983,0.16313408095995,0,0,41.2293388429752,150.264061909767,"CLPS","Reactome_2022","Positive"
"Interleukin-20 Family Signaling R-HSA-8854691","1/26",0.0294921031126647,0.16313408095995,0,0,36.2763636363636,127.824582690399,"IL20RB","Reactome_2022","Positive"
"Integrin Signaling R-HSA-354192","1/27",0.0306096363049702,0.16313408095995,0,0,34.8793706293706,121.604847156372,"FGG","Reactome_2022","Positive"
"Digestion And Absorption R-HSA-8963743","1/28",0.0317259386336052,0.16313408095995,0,0,33.5858585858586,115.892058167056,"CLPS","Reactome_2022","Positive"
"Adherens Junctions Interactions R-HSA-418990","1/29",0.0328410113902878,0.16313408095995,0,0,32.3847402597403,110.628772743736,"NECTIN4","Reactome_2022","Positive"
"Downregulation Of ERBB2 Signaling R-HSA-8863795","1/29",0.0328410113902878,0.16313408095995,0,0,32.3847402597403,110.628772743736,"RNF41","Reactome_2022","Positive"
"Metalloprotease DUBs R-HSA-5689901","1/31",0.0350674733320937,0.16313408095995,0,0,30.2227272727273,101.260681469549,"MYSM1","Reactome_2022","Positive"
"Diseases Associated With TLR Signaling Cascade R-HSA-5602358","1/31",0.0350674733320937,0.16313408095995,0,0,30.2227272727273,101.260681469549,"FGG","Reactome_2022","Positive"
"Signaling By High-Kinase Activity BRAF Mutants R-HSA-6802948","1/33",0.0372890324289426,0.16313408095995,0,0,28.3309659090909,93.1821343249523,"FGG","Reactome_2022","Positive"
"Platelet Aggregation (Plug Formation) R-HSA-76009","1/36",0.0406122007207396,0.16313408095995,0,0,25.8987012987013,82.9713261191909,"FGG","Reactome_2022","Positive"
"Formation Of Fibrin Clot (Clotting Cascade) R-HSA-140877","1/37",0.0417174831924768,0.16313408095995,0,0,25.1780303030303,79.986447314411,"FGG","Reactome_2022","Positive"
"MAP2K And MAPK Activation R-HSA-5674135","1/37",0.0417174831924768,0.16313408095995,0,0,25.1780303030303,79.986447314411,"FGG","Reactome_2022","Positive"
"Signaling By RAF1 Mutants R-HSA-9656223","1/38",0.0428215476525957,0.16313408095995,0,0,24.4963144963145,77.1808774372472,"FGG","Reactome_2022","Positive"
"Paradoxical Activation Of RAF Signaling By Kinase Inactive BRAF R-HSA-6802955","1/41",0.0461264457320206,0.16313408095995,0,0,22.6556818181818,69.6972334432732,"FGG","Reactome_2022","Positive"
"Retinoid Metabolism And Transport R-HSA-975634","1/43",0.0483236444741316,0.16313408095995,0,0,21.5746753246753,65.3676914067237,"CLPS","Reactome_2022","Positive"
"Defensins R-HSA-1461973","1/43",0.0483236444741316,0.16313408095995,0,0,21.5746753246753,65.3676914067237,"DEFA5","Reactome_2022","Positive"
"Regulation Of Complement Cascade R-HSA-977606","1/45",0.0505160017943274,0.16313408095995,0,0,20.5919421487603,61.4765251551077,"C1QC","Reactome_2022","Positive"
"Metabolism Of Fat-Soluble Vitamins R-HSA-6806667","1/47",0.0527035278621339,0.16313408095995,0,0,19.6946640316206,57.9628316575578,"CLPS","Reactome_2022","Positive"
"SARS-CoV-2 Modulates Host Translation Machinery R-HSA-9754678","1/47",0.0527035278621339,0.16313408095995,0,0,19.6946640316206,57.9628316575578,"GEMIN7","Reactome_2022","Positive"
"Inositol Phosphate Metabolism R-HSA-1483249","1/48",0.0537954823572278,0.16313408095995,0,0,19.2746615087041,56.331466269691,"IP6K2","Reactome_2022","Positive"
"Signaling By ERBB2 R-HSA-1227986","1/49",0.0548862328463383,0.16313408095995,0,0,18.8721590909091,54.7763045558682,"RNF41","Reactome_2022","Positive"
"Metabolism Of Non-Coding RNA R-HSA-194441","1/52",0.0581512729120792,0.168167194637634,0,0,17.7593582887701,50.5201798987898,"GEMIN7","Reactome_2022","Positive"
"Complement Cascade R-HSA-166658","1/55",0.0614055224333898,0.172827305454907,0,0,16.770202020202,46.7931485229585,"C1QC","Reactome_2022","Positive"
"tRNA Processing In Nucleus R-HSA-6784531","1/57",0.063569044167743,0.172827305454907,0,0,16.1696428571429,44.5575311828709,"TSEN15","Reactome_2022","Positive"
"Transcriptional Regulation By MECP2 R-HSA-8986944","1/60",0.0668053849974009,0.172827305454907,0,0,15.3451463790447,41.523530114707,"RBFOX1","Reactome_2022","Positive"
"Cell-cell Junction Organization R-HSA-421270","1/61",0.0678817858220215,0.172827305454907,0,0,15.0886363636364,40.5882436696284,"NECTIN4","Reactome_2022","Positive"
"Signaling By BRAF And RAF1 Fusions R-HSA-6802952","1/62",0.0689569990042959,0.172827305454907,0,0,14.8405365126677,39.6876338058496,"FGG","Reactome_2022","Positive"
"Class I MHC Mediated Antigen Processing And Presentation R-HSA-983169","2/378",0.0694539638744018,0.172827305454907,0,0,4.96479229989868,13.24155353606,"FGG;RNF41","Reactome_2022","Positive"
"Integrin Cell Surface Interactions R-HSA-216083","1/66",0.0732460002885256,0.178120955247096,0,0,13.9244755244755,36.397627090159,"FGG","Reactome_2022","Positive"
"Interferon Alpha/Beta Signaling R-HSA-909733","1/72",0.0796440849468237,0.189375935318003,0,0,12.7439180537772,32.244502268369,"IP6K2","Reactome_2022","Positive"
"Oncogenic MAPK Signaling R-HSA-6802957","1/78",0.0859999070425244,0.200043262033698,0,0,11.7473435655254,28.8210391772366,"FGG","Reactome_2022","Positive"
"Cell Junction Organization R-HSA-446728","1/86",0.0944090551290999,0.212356982798124,0,0,10.6374331550802,25.1056005208663,"NECTIN4","Reactome_2022","Positive"
"Antimicrobial Peptides R-HSA-6803157","1/89",0.0975433655997771,0.212356982798124,0,0,10.2732438016529,23.9105457782376,"DEFA5","Reactome_2022","Positive"
"ER-Phagosome Pathway R-HSA-1236974","1/89",0.0975433655997771,0.212356982798124,0,0,10.2732438016529,23.9105457782376,"FGG","Reactome_2022","Positive"
"Post-translational Modification: Synthesis Of GPI-anchored Proteins R-HSA-163125","1/92",0.100667298168532,0.212356982798124,0,0,9.93306693306693,22.8056688483342,"CEACAM7","Reactome_2022","Positive"
"Unattached Kinetochores Signal Amplification Via A MAD2 Inhibitory Signal R-HSA-141444","1/93",0.10170630850222,0.212356982798124,0,0,9.824604743083,22.4557645074165,"NDC80","Reactome_2022","Positive"
"EML4 And NUDC In Mitotic Spindle Formation R-HSA-9648025","1/97",0.105850879528965,0.212356982798124,0,0,9.41335227272727,21.1397908579509,"NDC80","Reactome_2022","Positive"
"Visual Phototransduction R-HSA-2187338","1/98",0.106884160764475,0.212356982798124,0,0,9.31583880037488,20.8303053683161,"CLPS","Reactome_2022","Positive"
"Antigen processing-Cross Presentation R-HSA-1236975","1/104",0.113059904110392,0.212356982798124,0,0,8.77052074139453,19.1183097949485,"FGG","Reactome_2022","Positive"
"Innate Immune System R-HSA-168249","3/1035",0.113536789788697,0.212356982798124,0,0,2.75363372093023,5.99088360384781,"DEFA5;FGG;C1QC","Reactome_2022","Positive"
"tRNA Processing R-HSA-72306","1/105",0.114085215222488,0.212356982798124,0,0,8.68575174825175,18.8551133467344,"TSEN15","Reactome_2022","Positive"
"Resolution Of Sister Chromatid Cohesion R-HSA-2500257","1/106",0.115109392544778,0.212356982798124,0,0,8.6025974025974,18.5977175767614,"NDC80","Reactome_2022","Positive"
"Post-translational Protein Phosphorylation R-HSA-8957275","1/106",0.115109392544778,0.212356982798124,0,0,8.6025974025974,18.5977175767614,"FGG","Reactome_2022","Positive"
"Mitotic Spindle Checkpoint R-HSA-69618","1/110",0.119194787883399,0.216166818703791,0,0,8.28523769808174,17.6226695234356,"NDC80","Reactome_2022","Positive"
"MyD88:MAL(TIRAP) Cascade Initiated On Plasma Membrane R-HSA-166058","1/112",0.121230713879095,0.216194773084387,0,0,8.13513513513514,17.1656218001274,"FGG","Reactome_2022","Positive"
"RHO GTPases Activate Formins R-HSA-5663220","1/119",0.128321065952231,0.223197677487448,0,0,7.64984591679507,15.7068153168513,"NDC80","Reactome_2022","Positive"
"Cell-Cell Communication R-HSA-1500931","1/120",0.129329495366559,0.223197677487448,0,0,7.585179526356,15.5146647895607,"NECTIN4","Reactome_2022","Positive"
"Regulation Of IGF Transport And Uptake By IGFBPs R-HSA-381426","1/123",0.132348092527111,0.224624642796117,0,0,7.39754098360656,14.9601933269046,"FGG","Reactome_2022","Positive"
"Platelet Degranulation R-HSA-114608","1/125",0.134354926532257,0.224624642796117,0,0,7.2774926686217,14.6078947117474,"FGG","Reactome_2022","Positive"
"Response To Elevated Platelet Cytosolic Ca2+ R-HSA-76005","1/130",0.139352605587623,0.229395827659625,0,0,6.99365750528541,13.7827353318548,"FGG","Reactome_2022","Positive"
"Toll Like Receptor 4 (TLR4) Cascade R-HSA-166016","1/140",0.14926529207402,0.241990700786669,0,0,6.48724656638326,12.3389380569873,"FGG","Reactome_2022","Positive"
"Toll-like Receptor Cascades R-HSA-168898","1/162",0.170690218562696,0.272594826659828,0,0,5.59457933370977,9.89068451256785,"FGG","Reactome_2022","Positive"
"Metabolism Of RNA R-HSA-8953854","2/666",0.177481530427216,0.276575411700468,0,0,2.77008032128514,4.78916064703538,"TSEN15;GEMIN7","Reactome_2022","Positive"
"Separation Of Sister Chromatids R-HSA-2467813","1/170",0.178352368292825,0.276575411700468,0,0,5.32759548144164,9.18474311517742,"NDC80","Reactome_2022","Positive"
"Cytokine Signaling In Immune System R-HSA-1280215","2/702",0.192487028397822,0.287523884533047,0,0,2.62272108843537,4.32152707223214,"IL20RB;IP6K2","Reactome_2022","Positive"
"Metabolism Of Vitamins And Cofactors R-HSA-196854","1/186",0.193474015760555,0.287523884533047,0,0,4.86289926289926,7.98785698068857,"CLPS","Reactome_2022","Positive"
"Mitotic Prometaphase R-HSA-68877","1/186",0.193474015760555,0.287523884533047,0,0,4.86289926289926,7.98785698068857,"NDC80","Reactome_2022","Positive"
"SARS-CoV-2-host Interactions R-HSA-9705683","1/196",0.202789471319089,0.294587779481171,0,0,4.61118881118881,7.35755257669388,"GEMIN7","Reactome_2022","Positive"
"Adaptive Immune System R-HSA-1280218","2/733",0.205556730241435,0.294587779481171,0,0,2.50745879747248,3.966883124345,"FGG;RNF41","Reactome_2022","Positive"
"Interferon Signaling R-HSA-913531","1/200",0.206486761318578,0.294587779481171,0,0,4.51758793969849,7.12658071179768,"IP6K2","Reactome_2022","Positive"
"Post-translational Protein Modification R-HSA-597592","3/1383",0.210113474811578,0.295817655326827,0,0,2.02141304347826,3.15362172645893,"CEACAM7;FGG;MYSM1","Reactome_2022","Positive"
"Mitotic Anaphase R-HSA-68882","1/232",0.235480303352306,0.324250904362217,0,0,3.88547815820543,5.61889878358746,"NDC80","Reactome_2022","Positive"
"Mitotic Metaphase And Anaphase R-HSA-2555396","1/233",0.236369818133205,0.324250904362217,0,0,3.86853448275862,5.57981040016822,"NDC80","Reactome_2022","Positive"
"Platelet Activation, Signaling And Aggregation R-HSA-76002","1/254",0.254822550500305,0.345139403842185,0,0,3.54365792310456,4.84484607988783,"FGG","Reactome_2022","Positive"
"RHO GTPase Effectors R-HSA-195258","1/269",0.267741113048966,0.351595887239085,0,0,3.34277476255088,4.40489050425136,"NDC80","Reactome_2022","Positive"
"RAF/MAP Kinase Cascade R-HSA-5673001","1/271",0.269447315454252,0.351595887239085,0,0,3.31767676767677,4.35074291442076,"FGG","Reactome_2022","Positive"
"Cell Cycle Checkpoints R-HSA-69620","1/271",0.269447315454252,0.351595887239085,0,0,3.31767676767677,4.35074291442076,"NDC80","Reactome_2022","Positive"
"MAPK1/MAPK3 Signaling R-HSA-5684996","1/277",0.274543136573098,0.351869723067066,0,0,3.2445652173913,4.19407711947046,"FGG","Reactome_2022","Positive"
"Deubiquitination R-HSA-5688426","1/279",0.276234175118071,0.351869723067066,0,0,3.22089601046436,4.14370304914773,"MYSM1","Reactome_2022","Positive"
"SARS-CoV-2 Infection R-HSA-9694516","1/283",0.279604947834416,0.351973287273912,0,0,3.17456479690522,4.04559418013733,"GEMIN7","Reactome_2022","Positive"
"Extracellular Matrix Organization R-HSA-1474244","1/291",0.286301499873748,0.356212331238268,0,0,3.08573667711599,3.85936118891506,"FGG","Reactome_2022","Positive"
"Antigen Processing: Ubiquitination And Proteasome Degradation R-HSA-983168","1/307",0.299516410051951,0.368370757190331,0,0,2.92201426024955,3.52273969269221,"RNF41","Reactome_2022","Positive"
"MAPK Family Signaling Cascades R-HSA-5683057","1/318",0.308465542878452,0.375066057818118,0,0,2.81904215658159,3.31560271592642,"FGG","Reactome_2022","Positive"
"SARS-CoV Infections R-HSA-9679506","1/369",0.348547357679045,0.419040081704021,0,0,2.42206027667984,2.55280591931717,"GEMIN7","Reactome_2022","Positive"
"M Phase R-HSA-68886","1/380",0.356896225568692,0.424309957065001,0,0,2.35044375149916,2.42168622843794,"NDC80","Reactome_2022","Positive"
"Metabolism Of Proteins R-HSA-392499","3/1890",0.372352300777192,0.437820837177578,0,0,1.43799682034976,1.42061838111437,"CEACAM7;FGG;MYSM1","Reactome_2022","Positive"
"Diseases Of Signal Transduction By Growth Factor Receptors And Second Messengers R-HSA-5663202","1/424",0.389279601740852,0.452749102024686,0,0,2.10122501611863,1.98241633887876,"FGG","Reactome_2022","Positive"
"Signaling By Interleukins R-HSA-449147","1/453",0.409763964073289,0.471448861890773,0,0,1.96349557522124,1.75177966685507,"IL20RB","Reactome_2022","Positive"
"Signaling By Receptor Tyrosine Kinases R-HSA-9006934","1/496",0.438931879963999,0.499635225065403,0,0,1.78898071625344,1.47306648798212,"RNF41","Reactome_2022","Positive"
"Cell Cycle, Mitotic R-HSA-69278","1/523",0.456536411048121,0.514204168233147,0,0,1.69409613375131,1.32831845163542,"NDC80","Reactome_2022","Positive"
"Hemostasis R-HSA-109582","1/576",0.489569022287314,0.545665472757735,0,0,1.53375494071146,1.09545351715751,"FGG","Reactome_2022","Positive"
"Sensory Perception R-HSA-9709957","1/616",0.513218327842588,0.566127433805741,0,0,1.4310421286031,0.954582281622779,"CLPS","Reactome_2022","Positive"
"Signaling By Rho GTPases R-HSA-194315","1/644",0.529145278438845,0.575682798970223,0,0,1.36674678354305,0.869923744182714,"NDC80","Reactome_2022","Positive"
"Cell Cycle R-HSA-1640170","1/654",0.534711717235115,0.575682798970223,0,0,1.3451204232215,0.842082407500496,"NDC80","Reactome_2022","Positive"
"Signaling By Rho GTPases, Miro GTPases And RHOBTB3 R-HSA-9716542","1/660",0.538021307448806,0.575682798970223,0,0,1.33245964960684,0.825934593834387,"NDC80","Reactome_2022","Positive"
"Signal Transduction R-HSA-162582","3/2465",0.551891259812586,0.584676879207393,0,0,1.06712022745735,0.634300793343571,"FGG;NDC80;RNF41","Reactome_2022","Positive"
"Disease R-HSA-1643685","2/1736",0.605432848303191,0.635110929102367,0,0,1.00197726149283,0.502803837826889,"FGG;GEMIN7","Reactome_2022","Positive"
"Infectious Disease R-HSA-5663205","1/961",0.678005218982916,0.704335518749243,0,0,0.900426136363636,0.349905860826765,"GEMIN7","Reactome_2022","Positive"
"Metabolism R-HSA-1430728","2/2049",0.698383994970901,0.718529687133523,0,0,0.834205690092353,0.299468323553544,"CLPS;IP6K2","Reactome_2022","Positive"
"Generic Transcription Pathway R-HSA-212436","1/1190",0.756271496626925,0.770676667991248,0,0,0.71825063078217,0.200646793453222,"RBFOX1","Reactome_2022","Positive"
"RNA Polymerase II Transcription R-HSA-73857","1/1312",0.790168223265122,0.797622640465736,0,0,0.647181194091949,0.152417264644703,"RBFOX1","Reactome_2022","Positive"
"Gene Expression (Transcription) R-HSA-74160","1/1449",0.822853785891237,0.822853785891237,0,0,0.581648669010547,0.113407969453203,"RBFOX1","Reactome_2022","Positive"
"COVID 19 Thrombosis And Anticoagulation WP4927","1/7",0.00802338980417862,0.152734018099548,0,0,151.295454545455,730.06022058339,"FGG","WikiPathway_2023_Human","Positive"
"Transcription Co Factors SKI And SKIL Protein Partners WP4533","1/18",0.0205073714570784,0.152734018099548,0,0,53.3689839572192,207.443686227371,"STK3","WikiPathway_2023_Human","Positive"
"Blood Clotting Cascade WP272","1/22",0.0250096358786987,0.152734018099548,0,0,43.1948051948052,159.323783819131,"FGG","WikiPathway_2023_Human","Positive"
"Hippo YAP Signaling WP4537","1/22",0.0250096358786987,0.152734018099548,0,0,43.1948051948052,159.323783819131,"STK3","WikiPathway_2023_Human","Positive"
"Complement Activation WP545","1/23",0.0261321054395983,0.152734018099548,0,0,41.2293388429752,150.264061909767,"C1QC","WikiPathway_2023_Human","Positive"
"Leukocyte Intrinsic Hippo Pathway Functions WP4542","1/34",0.0383979766224181,0.152734018099548,0,0,27.4710743801653,89.5488488006926,"STK3","WikiPathway_2023_Human","Positive"
"Immune Infiltration In Pancreatic Cancer WP5285","1/39",0.043924395374042,0.152734018099548,0,0,23.8504784688995,74.5395523795542,"REG4","WikiPathway_2023_Human","Positive"
"Microglia Pathogen Phagocytosis Pathway WP3937","1/40",0.0450260276423818,0.152734018099548,0,0,23.2377622377622,72.0490202613887,"C1QC","WikiPathway_2023_Human","Positive"
"Oxidative Damage Response WP3941","1/40",0.0450260276423818,0.152734018099548,0,0,23.2377622377622,72.0490202613887,"C1QC","WikiPathway_2023_Human","Positive"
"Fibrin Complement Receptor 3 Signaling Pathway WP4136","1/42",0.047225650914242,0.152734018099548,0,0,22.1019955654102,67.473371719961,"FGG","WikiPathway_2023_Human","Positive"
"Mechanoregulation And Pathology Of YAP TAZ Via Hippo And Non Hippo Mechanisms WP4534","1/47",0.0527035278621339,0.152734018099548,0,0,19.6946640316206,57.9628316575578,"STK3","WikiPathway_2023_Human","Positive"
"Pancreatic Cancer Subtypes WP5390","1/48",0.0537954823572278,0.152734018099548,0,0,19.2746615087041,56.331466269691,"REG4","WikiPathway_2023_Human","Positive"
"DNA IR Double Strand Breaks And Cellular Response Via ATM WP3959","1/55",0.0614055224333898,0.152734018099548,0,0,16.770202020202,46.7931485229585,"STK3","WikiPathway_2023_Human","Positive"
"Oncostatin M Signaling Pathway WP2374","1/56",0.0624878802572221,0.152734018099548,0,0,16.4644628099174,45.6523769349805,"OSM","WikiPathway_2023_Human","Positive"
"Complement And Coagulation Cascades WP558","1/58",0.0646490154275843,0.152734018099548,0,0,15.8851674641148,43.5060171218394,"C1QC","WikiPathway_2023_Human","Positive"
"TYROBP Causal Network In Microglia WP3945","1/61",0.0678817858220215,0.152734018099548,0,0,15.0886363636364,40.5882436696284,"C1QC","WikiPathway_2023_Human","Positive"
"Folate Metabolism WP176","1/68",0.0753834075225753,0.154799832676544,0,0,13.5074626865672,34.9190614813173,"FGG","WikiPathway_2023_Human","Positive"
"MECP2 And Associated Rett Syndrome WP3584","1/73",0.080706316310888,0.154799832676544,0,0,12.5662878787879,31.6285729817901,"RBFOX1","WikiPathway_2023_Human","Positive"
"Disturbed Pathways In Duchenne Muscular Dystrophy WP5356","1/74",0.0817673749589197,0.154799832676544,0,0,12.3935242839352,31.0318598341771,"FGG","WikiPathway_2023_Human","Positive"
"Regulatory Circuits Of The STAT3 Signaling Pathway WP4538","1/78",0.0859999070425244,0.154799832676544,0,0,11.7473435655254,28.8210391772366,"IL20RB","WikiPathway_2023_Human","Positive"
"Selenium Micronutrient Network WP15","1/86",0.0944090551290999,0.160326241146713,0,0,10.6374331550802,25.1056005208663,"FGG","WikiPathway_2023_Human","Positive"
"Allograft Rejection WP2328","1/90",0.0985858279282814,0.160326241146713,0,0,10.1573033707865,23.5327224231173,"C1QC","WikiPathway_2023_Human","Positive"
"Complement System WP2806","1/95",0.103780885658125,0.160326241146713,0,0,9.61460348162476,21.7816291226009,"FGG","WikiPathway_2023_Human","Positive"
"Hippo Signaling Regulation Pathways WP4540","1/98",0.106884160764475,0.160326241146713,0,0,9.31583880037488,20.8303053683161,"STK3","WikiPathway_2023_Human","Positive"
"Complement System In Neuronal Development And Plasticity WP5090","1/106",0.115109392544778,0.16575752526448,0,0,8.6025974025974,18.5977175767614,"C1QC","WikiPathway_2023_Human","Positive"
"Hippo Merlin Signaling Dysregulation WP4541","1/120",0.129329495366559,0.179071608969081,0,0,7.585179526356,15.5146647895607,"STK3","WikiPathway_2023_Human","Positive"
"Overview Of Proinflammatory And Profibrotic Mediators WP5095","1/129",0.138355282907338,0.180389040478988,0,0,7.04865056818182,13.9417401559299,"OSM","WikiPathway_2023_Human","Positive"
"Adipogenesis WP236","1/131",0.140348824050719,0.180389040478988,0,0,6.93951048951049,13.6265918082892,"OSM","WikiPathway_2023_Human","Positive"
"Measles Virus Infection WP4630","1/136",0.145313393719184,0.180389040478988,0,0,6.68080808080808,12.8863603965249,"NECTIN4","WikiPathway_2023_Human","Positive"
"Smith Magenis And Potocki Lupski Syndrome Copy Number Variation WP5381","1/155",0.163929815349397,0.196715778419276,0,0,5.85094451003542,10.5803618264268,"RNF41","WikiPathway_2023_Human","Positive"
"Network Map Of SARS CoV 2 Signaling Pathway WP5115","1/218",0.222922555176231,0.258877806011107,0,0,4.13908671973188,6.21248296521382,"FGG","WikiPathway_2023_Human","Positive"
"MAPK Signaling Pathway WP382","1/246",0.247843801992628,0.278824277241706,0,0,3.660853432282,5.10673151758439,"STK3","WikiPathway_2023_Human","Positive"
"Focal Adhesion PI3K Akt mTOR Signaling Pathway WP3932","1/302",0.295412101184793,0.322267746747047,0,0,2.97130776200544,3.6231649785778,"OSM","WikiPathway_2023_Human","Positive"
"PI3K Akt Signaling Pathway WP4172","1/338",0.324457251755601,0.343542972447107,0,0,2.64904235230645,2.98176601153364,"OSM","WikiPathway_2023_Human","Positive"
"VEGFA VEGFR2 Signaling WP3888","1/430",0.393572756862079,0.398544954681884,0,0,2.07120152574698,1.93137332612272,"FGG","WikiPathway_2023_Human","Positive"
"Pleural Mesothelioma WP5087","1/437",0.398544954681884,0.398544954681884,0,0,2.03721851542952,1.87410856889586,"STK3","WikiPathway_2023_Human","Positive"
"Neural Crest Cell Differentiation (GO:0014033)","2/18",0.00017484233445804,0.0363672055672722,0,0,124.7625,1079.3984808515,"MEF2C;FAM172A","GO_Biological_Process_2023","Negative"
"Muscle Organ Development (GO:0007517)","2/58",0.00183936537814642,0.0965002414255314,0,0,35.575,224.063255886506,"MEF2C;MKX","GO_Biological_Process_2023","Negative"
"Regulation Of Macrophage Apoptotic Process (GO:2000109)","1/5",0.00548838944332051,0.0965002414255314,0,0,237.785714285714,1237.70327900363,"MEF2C","GO_Biological_Process_2023","Negative"
"Positive Regulation Of Cardiac Muscle Cell Differentiation (GO:2000727)","1/5",0.00548838944332051,0.0965002414255314,0,0,237.785714285714,1237.70327900363,"MEF2C","GO_Biological_Process_2023","Negative"
"Nephron Tubule Development (GO:0072080)","1/5",0.00548838944332051,0.0965002414255314,0,0,237.785714285714,1237.70327900363,"MEF2C","GO_Biological_Process_2023","Negative"
"Negative Regulation Of Amyloid Precursor Protein Biosynthetic Process (GO:0042985)","1/5",0.00548838944332051,0.0965002414255314,0,0,237.785714285714,1237.70327900363,"ITM2A","GO_Biological_Process_2023","Negative"
"Epithelial Cell Differentiation Involved In Kidney Development (GO:0035850)","1/6",0.00658261714792867,0.0965002414255314,0,0,190.219047619048,955.531692191046,"MEF2C","GO_Biological_Process_2023","Negative"
"Positive Regulation Of Myeloid Cell Apoptotic Process (GO:0033034)","1/7",0.00767569624028282,0.0965002414255314,0,0,158.507936507937,771.885507856029,"MEF2C","GO_Biological_Process_2023","Negative"
"Negative Regulation Of Glycoprotein Biosynthetic Process (GO:0010561)","1/8",0.0087676277457428,0.0965002414255314,0,0,135.857142857143,643.513034914984,"ITM2A","GO_Biological_Process_2023","Negative"
"Regulation Of Skeletal Muscle Cell Differentiation (GO:2001014)","1/8",0.0087676277457428,0.0965002414255314,0,0,135.857142857143,643.513034914984,"MEF2C","GO_Biological_Process_2023","Negative"
"Positive Regulation Of Actin Cytoskeleton Reorganization (GO:2000251)","1/8",0.0087676277457428,0.0965002414255314,0,0,135.857142857143,643.513034914984,"CCL27","GO_Biological_Process_2023","Negative"
"Endochondral Ossification (GO:0001958)","1/8",0.0087676277457428,0.0965002414255314,0,0,135.857142857143,643.513034914984,"MEF2C","GO_Biological_Process_2023","Negative"
"B Cell Homeostasis (GO:0001782)","1/9",0.00985841272611761,0.0965002414255314,0,0,118.869047619048,549.107257058779,"MEF2C","GO_Biological_Process_2023","Negative"
"Positive Regulation Of Leukocyte Apoptotic Process (GO:2000108)","1/9",0.00985841272611761,0.0965002414255314,0,0,118.869047619048,549.107257058779,"MEF2C","GO_Biological_Process_2023","Negative"
"Muscle Cell Fate Commitment (GO:0042693)","1/9",0.00985841272611761,0.0965002414255314,0,0,118.869047619048,549.107257058779,"MEF2C","GO_Biological_Process_2023","Negative"
"Positive Regulation Of Cardiocyte Differentiation (GO:1905209)","1/9",0.00985841272611761,0.0965002414255314,0,0,118.869047619048,549.107257058779,"MEF2C","GO_Biological_Process_2023","Negative"
"Positive Regulation Of Skeletal Muscle Tissue Development (GO:0048643)","1/9",0.00985841272611761,0.0965002414255314,0,0,118.869047619048,549.107257058779,"MEF2C","GO_Biological_Process_2023","Negative"
"Regulation Of Cardiac Muscle Cell Differentiation (GO:2000725)","1/9",0.00985841272611761,0.0965002414255314,0,0,118.869047619048,549.107257058779,"MEF2C","GO_Biological_Process_2023","Negative"
"Regulation Of Amyloid Precursor Protein Biosynthetic Process (GO:0042984)","1/10",0.0109480522580433,0.0965002414255314,0,0,105.656084656085,476.99429568907,"ITM2A","GO_Biological_Process_2023","Negative"
"Positive Regulation Of Epidermal Growth Factor-Activated Receptor Activity (GO:0045741)","1/10",0.0109480522580433,0.0965002414255314,0,0,105.656084656085,476.99429568907,"BTC","GO_Biological_Process_2023","Negative"
"Melanocyte Differentiation (GO:0030318)","1/11",0.0120365474388125,0.0965002414255314,0,0,95.0857142857143,420.260566245477,"MEF2C","GO_Biological_Process_2023","Negative"
"Cellular Response To Fluid Shear Stress (GO:0071498)","1/11",0.0120365474388125,0.0965002414255314,0,0,95.0857142857143,420.260566245477,"MEF2C","GO_Biological_Process_2023","Negative"
"Positive Regulation Of Behavior (GO:0048520)","1/11",0.0120365474388125,0.0965002414255314,0,0,95.0857142857143,420.260566245477,"MEF2C","GO_Biological_Process_2023","Negative"
"Smooth Muscle Cell Differentiation (GO:0051145)","1/11",0.0120365474388125,0.0965002414255314,0,0,95.0857142857143,420.260566245477,"MEF2C","GO_Biological_Process_2023","Negative"
"Regulation Of Vascular Associated Smooth Muscle Cell Migration (GO:1904752)","1/12",0.0131238993688259,0.0965002414255314,0,0,86.4372294372294,374.560203730456,"MEF2C","GO_Biological_Process_2023","Negative"
"Endochondral Bone Morphogenesis (GO:0060350)","1/12",0.0131238993688259,0.0965002414255314,0,0,86.4372294372294,374.560203730456,"MEF2C","GO_Biological_Process_2023","Negative"
"Positive Regulation Of Cardiac Muscle Cell Proliferation (GO:0060045)","1/13",0.0142101091631312,0.0965002414255314,0,0,79.2301587301587,337.029380313891,"MEF2C","GO_Biological_Process_2023","Negative"
"Negative Regulation Of Smooth Muscle Cell Migration (GO:0014912)","1/14",0.0152951779293368,0.0965002414255314,0,0,73.1318681318681,305.707127278926,"MEF2C","GO_Biological_Process_2023","Negative"
"Stem Cell Development (GO:0048864)","1/15",0.0163791067947741,0.0965002414255314,0,0,67.9047619047619,279.207318677518,"FAM172A","GO_Biological_Process_2023","Negative"
"Regulation Of NMDA Receptor Activity (GO:2000310)","1/16",0.0174618968734111,0.0965002414255314,0,0,63.3746031746032,256.523541924451,"MEF2C","GO_Biological_Process_2023","Negative"
"Positive Regulation Of Cardiac Muscle Tissue Growth (GO:0055023)","1/16",0.0174618968734111,0.0965002414255314,0,0,63.3746031746032,256.523541924451,"MEF2C","GO_Biological_Process_2023","Negative"
"Regulation Of Leukocyte Chemotaxis (GO:0002688)","1/17",0.0185435492893687,0.0965002414255314,0,0,59.4107142857143,236.908142520545,"ZNF580","GO_Biological_Process_2023","Negative"
"Negative Regulation Of Vascular Associated Smooth Muscle Cell Proliferation (GO:1904706)","1/17",0.0185435492893687,0.0965002414255314,0,0,59.4107142857143,236.908142520545,"MEF2C","GO_Biological_Process_2023","Negative"
"Maintenance Of Gastrointestinal Epithelium (GO:0030277)","1/18",0.0196240651712844,0.0965002414255314,0,0,55.9131652661064,219.79457723602,"SERPINA3","GO_Biological_Process_2023","Negative"
"Excitatory Postsynaptic Potential (GO:0060079)","1/18",0.0196240651712844,0.0965002414255314,0,0,55.9131652661064,219.79457723602,"MEF2C","GO_Biological_Process_2023","Negative"
"Regulation Of Vascular Endothelial Cell Proliferation (GO:1905562)","1/18",0.0196240651712844,0.0965002414255314,0,0,55.9131652661064,219.79457723602,"MEF2C","GO_Biological_Process_2023","Negative"
"Epithelial Structure Maintenance (GO:0010669)","1/19",0.0207034456368161,0.0965002414255314,0,0,52.8042328042328,204.746043725125,"SERPINA3","GO_Biological_Process_2023","Negative"
"Regulation Of Megakaryocyte Differentiation (GO:0045652)","1/19",0.0207034456368161,0.0965002414255314,0,0,52.8042328042328,204.746043725125,"MEF2C","GO_Biological_Process_2023","Negative"
"Striated Muscle Cell Differentiation (GO:0051146)","1/20",0.0217816918149241,0.0965002414255314,0,0,50.0225563909774,191.420590566052,"MEF2C","GO_Biological_Process_2023","Negative"
"Regulation Of Cardiac Muscle Cell Proliferation (GO:0060043)","1/20",0.0217816918149241,0.0965002414255314,0,0,50.0225563909774,191.420590566052,"MEF2C","GO_Biological_Process_2023","Negative"
"Regulation Of Dendritic Spine Development (GO:0060998)","1/21",0.0228588048336812,0.0965002414255314,0,0,47.5190476190476,179.546867822623,"MEF2C","GO_Biological_Process_2023","Negative"
"Regulation Of Neurotransmitter Transport (GO:0051588)","1/21",0.0228588048336812,0.0965002414255314,0,0,47.5190476190476,179.546867822623,"MEF2C","GO_Biological_Process_2023","Negative"
"Positive Regulation Of Phosphatase Activity (GO:0010922)","1/22",0.0239347858131651,0.0965002414255314,0,0,45.2539682539683,168.906925020169,"MEF2C","GO_Biological_Process_2023","Negative"
"Homologous Chromosome Segregation (GO:0045143)","1/22",0.0239347858131651,0.0965002414255314,0,0,45.2539682539683,168.906925020169,"PTTG1","GO_Biological_Process_2023","Negative"
"Regulation Of Cell Junction Assembly (GO:1901888)","1/23",0.0250096358786987,0.0965002414255314,0,0,43.1948051948052,159.323783819131,"MEF2C","GO_Biological_Process_2023","Negative"
"Cell Morphogenesis Involved In Differentiation (GO:0000904)","1/24",0.0260833561592032,0.0965002414255314,0,0,41.3146997929607,150.652311922366,"MEF2C","GO_Biological_Process_2023","Negative"
"Negative Regulation Of Ossification (GO:0030279)","1/24",0.0260833561592032,0.0965002414255314,0,0,41.3146997929607,150.652311922366,"MEF2C","GO_Biological_Process_2023","Negative"
"Regulation Of AMPA Receptor Activity (GO:2000311)","1/24",0.0260833561592032,0.0965002414255314,0,0,41.3146997929607,150.652311922366,"MEF2C","GO_Biological_Process_2023","Negative"
"Regulation Of Synapse Organization (GO:0050807)","1/25",0.0271559477765974,0.0965002414255314,0,0,39.5912698412698,142.77242140899,"MEF2C","GO_Biological_Process_2023","Negative"
"Chemical Synaptic Transmission, Postsynaptic (GO:0099565)","1/25",0.0271559477765974,0.0965002414255314,0,0,39.5912698412698,142.77242140899,"MEF2C","GO_Biological_Process_2023","Negative"
"Myotube Differentiation (GO:0014902)","1/25",0.0271559477765974,0.0965002414255314,0,0,39.5912698412698,142.77242140899,"MEF2C","GO_Biological_Process_2023","Negative"
"Regulation Of Actin Cytoskeleton Reorganization (GO:2000249)","1/25",0.0271559477765974,0.0965002414255314,0,0,39.5912698412698,142.77242140899,"CCL27","GO_Biological_Process_2023","Negative"
"Positive Regulation Of Striated Muscle Cell Differentiation (GO:0051155)","1/25",0.0271559477765974,0.0965002414255314,0,0,39.5912698412698,142.77242140899,"MEF2C","GO_Biological_Process_2023","Negative"
"Meiosis I (GO:0007127)","1/26",0.0282274118595077,0.0965002414255314,0,0,38.0057142857143,135.583930909467,"PTTG1","GO_Biological_Process_2023","Negative"
"Regulation Of Epidermal Growth Factor-Activated Receptor Activity (GO:0007176)","1/26",0.0282274118595077,0.0965002414255314,0,0,38.0057142857143,135.583930909467,"BTC","GO_Biological_Process_2023","Negative"
"Positive Regulation Of Nuclear Division (GO:0051785)","1/26",0.0282274118595077,0.0965002414255314,0,0,38.0057142857143,135.583930909467,"BTC","GO_Biological_Process_2023","Negative"
"Cellular Response To Xenobiotic Stimulus (GO:0071466)","1/26",0.0282274118595077,0.0965002414255314,0,0,38.0057142857143,135.583930909467,"MEF2C","GO_Biological_Process_2023","Negative"
"Regulation Of Myeloid Cell Differentiation (GO:0045637)","1/26",0.0282274118595077,0.0965002414255314,0,0,38.0057142857143,135.583930909467,"MEF2C","GO_Biological_Process_2023","Negative"
"Cardiac Muscle Cell Differentiation (GO:0055007)","1/27",0.0292977495261991,0.0965002414255314,0,0,36.5421245421245,129.002636883195,"MEF2C","GO_Biological_Process_2023","Negative"
"RNA-mediated Gene Silencing (GO:0031047)","1/29",0.0314350501114811,0.0965002414255314,0,0,33.9285714285714,117.387149102405,"FAM172A","GO_Biological_Process_2023","Negative"
"Positive Regulation Of B Cell Proliferation (GO:0030890)","1/29",0.0314350501114811,0.0965002414255314,0,0,33.9285714285714,117.387149102405,"MEF2C","GO_Biological_Process_2023","Negative"
"Chondrocyte Differentiation (GO:0002062)","1/29",0.0314350501114811,0.0965002414255314,0,0,33.9285714285714,117.387149102405,"MEF2C","GO_Biological_Process_2023","Negative"
"B Cell Proliferation (GO:0042100)","1/31",0.0335678584979563,0.0965002414255314,0,0,31.6634920634921,107.471789773985,"MEF2C","GO_Biological_Process_2023","Negative"
"Positive Regulation Of Leukocyte Migration (GO:0002687)","1/31",0.0335678584979563,0.0965002414255314,0,0,31.6634920634921,107.471789773985,"ZNF580","GO_Biological_Process_2023","Negative"
"Positive Regulation Of Extrinsic Apoptotic Signaling Pathway (GO:2001238)","1/31",0.0335678584979563,0.0965002414255314,0,0,31.6634920634921,107.471789773985,"LTBR","GO_Biological_Process_2023","Negative"
"Heterochromatin Formation (GO:0031507)","1/32",0.034632580928247,0.0965002414255314,0,0,30.6405529953917,103.042966194082,"FAM172A","GO_Biological_Process_2023","Negative"
"Epithelial Tube Morphogenesis (GO:0060562)","1/33",0.0356961836698558,0.0965002414255314,0,0,29.6815476190476,98.9200349665424,"MEF2C","GO_Biological_Process_2023","Negative"
"Negative Regulation Of Blood Vessel Endothelial Cell Migration (GO:0043537)","1/33",0.0356961836698558,0.0965002414255314,0,0,29.6815476190476,98.9200349665424,"MEF2C","GO_Biological_Process_2023","Negative"
"Positive Regulation Of Epidermal Growth Factor Receptor Signaling Pathway (GO:0045742)","1/33",0.0356961836698558,0.0965002414255314,0,0,29.6815476190476,98.9200349665424,"BTC","GO_Biological_Process_2023","Negative"
"Cellular Response To Hydrogen Peroxide (GO:0070301)","1/34",0.0367586678440145,0.0965002414255314,0,0,28.7806637806638,95.0735042734142,"ZNF580","GO_Biological_Process_2023","Negative"
"Positive Regulation Of Mitotic Nuclear Division (GO:0045840)","1/35",0.037820034565529,0.0965002414255314,0,0,27.9327731092437,91.4774940100498,"BTC","GO_Biological_Process_2023","Negative"
"Skeletal Muscle Organ Development (GO:0060538)","1/35",0.037820034565529,0.0965002414255314,0,0,27.9327731092437,91.4774940100498,"MEF2C","GO_Biological_Process_2023","Negative"
"Regulation Of Postsynaptic Membrane Potential (GO:0060078)","1/35",0.037820034565529,0.0965002414255314,0,0,27.9327731092437,91.4774940100498,"MEF2C","GO_Biological_Process_2023","Negative"
"Positive Regulation Of Signaling Receptor Activity (GO:2000273)","1/36",0.0388802849574894,0.0965002414255314,0,0,27.1333333333333,88.1092042598088,"BTC","GO_Biological_Process_2023","Negative"
"Negative Regulation Of Endothelial Cell Migration (GO:0010596)","1/37",0.0399394201291642,0.0965002414255314,0,0,26.3783068783069,84.948474454672,"MEF2C","GO_Biological_Process_2023","Negative"
"Negative Regulation Of Endothelial Cell Proliferation (GO:0001937)","1/37",0.0399394201291642,0.0965002414255314,0,0,26.3783068783069,84.948474454672,"MEF2C","GO_Biological_Process_2023","Negative"
"Regulation Of Vascular Associated Smooth Muscle Cell Proliferation (GO:1904705)","1/37",0.0399394201291642,0.0965002414255314,0,0,26.3783068783069,84.948474454672,"MEF2C","GO_Biological_Process_2023","Negative"
"Muscle Cell Differentiation (GO:0042692)","1/37",0.0399394201291642,0.0965002414255314,0,0,26.3783068783069,84.948474454672,"MEF2C","GO_Biological_Process_2023","Negative"
"Muscle Tissue Development (GO:0060537)","1/37",0.0399394201291642,0.0965002414255314,0,0,26.3783068783069,84.948474454672,"MEF2C","GO_Biological_Process_2023","Negative"
"Negative Regulation Of Smooth Muscle Cell Proliferation (GO:0048662)","1/37",0.0399394201291642,0.0965002414255314,0,0,26.3783068783069,84.948474454672,"MEF2C","GO_Biological_Process_2023","Negative"
"Regulation Of Ossification (GO:0030278)","1/37",0.0399394201291642,0.0965002414255314,0,0,26.3783068783069,84.948474454672,"MEF2C","GO_Biological_Process_2023","Negative"
"Lymphocyte Proliferation (GO:0046651)","1/38",0.0409974411975465,0.0965002414255314,0,0,25.6640926640927,81.9774156872695,"MEF2C","GO_Biological_Process_2023","Negative"
"Positive Regulation Of Myoblast Differentiation (GO:0045663)","1/38",0.0409974411975465,0.0965002414255314,0,0,25.6640926640927,81.9774156872695,"MEF2C","GO_Biological_Process_2023","Negative"
"Heart Looping (GO:0001947)","1/38",0.0409974411975465,0.0965002414255314,0,0,25.6640926640927,81.9774156872695,"MEF2C","GO_Biological_Process_2023","Negative"
"Positive Regulation Of Protein Tyrosine Kinase Activity (GO:0061098)","1/38",0.0409974411975465,0.0965002414255314,0,0,25.6640926640927,81.9774156872695,"BTC","GO_Biological_Process_2023","Negative"
"Positive Regulation Of Bone Mineralization (GO:0030501)","1/38",0.0409974411975465,0.0965002414255314,0,0,25.6640926640927,81.9774156872695,"MEF2C","GO_Biological_Process_2023","Negative"
"Response To Transforming Growth Factor Beta (GO:0071559)","1/38",0.0409974411975465,0.0965002414255314,0,0,25.6640926640927,81.9774156872695,"MEF2C","GO_Biological_Process_2023","Negative"
"Regulation Of Neurotransmitter Secretion (GO:0046928)","1/38",0.0409974411975465,0.0965002414255314,0,0,25.6640926640927,81.9774156872695,"MEF2C","GO_Biological_Process_2023","Negative"
"Stem Cell Differentiation (GO:0048863)","1/41",0.0441648309205673,0.0965002414255314,0,0,23.7357142857143,74.0513101200057,"MEF2C","GO_Biological_Process_2023","Negative"
"Positive Regulation Of Ossification (GO:0045778)","1/41",0.0441648309205673,0.0965002414255314,0,0,23.7357142857143,74.0513101200057,"MEF2C","GO_Biological_Process_2023","Negative"
"Cardiac Ventricle Morphogenesis (GO:0003208)","1/42",0.0452184067076381,0.0965002414255314,0,0,23.1556329849013,71.6956528733024,"MEF2C","GO_Biological_Process_2023","Negative"
"Positive Regulation Of Neuron Differentiation (GO:0045666)","1/42",0.0452184067076381,0.0965002414255314,0,0,23.1556329849013,71.6956528733024,"MEF2C","GO_Biological_Process_2023","Negative"
"Determination Of Heart Left/Right Asymmetry (GO:0061371)","1/42",0.0452184067076381,0.0965002414255314,0,0,23.1556329849013,71.6956528733024,"MEF2C","GO_Biological_Process_2023","Negative"
"Regulation Of Neurotransmitter Receptor Activity (GO:0099601)","1/42",0.0452184067076381,0.0965002414255314,0,0,23.1556329849013,71.6956528733024,"MEF2C","GO_Biological_Process_2023","Negative"
"Embryonic Heart Tube Morphogenesis (GO:0003143)","1/42",0.0452184067076381,0.0965002414255314,0,0,23.1556329849013,71.6956528733024,"MEF2C","GO_Biological_Process_2023","Negative"
"Skeletal Muscle Tissue Development (GO:0007519)","1/42",0.0452184067076381,0.0965002414255314,0,0,23.1556329849013,71.6956528733024,"MEF2C","GO_Biological_Process_2023","Negative"
"Regulation Of Primary Metabolic Process (GO:0080090)","1/43",0.0462708739577018,0.0965002414255314,0,0,22.6031746031746,69.4650388150807,"SERPINA3","GO_Biological_Process_2023","Negative"
"Positive Regulation Of Biomineral Tissue Development (GO:0070169)","1/43",0.0462708739577018,0.0965002414255314,0,0,22.6031746031746,69.4650388150807,"MEF2C","GO_Biological_Process_2023","Negative"
"Positive Regulation Of Osteoblast Differentiation (GO:0045669)","1/44",0.0473222337759817,0.0965002414255314,0,0,22.0764119601329,67.3501664756117,"MEF2C","GO_Biological_Process_2023","Negative"
"Regulation Of B Cell Proliferation (GO:0030888)","1/44",0.0473222337759817,0.0965002414255314,0,0,22.0764119601329,67.3501664756117,"MEF2C","GO_Biological_Process_2023","Negative"
"Neural Crest Cell Development (GO:0014032)","1/44",0.0473222337759817,0.0965002414255314,0,0,22.0764119601329,67.3501664756117,"FAM172A","GO_Biological_Process_2023","Negative"
"Positive Regulation Of Chemotaxis (GO:0050921)","1/44",0.0473222337759817,0.0965002414255314,0,0,22.0764119601329,67.3501664756117,"ZNF580","GO_Biological_Process_2023","Negative"
"Epidermal Growth Factor Receptor Signaling Pathway (GO:0007173)","1/45",0.0483724872635307,0.0976842461244116,0,0,21.5735930735931,65.3426180176818,"BTC","GO_Biological_Process_2023","Negative"
"B Cell Receptor Signaling Pathway (GO:0050853)","1/46",0.0494216355431909,0.0979019065998448,0,0,21.0931216931217,63.4347577737382,"MEF2C","GO_Biological_Process_2023","Negative"
"Response To Hydrogen Peroxide (GO:0042542)","1/46",0.0494216355431909,0.0979019065998448,0,0,21.0931216931217,63.4347577737382,"ZNF580","GO_Biological_Process_2023","Negative"
"Cellular Response To Mechanical Stimulus (GO:0071260)","1/48",0.0515166208717867,0.101089218314449,0,0,20.193515704154,59.8909544637728,"LTBR","GO_Biological_Process_2023","Negative"
"Regulation Of Synapse Assembly (GO:0051963)","1/51",0.0546508373685044,0.103596850327654,0,0,18.9790476190476,55.1681199127134,"MEF2C","GO_Biological_Process_2023","Negative"
"Cartilage Development (GO:0051216)","1/52",0.0556933775463979,0.103596850327654,0,0,18.6059757236228,53.732086291887,"MEF2C","GO_Biological_Process_2023","Negative"
"Positive Regulation Of B Cell Activation (GO:0050871)","1/52",0.0556933775463979,0.103596850327654,0,0,18.6059757236228,53.732086291887,"MEF2C","GO_Biological_Process_2023","Negative"
"Regulation Of Alternative mRNA Splicing, Via Spliceosome (GO:0000381)","1/53",0.056734820233159,0.103596850327654,0,0,18.2472527472527,52.3580674880807,"FAM172A","GO_Biological_Process_2023","Negative"
"ERBB Signaling Pathway (GO:0038127)","1/54",0.0577751665288841,0.103596850327654,0,0,17.9020664869721,51.0423046640588,"BTC","GO_Biological_Process_2023","Negative"
"Positive Regulation Of Leukocyte Chemotaxis (GO:0002690)","1/54",0.0577751665288841,0.103596850327654,0,0,17.9020664869721,51.0423046640588,"ZNF580","GO_Biological_Process_2023","Negative"
"Mesenchymal Cell Differentiation (GO:0048762)","1/54",0.0577751665288841,0.103596850327654,0,0,17.9020664869721,51.0423046640588,"MEF2C","GO_Biological_Process_2023","Negative"
"Regulation Of Lipid Metabolic Process (GO:0019216)","1/54",0.0577751665288841,0.103596850327654,0,0,17.9020664869721,51.0423046640588,"SERPINA3","GO_Biological_Process_2023","Negative"
"Regulation Of Myoblast Differentiation (GO:0045661)","1/54",0.0577751665288841,0.103596850327654,0,0,17.9020664869721,51.0423046640588,"MEF2C","GO_Biological_Process_2023","Negative"
"Regulation Of Blood Vessel Endothelial Cell Migration (GO:0043535)","1/54",0.0577751665288841,0.103596850327654,0,0,17.9020664869721,51.0423046640588,"MEF2C","GO_Biological_Process_2023","Negative"
"Regulation Of Synaptic Transmission, Glutamatergic (GO:0051966)","1/55",0.0588144175257853,0.103672871570876,0,0,17.5696649029982,49.7813308418975,"MEF2C","GO_Biological_Process_2023","Negative"
"Neuron Migration (GO:0001764)","1/55",0.0588144175257853,0.103672871570876,0,0,17.5696649029982,49.7813308418975,"MEF2C","GO_Biological_Process_2023","Negative"
"Regulation Of Mitotic Nuclear Division (GO:0007088)","1/56",0.0598525743301971,0.104118621873052,0,0,17.2493506493506,48.5719434139061,"BTC","GO_Biological_Process_2023","Negative"
"Positive Regulation Of Macromolecule Metabolic Process (GO:0010604)","2/364",0.0600684356959916,0.104118621873052,0,0,5.41878453038674,15.2390893535485,"MEF2C;ZNF580","GO_Biological_Process_2023","Negative"
"Regulation Of Neuron Death (GO:1901214)","1/58",0.061925609729227,0.105578088718682,0,0,16.6424394319131,46.2962951152095,"MEF2C","GO_Biological_Process_2023","Negative"
"Regulation Of Bone Mineralization (GO:0030500)","1/58",0.061925609729227,0.105578088718682,0,0,16.6424394319131,46.2962951152095,"MEF2C","GO_Biological_Process_2023","Negative"
"Regulation Of Extrinsic Apoptotic Signaling Pathway (GO:2001236)","1/60",0.0639942814878953,0.107345246366792,0,0,16.0766747376917,44.1941607277348,"LTBR","GO_Biological_Process_2023","Negative"
"Negative Regulation Of Peptidase Activity (GO:0010466)","1/60",0.0639942814878953,0.107345246366792,0,0,16.0766747376917,44.1941607277348,"SERPINA3","GO_Biological_Process_2023","Negative"
"Positive Regulation Of Interleukin-8 Production (GO:0032757)","1/61",0.0650269837291302,0.108204900925273,0,0,15.8079365079365,43.2023468856627,"ZNF580","GO_Biological_Process_2023","Negative"
"Positive Regulation Of Apoptotic Signaling Pathway (GO:2001235)","1/62",0.0660585983445958,0.109049114727587,0,0,15.5480093676815,42.2472543776498,"LTBR","GO_Biological_Process_2023","Negative"
"Regulation Of Secretion By Cell (GO:1903530)","1/64",0.0681185690281569,0.111564270534304,0,0,15.0529100529101,40.4397245950667,"MEF2C","GO_Biological_Process_2023","Negative"
"Negative Regulation Of Endopeptidase Activity (GO:0010951)","1/66",0.0701742022596554,0.11403307867194,0,0,14.5882783882784,38.7577663807685,"SERPINA3","GO_Biological_Process_2023","Negative"
"Regulation Of Endopeptidase Activity (GO:0052548)","1/69",0.073249538363641,0.116304610531583,0,0,13.9425770308123,36.4442697241987,"SERPINA3","GO_Biological_Process_2023","Negative"
"Cellular Response To Calcium Ion (GO:0071277)","1/69",0.073249538363641,0.116304610531583,0,0,13.9425770308123,36.4442697241987,"MEF2C","GO_Biological_Process_2023","Negative"
"Regulation Of Monoatomic Ion Transmembrane Transporter Activity (GO:0032412)","1/69",0.073249538363641,0.116304610531583,0,0,13.9425770308123,36.4442697241987,"MEF2C","GO_Biological_Process_2023","Negative"
"Cellular Response To Reactive Oxygen Species (GO:0034614)","1/73",0.077334886422763,0.121623396366131,0,0,13.1653439153439,33.6981474285834,"ZNF580","GO_Biological_Process_2023","Negative"
"Positive Regulation Of Lymphocyte Proliferation (GO:0050671)","1/74",0.078353534197411,0.121623396366131,0,0,12.9843444227006,33.0649473374432,"MEF2C","GO_Biological_Process_2023","Negative"
"Negative Regulation Of Neuron Apoptotic Process (GO:0043524)","1/74",0.078353534197411,0.121623396366131,0,0,12.9843444227006,33.0649473374432,"MEF2C","GO_Biological_Process_2023","Negative"
"Cell Morphogenesis Involved In Neuron Differentiation (GO:0048667)","1/77",0.0814030405988153,0.123590017843457,0,0,12.4699248120301,31.2788442841902,"MEF2C","GO_Biological_Process_2023","Negative"
"Positive Regulation Of JNK Cascade (GO:0046330)","1/77",0.0814030405988153,0.123590017843457,0,0,12.4699248120301,31.2788442841902,"LTBR","GO_Biological_Process_2023","Negative"
"Positive Regulation Of Endothelial Cell Proliferation (GO:0001938)","1/77",0.0814030405988153,0.123590017843457,0,0,12.4699248120301,31.2788442841902,"ZNF580","GO_Biological_Process_2023","Negative"
"Regulation Of Neuron Differentiation (GO:0045664)","1/79",0.083430691540319,0.124845926909254,0,0,12.1489621489621,30.1748515026569,"MEF2C","GO_Biological_Process_2023","Negative"
"Positive Regulation Of Cytoskeleton Organization (GO:0051495)","1/79",0.083430691540319,0.124845926909254,0,0,12.1489621489621,30.1748515026569,"CCL27","GO_Biological_Process_2023","Negative"
"Regulation Of Interleukin-8 Production (GO:0032677)","1/81",0.0854540698286766,0.126960332316891,0,0,11.8440476190476,29.1337069467918,"ZNF580","GO_Biological_Process_2023","Negative"
"Regulation Of Osteoblast Differentiation (GO:0045667)","1/85",0.0894880427418255,0.131081076692251,0,0,11.2777777777778,27.2206113025093,"MEF2C","GO_Biological_Process_2023","Negative"
"Positive Regulation Of Endothelial Cell Migration (GO:0010595)","1/85",0.0894880427418255,0.131081076692251,0,0,11.2777777777778,27.2206113025093,"ZNF580","GO_Biological_Process_2023","Negative"
"Regulation Of Endothelial Cell Migration (GO:0010594)","1/88",0.0925023703797257,0.133614534992937,0,0,10.8872468527641,25.9173198638853,"ZNF580","GO_Biological_Process_2023","Negative"
"Negative Regulation Of Neuron Death (GO:1901215)","1/88",0.0925023703797257,0.133614534992937,0,0,10.8872468527641,25.9173198638853,"MEF2C","GO_Biological_Process_2023","Negative"
"Positive Regulation Of MAP Kinase Activity (GO:0043406)","1/91",0.0955071710697485,0.135685526397251,0,0,10.5227513227513,24.7132491268711,"MEF2C","GO_Biological_Process_2023","Negative"
"B Cell Activation (GO:0042113)","1/92",0.0965066591594856,0.135685526397251,0,0,10.4065934065934,24.3321062975413,"MEF2C","GO_Biological_Process_2023","Negative"
"Positive Regulation Of Gene Expression (GO:0010628)","2/480",0.0969018890542851,0.135685526397251,0,0,4.07949790794979,9.5217776517004,"MEF2C;ZNF580","GO_Biological_Process_2023","Negative"
"Regulation Of Endothelial Cell Proliferation (GO:0001936)","1/93",0.0975050929428058,0.135685526397251,0,0,10.2929606625259,23.9604753439922,"ZNF580","GO_Biological_Process_2023","Negative"
"Positive Regulation Of Cell Population Proliferation (GO:0008284)","2/483",0.0979269321552796,0.135685526397251,0,0,4.05343035343035,9.41828189974138,"BTC;MEF2C","GO_Biological_Process_2023","Negative"
"Cellular Response To Hormone Stimulus (GO:0032870)","1/94",0.098502473490312,0.135685526397251,0,0,10.1817716333845,23.5980235149026,"MEF2C","GO_Biological_Process_2023","Negative"
"Regulation Of mRNA Splicing, Via Spliceosome (GO:0048024)","1/94",0.098502473490312,0.135685526397251,0,0,10.1817716333845,23.5980235149026,"FAM172A","GO_Biological_Process_2023","Negative"
"Positive Regulation Of Epithelial Cell Migration (GO:0010634)","1/95",0.0994988018426892,0.136156255153154,0,0,10.0729483282675,23.2444330349282,"ZNF580","GO_Biological_Process_2023","Negative"
"Cellular Response To Transforming Growth Factor Beta Stimulus (GO:0071560)","1/96",0.100494079072936,0.136619401615495,0,0,9.96641604010025,22.8994002764751,"MEF2C","GO_Biological_Process_2023","Negative"
"MAPK Cascade (GO:0000165)","1/98",0.10248148436734,0.13841655031433,0,0,9.759941089838,22.2338596158502,"MEF2C","GO_Biological_Process_2023","Negative"
"Cellular Response To Organonitrogen Compound (GO:0071417)","1/105",0.109404447269235,0.144943471541407,0,0,9.09981684981685,20.1351987620263,"MEF2C","GO_Biological_Process_2023","Negative"
"Positive Regulation Of Stress-Activated MAPK Cascade (GO:0032874)","1/105",0.109404447269235,0.144943471541407,0,0,9.09981684981685,20.1351987620263,"LTBR","GO_Biological_Process_2023","Negative"
"Regulation Of Neuron Apoptotic Process (GO:0043523)","1/105",0.109404447269235,0.144943471541407,0,0,9.09981684981685,20.1351987620263,"MEF2C","GO_Biological_Process_2023","Negative"
"Response To Calcium Ion (GO:0051592)","1/106",0.110389271134368,0.145322584784484,0,0,9.01269841269841,19.8616650141474,"MEF2C","GO_Biological_Process_2023","Negative"
"Cellular Response To Salt (GO:1902075)","1/109",0.113337509489395,0.148265421218831,0,0,8.7610229276896,19.0761208035119,"MEF2C","GO_Biological_Process_2023","Negative"
"Regulation Of JNK Cascade (GO:0046328)","1/110",0.114318181342438,0.148613635745169,0,0,8.68020969855832,18.8253753843137,"LTBR","GO_Biological_Process_2023","Negative"
"Regulation Of MAP Kinase Activity (GO:0043405)","1/114",0.118230525242544,0.152727405600779,0,0,8.37126000842815,17.8736359343561,"MEF2C","GO_Biological_Process_2023","Negative"
"Protein Maturation (GO:0051604)","1/117",0.121153951558311,0.152727405600779,0,0,8.15353037766831,17.2096012479021,"MMEL1","GO_Biological_Process_2023","Negative"
"Protein Processing (GO:0016485)","1/117",0.121153951558311,0.152727405600779,0,0,8.15353037766831,17.2096012479021,"MMEL1","GO_Biological_Process_2023","Negative"
"Cellular Response To Molecule Of Bacterial Origin (GO:0071219)","1/117",0.121153951558311,0.152727405600779,0,0,8.15353037766831,17.2096012479021,"MEF2C","GO_Biological_Process_2023","Negative"
"Positive Regulation Of Protein Serine/Threonine Kinase Activity (GO:0071902)","1/117",0.121153951558311,0.152727405600779,0,0,8.15353037766831,17.2096012479021,"MEF2C","GO_Biological_Process_2023","Negative"
"Positive Regulation Of Cell Cycle Process (GO:0090068)","1/118",0.122126369349613,0.153025812197105,0,0,8.08343508343508,16.9970305107786,"BTC","GO_Biological_Process_2023","Negative"
"Modulation Of Chemical Synaptic Transmission (GO:0050804)","1/123",0.126973072628783,0.156537549516007,0,0,7.75019516003123,15.994699639424,"MEF2C","GO_Biological_Process_2023","Negative"
"Positive Regulation Of Epithelial Cell Proliferation (GO:0050679)","1/123",0.126973072628783,0.156537549516007,0,0,7.75019516003123,15.994699639424,"ZNF580","GO_Biological_Process_2023","Negative"
"Cellular Response To Lipopolysaccharide (GO:0071222)","1/124",0.127939343354428,0.156537549516007,0,0,7.68679829655439,15.8055870276335,"MEF2C","GO_Biological_Process_2023","Negative"
"Positive Regulation Of Defense Response (GO:0031349)","1/124",0.127939343354428,0.156537549516007,0,0,7.68679829655439,15.8055870276335,"MEF2C","GO_Biological_Process_2023","Negative"
"Regulation Of Anatomical Structure Morphogenesis (GO:0022603)","1/127",0.1308320341737,0.159140719930582,0,0,7.5026455026455,15.2591877343384,"MEF2C","GO_Biological_Process_2023","Negative"
"Circulatory System Development (GO:0072359)","1/132",0.135632842593002,0.164021111972933,0,0,7.21446746637586,14.4130900199796,"MEF2C","GO_Biological_Process_2023","Negative"
"Antigen Receptor-Mediated Signaling Pathway (GO:0050851)","1/134",0.137546069777264,0.165373309327577,0,0,7.10526315789474,14.0953952254807,"MEF2C","GO_Biological_Process_2023","Negative"
"Cellular Response To Metal Ion (GO:0071248)","1/135",0.138501166840099,0.165564613234141,0,0,7.05188343994314,13.940702854508,"MEF2C","GO_Biological_Process_2023","Negative"
"Neuron Development (GO:0048666)","1/150",0.152707030711896,0.181503213646139,0,0,6.33716842441675,11.9090225264124,"MEF2C","GO_Biological_Process_2023","Negative"
"Cellular Response To Organic Cyclic Compound (GO:0071407)","1/152",0.154584164992083,0.182690376808826,0,0,6.25260170293283,11.6737110083729,"MEF2C","GO_Biological_Process_2023","Negative"
"Cellular Response To Growth Factor Stimulus (GO:0071363)","1/155",0.157392425052854,0.184958330005614,0,0,6.12987012987013,11.3342099851741,"MEF2C","GO_Biological_Process_2023","Negative"
"Response To Lipopolysaccharide (GO:0032496)","1/159",0.161122923190507,0.18827847204284,0,0,5.97347799879445,10.9051080040461,"MEF2C","GO_Biological_Process_2023","Negative"
"Heart Development (GO:0007507)","1/171",0.172220060065016,0.200020046036447,0,0,5.5484593837535,9.75964129868906,"MEF2C","GO_Biological_Process_2023","Negative"
"Generation Of Neurons (GO:0048699)","1/172",0.173138469106091,0.200020046036447,0,0,5.51573377889167,9.67274158388228,"MEF2C","GO_Biological_Process_2023","Negative"
"Neuron Differentiation (GO:0030182)","1/173",0.174055905445177,0.200020046036447,0,0,5.48338870431894,9.58704021026401,"MEF2C","GO_Biological_Process_2023","Negative"
"Positive Regulation Of I-kappaB kinase/NF-kappaB Signaling (GO:0043123)","1/175",0.175887863987874,0.201014701700428,0,0,5.41981390257252,9.4191413186893,"LTBR","GO_Biological_Process_2023","Negative"
"Negative Regulation Of Macromolecule Metabolic Process (GO:0010605)","1/186",0.18589450807538,0.211289932675842,0,0,5.09472329472329,8.57225877068515,"MEF2C","GO_Biological_Process_2023","Negative"
"Cellular Response To Lipid (GO:0071396)","1/228",0.223045298701718,0.252138163749768,0,0,4.14327669393749,6.21649112247523,"MEF2C","GO_Biological_Process_2023","Negative"
"Negative Regulation Of Multicellular Organismal Process (GO:0051241)","1/231",0.225636057814897,0.253287873763165,0,0,4.08861283643892,6.0872573868675,"MEF2C","GO_Biological_Process_2023","Negative"
"Regulation Of I-kappaB kinase/NF-kappaB Signaling (GO:0043122)","1/232",0.226497810192061,0.253287873763165,0,0,4.07070707070707,6.04508142282018,"LTBR","GO_Biological_Process_2023","Negative"
"Inflammatory Response (GO:0006954)","1/236",0.229935674346955,0.255757327615864,0,0,4.00060790273556,5.88071633379523,"SERPINA3","GO_Biological_Process_2023","Negative"
"Positive Regulation Of Cell Differentiation (GO:0045597)","1/283",0.269253514023231,0.297897504876766,0,0,3.32590341100979,4.36392422430334,"MEF2C","GO_Biological_Process_2023","Negative"
"Positive Regulation Of MAPK Cascade (GO:0043410)","1/310",0.290965893824686,0.320216433415527,0,0,3.03112960394514,3.74207869442587,"MEF2C","GO_Biological_Process_2023","Negative"
"Positive Regulation Of Cytokine Production (GO:0001819)","1/320",0.298850130082753,0.32716224766954,0,0,2.9346171070309,3.54446889272257,"ZNF580","GO_Biological_Process_2023","Negative"
"Proteolysis (GO:0006508)","1/330",0.306650638648601,0.333944150989053,0,0,2.84397163120567,3.3617057579006,"MMEL1","GO_Biological_Process_2023","Negative"
"Negative Regulation Of Gene Expression (GO:0010629)","1/336",0.311291107292447,0.33723203290015,0,0,2.79218194740583,3.25855107459106,"MEF2C","GO_Biological_Process_2023","Negative"
"Regulation Of Gene Expression (GO:0010468)","2/1127",0.354154649141509,0.381243213659603,0,0,1.67582222222222,1.73953966319177,"MEF2C;ZNF580","GO_Biological_Process_2023","Negative"
"Regulation Of DNA-templated Transcription (GO:0006355)","3/1922",0.355582612740206,0.381243213659603,0,0,1.48588903211651,1.53640580019853,"MEF2C;ZNF580;MKX","GO_Biological_Process_2023","Negative"
"Cellular Response To Oxygen-Containing Compound (GO:1901701)","1/406",0.363285492136826,0.387504524945948,0,0,2.30135214579659,2.33027156769494,"MEF2C","GO_Biological_Process_2023","Negative"
"Nervous System Development (GO:0007399)","1/433",0.382321042600953,0.40572845337244,0,0,2.15454144620811,2.07157996100355,"MEF2C","GO_Biological_Process_2023","Negative"
"Regulation Of Transcription By RNA Polymerase II (GO:0006357)","3/2028",0.388708180823401,0.410412698534353,0,0,1.3998440545809,1.32274959566501,"MEF2C;ZNF580;MKX","GO_Biological_Process_2023","Negative"
"Regulation Of Nucleic Acid-Templated Transcription (GO:1903506)","1/452",0.395389460699234,0.415358625381013,0,0,2.06176750079189,1.91308112391463,"MEF2C","GO_Biological_Process_2023","Negative"
"Negative Regulation Of Apoptotic Process (GO:0043066)","1/482",0.415487936487312,0.434278848187743,0,0,1.93020493020493,1.69530226929483,"MEF2C","GO_Biological_Process_2023","Negative"
"Positive Regulation Of Intracellular Signal Transduction (GO:1902533)","1/525",0.443186801753741,0.46091427382389,0,0,1.76790258087968,1.43865534045688,"LTBR","GO_Biological_Process_2023","Negative"
"Positive Regulation Of Nucleic Acid-Templated Transcription (GO:1903508)","1/557",0.462981948722699,0.479105698180703,0,0,1.6634121274409,1.28093914154102,"MEF2C","GO_Biological_Process_2023","Negative"
"Positive Regulation Of Cellular Process (GO:0048522)","1/594",0.4850327659838,0.499439679824903,0,0,1.55665301533767,1.12629890391961,"BTC","GO_Biological_Process_2023","Negative"
"Regulation Of Apoptotic Process (GO:0042981)","1/705",0.546118382909734,0.559569574607018,0,0,1.30370670995671,0.788637621854003,"MEF2C","GO_Biological_Process_2023","Negative"
"Negative Regulation Of Transcription By RNA Polymerase II (GO:0000122)","1/763",0.575220696715498,0.585115640489644,0,0,1.20084989376328,0.664071782258913,"MEF2C","GO_Biological_Process_2023","Negative"
"Regulation Of Cell Population Proliferation (GO:0042127)","1/766",0.576676472597966,0.585115640489644,0,0,1.19595393713041,0.658341399047878,"BTC","GO_Biological_Process_2023","Negative"
"Positive Regulation Of Transcription By RNA Polymerase II (GO:0045944)","1/938",0.652623561047774,0.658959712125908,0,0,0.967677999695076,0.412961223601128,"MEF2C","GO_Biological_Process_2023","Negative"
"Negative Regulation Of DNA-templated Transcription (GO:0045892)","1/1025",0.685898937360573,0.689212458797097,0,0,0.881417410714286,0.332316384943559,"MEF2C","GO_Biological_Process_2023","Negative"
"Positive Regulation Of DNA-templated Transcription (GO:0045893)","1/1243",0.756441372961791,0.756441372961791,0,0,0.718349819799095,0.200513162269481,"MEF2C","GO_Biological_Process_2023","Negative"
"Platelet Alpha Granule Lumen (GO:0031093)","1/66",0.0701742022596554,0.220515464422319,0,0,14.5882783882784,38.7577663807685,"SERPINA3","GO_Cellular_Component_2023","Negative"
"Clathrin-Coated Endocytic Vesicle Membrane (GO:0030669)","1/68",0.0722255067202059,0.220515464422319,0,0,14.1513859275053,37.1893047025389,"BTC","GO_Cellular_Component_2023","Negative"
"Clathrin-Coated Endocytic Vesicle (GO:0045334)","1/85",0.0894880427418255,0.220515464422319,0,0,11.2777777777778,27.2206113025093,"BTC","GO_Cellular_Component_2023","Negative"
"Azurophil Granule Lumen (GO:0035578)","1/89",0.0935050277472242,0.220515464422319,0,0,10.762987012987,25.5054816130164,"SERPINA3","GO_Cellular_Component_2023","Negative"
"Platelet Alpha Granule (GO:0031091)","1/89",0.0935050277472242,0.220515464422319,0,0,10.762987012987,25.5054816130164,"SERPINA3","GO_Cellular_Component_2023","Negative"
"Clathrin-Coated Vesicle Membrane (GO:0030665)","1/90",0.0945066276095652,0.220515464422319,0,0,10.64151952916,25.1042524346405,"BTC","GO_Cellular_Component_2023","Negative"
"Cytoplasmic Vesicle Lumen (GO:0060205)","1/115",0.119206030530839,0.228175157111376,0,0,8.29741019214703,17.6477777842792,"SERPINA3","GO_Cellular_Component_2023","Negative"
"Azurophil Granule (GO:0042582)","1/155",0.157392425052854,0.228175157111376,0,0,6.12987012987013,11.3342099851741,"SERPINA3","GO_Cellular_Component_2023","Negative"
"Endocytic Vesicle Membrane (GO:0030666)","1/159",0.161122923190507,0.228175157111376,0,0,5.97347799879445,10.9051080040461,"BTC","GO_Cellular_Component_2023","Negative"
"Vacuolar Lumen (GO:0005775)","1/161",0.162982255079554,0.228175157111376,0,0,5.89821428571429,10.7000328078065,"SERPINA3","GO_Cellular_Component_2023","Negative"
"Secretory Granule Lumen (GO:0034774)","1/316",0.295706530651926,0.37635376628427,0,0,2.97248677248677,3.62164152107942,"SERPINA3","GO_Cellular_Component_2023","Negative"
"Collagen-Containing Extracellular Matrix (GO:0062023)","1/373",0.339258862293685,0.395802006009299,0,0,2.50972862263185,2.7129962053839,"SERPINA3","GO_Cellular_Component_2023","Negative"
"Nucleus (GO:0005634)","6/4487",0.370239302048446,0.398719248359865,0,0,1.29689243472439,1.28859974151131,"SERPINA3;MEF2C;ZNF580;PTTG1;FAM172A;MKX","GO_Cellular_Component_2023","Negative"
"Intracellular Membrane-Bounded Organelle (GO:0043231)","6/5175",0.521313501795115,0.521313501795115,0,0,1.0743615786419,0.699843093824521,"SERPINA3;MEF2C;ZNF580;PTTG1;FAM172A;MKX","GO_Cellular_Component_2023","Negative"
"Minor Groove Of Adenine-Thymine-Rich DNA Binding (GO:0003680)","1/6",0.00658261714792867,0.0971168553293115,0,0,190.219047619048,955.531692191046,"MEF2C","GO_Molecular_Function_2023","Negative"
"Endopeptidase Inhibitor Activity (GO:0004866)","2/112",0.00667310871737193,0.0971168553293115,0,0,18.0618181818182,90.4837388122706,"SERPINA3;PTTG1","GO_Molecular_Function_2023","Negative"
"siRNA Binding (GO:0035197)","1/9",0.00985841272611761,0.0971168553293115,0,0,118.869047619048,549.107257058779,"FAM172A","GO_Molecular_Function_2023","Negative"
"Complement Component C3b Binding (GO:0001851)","1/10",0.0109480522580433,0.0971168553293115,0,0,105.656084656085,476.99429568907,"CFHR3","GO_Molecular_Function_2023","Negative"
"Transmembrane Receptor Protein Tyrosine Kinase Activator Activity (GO:0030297)","1/12",0.0131238993688259,0.0971168553293115,0,0,86.4372294372294,374.560203730456,"BTC","GO_Molecular_Function_2023","Negative"
"Cysteine-Type Endopeptidase Inhibitor Activity (GO:0004869)","1/22",0.0239347858131651,0.139945889908459,0,0,45.2539682539683,168.906925020169,"PTTG1","GO_Molecular_Function_2023","Negative"
"Epidermal Growth Factor Receptor Binding (GO:0005154)","1/25",0.0271559477765974,0.139945889908459,0,0,39.5912698412698,142.77242140899,"BTC","GO_Molecular_Function_2023","Negative"
"Protein Tyrosine Kinase Activator Activity (GO:0030296)","1/29",0.0314350501114811,0.139945889908459,0,0,33.9285714285714,117.387149102405,"BTC","GO_Molecular_Function_2023","Negative"
"DNA Secondary Structure Binding (GO:0000217)","1/33",0.0356961836698558,0.139945889908459,0,0,29.6815476190476,98.9200349665424,"MEF2C","GO_Molecular_Function_2023","Negative"
"Regulatory RNA Binding (GO:0061980)","1/42",0.0452184067076381,0.139945889908459,0,0,23.1556329849013,71.6956528733024,"FAM172A","GO_Molecular_Function_2023","Negative"
"CCR Chemokine Receptor Binding (GO:0048020)","1/44",0.0473222337759817,0.139945889908459,0,0,22.0764119601329,67.3501664756117,"CCL27","GO_Molecular_Function_2023","Negative"
"Chemokine Activity (GO:0008009)","1/46",0.0494216355431909,0.139945889908459,0,0,21.0931216931217,63.4347577737382,"CCL27","GO_Molecular_Function_2023","Negative"
"Chemokine Receptor Binding (GO:0042379)","1/50",0.0536071985992548,0.139945889908459,0,0,19.3673469387755,56.6702499978695,"CCL27","GO_Molecular_Function_2023","Negative"
"DNA-binding Transcription Activator Activity, RNA Polymerase II-specific (GO:0001228)","2/348",0.0554752731849901,0.139945889908459,0,0,5.67398843930636,16.4081412520712,"MEF2C;ZNF580","GO_Molecular_Function_2023","Negative"
"Serine-Type Endopeptidase Inhibitor Activity (GO:0004867)","1/53",0.056734820233159,0.139945889908459,0,0,18.2472527472527,52.3580674880807,"SERPINA3","GO_Molecular_Function_2023","Negative"
"Amyloid-Beta Binding (GO:0001540)","1/79",0.083430691540319,0.192933474186988,0,0,12.1489621489621,30.1748515026569,"ITM2A","GO_Molecular_Function_2023","Negative"
"Growth Factor Receptor Binding (GO:0070851)","1/96",0.100494079072936,0.205359221202297,0,0,9.96641604010025,22.8994002764751,"BTC","GO_Molecular_Function_2023","Negative"
"Histone Deacetylase Binding (GO:0042826)","1/99",0.103473614552829,0.205359221202297,0,0,9.65986394557823,21.9128085408191,"MEF2C","GO_Molecular_Function_2023","Negative"
"Metalloendopeptidase Activity (GO:0004222)","1/101",0.10545473521199,0.205359221202297,0,0,9.46571428571429,21.2928731438219,"MMEL1","GO_Molecular_Function_2023","Negative"
"Cis-Regulatory Region Sequence-Specific DNA Binding (GO:0000987)","3/1098",0.11708749422104,0.215170713823357,0,0,2.72285508291276,5.8400716410247,"MEF2C;ZNF580;MKX","GO_Molecular_Function_2023","Negative"
"RNA Polymerase II Cis-Regulatory Region Sequence-Specific DNA Binding (GO:0000978)","3/1122",0.122859389035781,0.215170713823357,0,0,2.6610695639904,5.57950382184762,"MEF2C;ZNF580;MKX","GO_Molecular_Function_2023","Negative"
"Metallopeptidase Activity (GO:0008237)","1/124",0.127939343354428,0.215170713823357,0,0,7.68679829655439,15.8055870276335,"MMEL1","GO_Molecular_Function_2023","Negative"
"RNA Polymerase II Transcription Regulatory Region Sequence-Specific DNA Binding (GO:0000977)","3/1225",0.148820446940247,0.239406805947353,0,0,2.42346455336377,4.61673572944629,"MEF2C;ZNF580;MKX","GO_Molecular_Function_2023","Negative"
"Double-Stranded DNA Binding (GO:0003690)","2/650",0.159267901629789,0.245538015012591,0,0,2.98302469135802,5.48031624951298,"MEF2C;ZNF580","GO_Molecular_Function_2023","Negative"
"Cytokine Activity (GO:0005125)","1/178",0.178628531097526,0.250416592625855,0,0,5.32714554748453,9.17572519939969,"CCL27","GO_Molecular_Function_2023","Negative"
"Sequence-Specific Double-Stranded DNA Binding (GO:1990837)","2/715",0.184857485844038,0.250416592625855,0,0,2.70196353436185,4.56137404341358,"MEF2C;ZNF580","GO_Molecular_Function_2023","Negative"
"Sequence-Specific DNA Binding (GO:0043565)","2/717",0.185655619453689,0.250416592625855,0,0,2.69412587412587,4.53653572396249,"MEF2C;ZNF580","GO_Molecular_Function_2023","Negative"
"Protein Heterodimerization Activity (GO:0046982)","1/190",0.18950444847362,0.250416592625855,0,0,4.98589065255732,8.29324521850334,"MEF2C","GO_Molecular_Function_2023","Negative"
"Transcription Regulatory Region Nucleic Acid Binding (GO:0001067)","1/224",0.21957808040349,0.275089201732119,0,0,4.21844971172325,6.39536967674684,"MEF2C","GO_Molecular_Function_2023","Negative"
"RNA Polymerase II-specific DNA-binding Transcription Factor Binding (GO:0061629)","1/228",0.223045298701718,0.275089201732119,0,0,4.14327669393749,6.21649112247523,"MEF2C","GO_Molecular_Function_2023","Negative"
"Ubiquitin Protein Ligase Binding (GO:0031625)","1/271",0.25940116540905,0.307360848131623,0,0,3.47583774250441,4.69022424511237,"LTBR","GO_Molecular_Function_2023","Negative"
"DNA-binding Transcription Factor Binding (GO:0140297)","1/282",0.268437287409782,0.307360848131623,0,0,3.33790882901203,4.38981060390759,"MEF2C","GO_Molecular_Function_2023","Negative"
"Ubiquitin-Like Protein Ligase Binding (GO:0044389)","1/289",0.27413264833361,0.307360848131623,0,0,3.25562169312169,4.21324058390743,"LTBR","GO_Molecular_Function_2023","Negative"
"Receptor Ligand Activity (GO:0048018)","1/319",0.298065488252041,0.32436538427428,0,0,2.94399520814615,3.56353561668066,"BTC","GO_Molecular_Function_2023","Negative"
"Endopeptidase Activity (GO:0004175)","1/335",0.310519760124492,0.32826374641732,0,0,2.80068434559453,3.27542201930472,"MMEL1","GO_Molecular_Function_2023","Negative"
"Transcription Cis-Regulatory Region Binding (GO:0000976)","1/474",0.410191607605439,0.421585818927812,0,0,1.96365649854022,1.74987496875173,"MEF2C","GO_Molecular_Function_2023","Negative"
"DNA Binding (GO:0003677)","1/846",0.613786105635739,0.613786105635739,0,0,1.07821921668076,0.526288259616526,"SERPINA3","GO_Molecular_Function_2023","Negative"
"Viral protein interaction with cytokine and cytokine receptor","2/100",0.00535649695773258,0.101773442196919,0,0,20.2857142857143,106.083028567318,"LTBR;CCL27","KEGG_2021_Human","Negative"
"Human T-cell leukemia virus 1 infection","2/219",0.0238747443723481,0.20799368490146,0,0,9.10645161290323,34.0119966552988,"PTTG1;LTBR","KEGG_2021_Human","Negative"
"Cytokine-cytokine receptor interaction","2/295",0.0412542174239703,0.20799368490146,0,0,6.71843003412969,21.418367921063,"LTBR;CCL27","KEGG_2021_Human","Negative"
"Intestinal immune network for IgA production","1/48",0.0515166208717867,0.20799368490146,0,0,20.193515704154,59.8909544637728,"LTBR","KEGG_2021_Human","Negative"
"Complement and coagulation cascades","1/85",0.0894880427418255,0.20799368490146,0,0,11.2777777777778,27.2206113025093,"CFHR3","KEGG_2021_Human","Negative"
"ErbB signaling pathway","1/85",0.0894880427418255,0.20799368490146,0,0,11.2777777777778,27.2206113025093,"BTC","KEGG_2021_Human","Negative"
"NF-kappa B signaling pathway","1/104",0.108418582791051,0.20799368490146,0,0,9.18862690707351,20.4148849107956,"LTBR","KEGG_2021_Human","Negative"
"Parathyroid hormone synthesis, secretion and action","1/106",0.110389271134368,0.20799368490146,0,0,9.01269841269841,19.8616650141474,"MEF2C","KEGG_2021_Human","Negative"
"HIF-1 signaling pathway","1/109",0.113337509489395,0.20799368490146,0,0,8.7610229276896,19.0761208035119,"LTBR","KEGG_2021_Human","Negative"
"Cell cycle","1/124",0.127939343354428,0.20799368490146,0,0,7.68679829655439,15.8055870276335,"PTTG1","KEGG_2021_Human","Negative"
"Oocyte meiosis","1/129",0.132755403855521,0.20799368490146,0,0,7.38467261904762,14.9114773871572,"PTTG1","KEGG_2021_Human","Negative"
"Apelin signaling pathway","1/137",0.140408333001057,0.20799368490146,0,0,6.94747899159664,13.6392937943816,"MEF2C","KEGG_2021_Human","Negative"
"Fluid shear stress and atherosclerosis","1/139",0.142311468616788,0.20799368490146,0,0,6.84610075914424,13.3480972052265,"MEF2C","KEGG_2021_Human","Negative"
"Oxytocin signaling pathway","1/154",0.156457329195981,0.212305500391768,0,0,6.17024587612823,11.4456331054925,"MEF2C","KEGG_2021_Human","Negative"
"cGMP-PKG signaling pathway","1/167",0.168536677343455,0.212305500391768,0,0,5.68330464716007,10.1197029574316,"MEF2C","KEGG_2021_Human","Negative"
"Transcriptional misregulation in cancer","1/192",0.191303683768377,0.212305500391768,0,0,4.93318374470207,8.15895878441513,"MEF2C","KEGG_2021_Human","Negative"
"Chemokine signaling pathway","1/192",0.191303683768377,0.212305500391768,0,0,4.93318374470207,8.15895878441513,"CCL27","KEGG_2021_Human","Negative"
"Viral carcinogenesis","1/203",0.201131526686938,0.212305500391768,0,0,4.66195190947666,7.47682086561428,"LTBR","KEGG_2021_Human","Negative"
"MAPK signaling pathway","1/294",0.278174823837977,0.278174823837977,0,0,3.19925239720462,4.09346103880339,"MEF2C","KEGG_2021_Human","Negative"
"MECP2 Regulates Transcription Factors R-HSA-9022707","1/5",0.00548838944332051,0.143926523215966,0,0,237.785714285714,1237.70327900363,"MEF2C","Reactome_2022","Negative"
"Inhibition Of Signaling By Overexpressed EGFR R-HSA-5638303","1/8",0.0087676277457428,0.143926523215966,0,0,135.857142857143,643.513034914984,"BTC","Reactome_2022","Negative"
"EGFR Interacts With Phospholipase C-gamma R-HSA-212718","1/9",0.00985841272611761,0.143926523215966,0,0,118.869047619048,549.107257058779,"BTC","Reactome_2022","Negative"
"PI3K Events In ERBB4 Signaling R-HSA-1250342","1/10",0.0109480522580433,0.143926523215966,0,0,105.656084656085,476.99429568907,"BTC","Reactome_2022","Negative"
"GRB2 Events In EGFR Signaling R-HSA-179812","1/12",0.0131238993688259,0.143926523215966,0,0,86.4372294372294,374.560203730456,"BTC","Reactome_2022","Negative"
"SHC1 Events In EGFR Signaling R-HSA-180336","1/13",0.0142101091631312,0.143926523215966,0,0,79.2301587301587,337.029380313891,"BTC","Reactome_2022","Negative"
"SHC1 Events In ERBB4 Signaling R-HSA-1250347","1/13",0.0142101091631312,0.143926523215966,0,0,79.2301587301587,337.029380313891,"BTC","Reactome_2022","Negative"
"ERBB2 Activates PTK6 Signaling R-HSA-8847993","1/13",0.0142101091631312,0.143926523215966,0,0,79.2301587301587,337.029380313891,"BTC","Reactome_2022","Negative"
"GRB2 Events In ERBB2 Signaling R-HSA-1963640","1/15",0.0163791067947741,0.143926523215966,0,0,67.9047619047619,279.207318677518,"BTC","Reactome_2022","Negative"
"ERBB2 Regulates Cell Motility R-HSA-6785631","1/15",0.0163791067947741,0.143926523215966,0,0,67.9047619047619,279.207318677518,"BTC","Reactome_2022","Negative"
"PI3K Events In ERBB2 Signaling R-HSA-1963642","1/16",0.0174618968734111,0.143926523215966,0,0,63.3746031746032,256.523541924451,"BTC","Reactome_2022","Negative"
"GAB1 Signalosome R-HSA-180292","1/17",0.0185435492893687,0.143926523215966,0,0,59.4107142857143,236.908142520545,"BTC","Reactome_2022","Negative"
"TNF Receptor Superfamily (TNFSF) Members Mediating Non-Canonical NF-kB Pathway R-HSA-5676594","1/17",0.0185435492893687,0.143926523215966,0,0,59.4107142857143,236.908142520545,"LTBR","Reactome_2022","Negative"
"SHC1 Events In ERBB2 Signaling R-HSA-1250196","1/21",0.0228588048336812,0.143926523215966,0,0,47.5190476190476,179.546867822623,"BTC","Reactome_2022","Negative"
"Signaling By ERBB2 TMD/JMD Mutants R-HSA-9665686","1/21",0.0228588048336812,0.143926523215966,0,0,47.5190476190476,179.546867822623,"BTC","Reactome_2022","Negative"
"ERK/MAPK Targets R-HSA-198753","1/22",0.0239347858131651,0.143926523215966,0,0,45.2539682539683,168.906925020169,"MEF2C","Reactome_2022","Negative"
"Signaling By EGFR In Cancer R-HSA-1643713","1/24",0.0260833561592032,0.143926523215966,0,0,41.3146997929607,150.652311922366,"BTC","Reactome_2022","Negative"
"Signaling By ERBB2 KD Mutants R-HSA-9664565","1/24",0.0260833561592032,0.143926523215966,0,0,41.3146997929607,150.652311922366,"BTC","Reactome_2022","Negative"
"Estrogen-dependent Nuclear Events Downstream Of ESR-membrane Signaling R-HSA-9634638","1/24",0.0260833561592032,0.143926523215966,0,0,41.3146997929607,150.652311922366,"BTC","Reactome_2022","Negative"
"Signaling By ERBB2 In Cancer R-HSA-1227990","1/25",0.0271559477765974,0.143926523215966,0,0,39.5912698412698,142.77242140899,"BTC","Reactome_2022","Negative"
"Myogenesis R-HSA-525793","1/29",0.0314350501114811,0.146842143135767,0,0,33.9285714285714,117.387149102405,"MEF2C","Reactome_2022","Negative"
"Downregulation Of ERBB2 Signaling R-HSA-8863795","1/29",0.0314350501114811,0.146842143135767,0,0,33.9285714285714,117.387149102405,"BTC","Reactome_2022","Negative"
"MAPK Targets/ Nuclear Events Mediated By MAP Kinases R-HSA-450282","1/30",0.0325020152689228,0.146842143135767,0,0,32.7569786535304,112.240253782494,"MEF2C","Reactome_2022","Negative"
"EGFR Downregulation R-HSA-182971","1/31",0.0335678584979563,0.146842143135767,0,0,31.6634920634921,107.471789773985,"BTC","Reactome_2022","Negative"
"Nuclear Signaling By ERBB4 R-HSA-1251985","1/32",0.034632580928247,0.146842143135767,0,0,30.6405529953917,103.042966194082,"BTC","Reactome_2022","Negative"
"Regulation Of Complement Cascade R-HSA-977606","1/45",0.0483724872635307,0.189248957419653,0,0,21.5735930735931,65.3426180176818,"CFHR3","Reactome_2022","Negative"
"Heme Signaling R-HSA-9707616","1/45",0.0483724872635307,0.189248957419653,0,0,21.5735930735931,65.3426180176818,"MEF2C","Reactome_2022","Negative"
"Signaling By EGFR R-HSA-177929","1/49",0.0525624601312182,0.189248957419653,0,0,19.7718253968254,58.2429159504467,"BTC","Reactome_2022","Negative"
"Signaling By ERBB2 R-HSA-1227986","1/49",0.0525624601312182,0.189248957419653,0,0,19.7718253968254,58.2429159504467,"BTC","Reactome_2022","Negative"
"Transcriptional Activation Of Mitochondrial Biogenesis R-HSA-2151201","1/52",0.0556933775463979,0.189248957419653,0,0,18.6059757236228,53.732086291887,"MEF2C","Reactome_2022","Negative"
"Signaling By Non-Receptor Tyrosine Kinases R-HSA-9006927","1/52",0.0556933775463979,0.189248957419653,0,0,18.6059757236228,53.732086291887,"BTC","Reactome_2022","Negative"
"Complement Cascade R-HSA-166658","1/55",0.0588144175257853,0.189248957419653,0,0,17.5696649029982,49.7813308418975,"CFHR3","Reactome_2022","Negative"
"Chemokine Receptors Bind Chemokines R-HSA-380108","1/56",0.0598525743301971,0.189248957419653,0,0,17.2493506493506,48.5719434139061,"CCL27","Reactome_2022","Negative"
"Signaling By ERBB4 R-HSA-1236394","1/57",0.0608896380354621,0.189248957419653,0,0,16.9404761904762,47.4111796956927,"BTC","Reactome_2022","Negative"
"Transcriptional Regulation By MECP2 R-HSA-8986944","1/60",0.0639942814878953,0.189248957419653,0,0,16.0766747376917,44.1941607277348,"MEF2C","Reactome_2022","Negative"
"Nuclear Events (Kinase And Transcription Factor Activation) R-HSA-198725","1/61",0.0650269837291302,0.189248957419653,0,0,15.8079365079365,43.2023468856627,"MEF2C","Reactome_2022","Negative"
"MAP Kinase Activation R-HSA-450294","1/62",0.0660585983445958,0.189248957419653,0,0,15.5480093676815,42.2472543776498,"MEF2C","Reactome_2022","Negative"
"APC/C:Cdc20 Mediated Degradation Of Securin R-HSA-174154","1/67",0.0712003950414228,0.193661060949337,0,0,14.3665223665224,37.9600430278662,"PTTG1","Reactome_2022","Negative"
"Circadian Clock R-HSA-400253","1/69",0.073249538363641,0.193661060949337,0,0,13.9425770308123,36.4442697241987,"MEF2C","Reactome_2022","Negative"
"Interleukin-17 Signaling R-HSA-448424","1/69",0.073249538363641,0.193661060949337,0,0,13.9425770308123,36.4442697241987,"MEF2C","Reactome_2022","Negative"
"APC/C:Cdh1 Mediated Degradation Of Cdc20 And APC/C:Cdh1 Targets In Late Mitosis/Early G1 R-HSA-174178","1/73",0.077334886422763,0.193661060949337,0,0,13.1653439153439,33.6981474285834,"PTTG1","Reactome_2022","Negative"
"Extra-nuclear Estrogen Signaling R-HSA-9009391","1/73",0.077334886422763,0.193661060949337,0,0,13.1653439153439,33.6981474285834,"BTC","Reactome_2022","Negative"
"APC/C:Cdc20 Mediated Degradation Of Mitotic Proteins R-HSA-176409","1/75",0.0793711084262535,0.193661060949337,0,0,12.8082368082368,32.4512158376924,"PTTG1","Reactome_2022","Negative"
"Activation Of APC/C And APC/C:Cdc20 Mediated Degradation Of Mitotic Proteins R-HSA-176814","1/76",0.080387610205385,0.193661060949337,0,0,12.6368253968254,31.856112695806,"PTTG1","Reactome_2022","Negative"
"Constitutive Signaling By Aberrant PI3K In Cancer R-HSA-2219530","1/78",0.0824174006878716,0.194138766064764,0,0,12.3073593073593,30.7186604260223,"BTC","Reactome_2022","Negative"
"APC/C-mediated Degradation Of Cell Cycle Proteins R-HSA-174143","1/87",0.0914986544722914,0.196759064562292,0,0,11.0143964562569,26.3401692642822,"PTTG1","Reactome_2022","Negative"
"Mitochondrial Biogenesis R-HSA-1592230","1/89",0.0935050277472242,0.196759064562292,0,0,10.762987012987,25.5054816130164,"MEF2C","Reactome_2022","Negative"
"MyD88 Cascade Initiated On Plasma Membrane R-HSA-975871","1/96",0.100494079072936,0.196759064562292,0,0,9.96641604010025,22.8994002764751,"MEF2C","Reactome_2022","Negative"
"Signaling By Receptor Tyrosine Kinases R-HSA-9006934","2/496",0.102405675318668,0.196759064562292,0,0,3.94412955465587,8.98793427425421,"BTC;MEF2C","Reactome_2022","Negative"
"Innate Immune System R-HSA-168249","3/1035",0.102478635535507,0.196759064562292,0,0,2.89871481028152,6.60356492229344,"SERPINA3;MEF2C;CFHR3","Reactome_2022","Negative"
"TNFR2 Non-Canonical NF-kB Pathway R-HSA-5668541","1/100",0.104464697819105,0.196759064562292,0,0,9.56180856180856,21.5992275397069,"LTBR","Reactome_2022","Negative"
"TRAF6 Mediated Induction Of NFkB And MAP Kinases Upon TLR7/8 Or 9 Activation R-HSA-975138","1/101",0.10545473521199,0.196759064562292,0,0,9.46571428571429,21.2928731438219,"MEF2C","Reactome_2022","Negative"
"MyD88 Dependent Cascade Initiated On Endosome R-HSA-975155","1/102",0.106443727819451,0.196759064562292,0,0,9.37152286657237,20.9935120892893,"MEF2C","Reactome_2022","Negative"
"Toll Like Receptor 3 (TLR3) Cascade R-HSA-168164","1/103",0.10743167667167,0.196759064562292,0,0,9.27917833800187,20.7009208037458,"MEF2C","Reactome_2022","Negative"
"Toll Like Receptor 7/8 (TLR7/8) Cascade R-HSA-168181","1/103",0.10743167667167,0.196759064562292,0,0,9.27917833800187,20.7009208037458,"MEF2C","Reactome_2022","Negative"
"Cargo Recognition For Clathrin-Mediated Endocytosis R-HSA-8856825","1/104",0.108418582791051,0.196759064562292,0,0,9.18862690707351,20.4148849107956,"BTC","Reactome_2022","Negative"
"PI3K/AKT Signaling In Cancer R-HSA-2219528","1/105",0.109404447269235,0.196759064562292,0,0,9.09981684981685,20.1351987620263,"BTC","Reactome_2022","Negative"
"PI5P, PP2A And IER3 Regulate PI3K/AKT Signaling R-HSA-6811558","1/106",0.110389271134368,0.196759064562292,0,0,9.01269841269841,19.8616650141474,"BTC","Reactome_2022","Negative"
"Toll Like Receptor 9 (TLR9) Cascade R-HSA-168138","1/106",0.110389271134368,0.196759064562292,0,0,9.01269841269841,19.8616650141474,"MEF2C","Reactome_2022","Negative"
"MyD88-independent TLR4 Cascade R-HSA-166166","1/107",0.111373055412618,0.196759064562292,0,0,8.92722371967655,19.5940942147593,"MEF2C","Reactome_2022","Negative"
"MyD88:MAL(TIRAP) Cascade Initiated On Plasma Membrane R-HSA-166058","1/112",0.116276419918292,0.198927550408091,0,0,8.52295152295152,18.3395591765212,"MEF2C","Reactome_2022","Negative"
"Negative Regulation Of PI3K/AKT Network R-HSA-199418","1/113",0.117253988706855,0.198927550408091,0,0,8.44642857142857,18.1041835654313,"BTC","Reactome_2022","Negative"
"Signaling By NTRK1 (TRKA) R-HSA-187037","1/114",0.118230525242544,0.198927550408091,0,0,8.37126000842815,17.8736359343561,"MEF2C","Reactome_2022","Negative"
"Platelet Degranulation R-HSA-114608","1/125",0.128904593171176,0.213498232439759,0,0,7.62442396313364,15.6200257457564,"SERPINA3","Reactome_2022","Negative"
"Response To Elevated Platelet Cytosolic Ca2+ R-HSA-76005","1/130",0.133715564511702,0.21783456537664,0,0,7.32705795496493,14.7423365302376,"SERPINA3","Reactome_2022","Negative"
"Signaling By NTRKs R-HSA-166520","1/132",0.135632842593002,0.21783456537664,0,0,7.21446746637586,14.4130900199796,"MEF2C","Reactome_2022","Negative"
"Toll Like Receptor 4 (TLR4) Cascade R-HSA-166016","1/140",0.143261527531179,0.226276691962227,0,0,6.79650565262076,13.2061776868017,"MEF2C","Reactome_2022","Negative"
"Clathrin-mediated Endocytosis R-HSA-8856828","1/142",0.145158632579542,0.226276691962227,0,0,6.69942586963864,12.9294103520518,"BTC","Reactome_2022","Negative"
"Immune System R-HSA-168256","4/1943",0.159490430402051,0.24501428438576,0,0,2.06738868832732,3.79525293582508,"SERPINA3;MEF2C;CFHR3;LTBR","Reactome_2022","Negative"
"Toll-like Receptor Cascades R-HSA-168898","1/162",0.163910445219536,0.248207245618155,0,0,5.86128364389234,10.5997508736255,"MEF2C","Reactome_2022","Negative"
"Separation Of Sister Chromatids R-HSA-2467813","1/170",0.171300677364115,0.255744673247833,0,0,5.58157227387997,9.84776286798092,"PTTG1","Reactome_2022","Negative"
"Cytokine Signaling In Immune System R-HSA-1280215","2/702",0.179683966057583,0.264534727806998,0,0,2.754,4.72739444005095,"MEF2C;LTBR","Reactome_2022","Negative"
"ESR-mediated Signaling R-HSA-8939211","1/188",0.187701392482556,0.272552706892478,0,0,5.03972498090145,8.43097062020214,"BTC","Reactome_2022","Negative"
"Peptide Ligand-Binding Receptors R-HSA-375276","1/196",0.194890723063668,0.279167792496605,0,0,4.83101343101343,7.90023487419645,"CCL27","Reactome_2022","Negative"
"Mitotic Anaphase R-HSA-68882","1/232",0.226497810192061,0.31710548149031,0,0,4.07070707070707,6.04508142282018,"PTTG1","Reactome_2022","Negative"
"Mitotic Metaphase And Anaphase R-HSA-2555396","1/233",0.22735864710626,0.31710548149031,0,0,4.05295566502463,6.00334559820108,"PTTG1","Reactome_2022","Negative"
"Platelet Activation, Signaling And Aggregation R-HSA-76002","1/254",0.245226383834485,0.33758437255137,0,0,3.71259175607002,5.21832051226805,"SERPINA3","Reactome_2022","Negative"
"Signaling By Nuclear Receptors R-HSA-9006931","1/260",0.250258563813517,0.340094971336318,0,0,3.62548262548263,5.02223838331506,"BTC","Reactome_2022","Negative"
"PIP3 Activates AKT Signaling R-HSA-1257604","1/268",0.256918338561328,0.341711790766255,0,0,3.51542714464063,4.77745491997216,"BTC","Reactome_2022","Negative"
"RAF/MAP Kinase Cascade R-HSA-5673001","1/271",0.25940116540905,0.341711790766255,0,0,3.47583774250441,4.69022424511237,"BTC","Reactome_2022","Negative"
"Organelle Biogenesis And Maintenance R-HSA-1852241","1/275",0.262699285486415,0.341711790766255,0,0,3.42440041710115,4.57755117033826,"MEF2C","Reactome_2022","Negative"
"MAPK1/MAPK3 Signaling R-HSA-5684996","1/277",0.264343083422952,0.341711790766255,0,0,3.39924085576259,4.52271532070451,"BTC","Reactome_2022","Negative"
"Intracellular Signaling By Second Messengers R-HSA-9006925","1/306",0.28778856419072,0.367537202460437,0,0,3.07150663544106,3.82565126565759,"BTC","Reactome_2022","Negative"
"G Alpha (I) Signaling Events R-HSA-418594","1/312",0.292549480245719,0.369169582214836,0,0,3.01133057724698,3.70129104583723,"CCL27","Reactome_2022","Negative"
"MAPK Family Signaling Cascades R-HSA-5683057","1/318",0.297280008305874,0.370725657416736,0,0,2.95343247709178,3.5827522185212,"BTC","Reactome_2022","Negative"
"Class A/1 (Rhodopsin-like Receptors) R-HSA-373076","1/327",0.304319226935029,0.375091140175733,0,0,2.87058136137891,3.41506760746833,"CCL27","Reactome_2022","Negative"
"M Phase R-HSA-68886","1/380",0.344426635937052,0.419646246084225,0,0,2.46249528835281,2.6247101198781,"PTTG1","Reactome_2022","Negative"
"Diseases Of Signal Transduction By Growth Factor Receptors And Second Messengers R-HSA-5663202","1/424",0.376037043657652,0.452953711678535,0,0,2.20139592480018,2.15311407302083,"BTC","Reactome_2022","Negative"
"Signaling By Interleukins R-HSA-449147","1/453",0.396069909220717,0.470476526127156,0,0,2.05710071639275,1.90521374875495,"MEF2C","Reactome_2022","Negative"
"GPCR Ligand Binding R-HSA-500792","1/458",0.399461201428718,0.470476526127156,0,0,2.03407314785871,1.86654410957118,"CCL27","Reactome_2022","Negative"
"Neutrophil Degranulation R-HSA-6798695","1/468",0.406189331435656,0.473143616837138,0,0,1.98949729784848,1.79240952763202,"SERPINA3","Reactome_2022","Negative"
"Cell Cycle, Mitotic R-HSA-69278","1/523",0.44192675471555,0.509176478259221,0,0,1.77485860244481,1.44936927819415,"PTTG1","Reactome_2022","Negative"
"Hemostasis R-HSA-109582","1/576",0.474415554610227,0.540731707405205,0,0,1.60687370600414,1.19820015785066,"SERPINA3","Reactome_2022","Negative"
"Membrane Trafficking R-HSA-199991","1/599",0.487945462783661,0.550236372926256,0,0,1.54323936932633,1.10735393414583,"BTC","Reactome_2022","Negative"
"GPCR Downstream Signaling R-HSA-388396","1/619",0.499439760230501,0.557269627204559,0,0,1.49175527816305,1.03567838354087,"CCL27","Reactome_2022","Negative"
"Vesicle-mediated Transport R-HSA-5653656","1/637",0.5095736900941,0.562654282812235,0,0,1.44818808026355,0.976340605165287,"BTC","Reactome_2022","Negative"
"Cell Cycle R-HSA-1640170","1/654",0.518964575686505,0.563228308238624,0,0,1.40924670021148,0.924352606713922,"PTTG1","Reactome_2022","Negative"
"Signal Transduction R-HSA-162582","3/2465",0.520720511390426,0.563228308238624,0,0,1.12334858266707,0.733031937204943,"BTC;MEF2C;CCL27","Reactome_2022","Negative"
"Signaling By GPCR R-HSA-372790","1/689",0.537761127332115,0.575784641385901,0,0,1.33513289036545,0.828237430228543,"CCL27","Reactome_2022","Negative"
"Cellular Responses To Stress R-HSA-2262752","1/722",0.554839856733576,0.588130248137591,0,0,1.27184466019417,0.749212851283476,"MEF2C","Reactome_2022","Negative"
"Cellular Responses To Stimuli R-HSA-8953897","1/736",0.561901902374105,0.589718828234209,0,0,1.24671201814059,0.718639709283316,"MEF2C","Reactome_2022","Negative"
"Developmental Biology R-HSA-1266738","1/1073",0.702931887073185,0.730497843428997,0,0,0.839818763326226,0.296032150806796,"MEF2C","Reactome_2022","Negative"
"Generic Transcription Pathway R-HSA-212436","1/1190",0.740834238072715,0.76241193432726,0,0,0.752493091433377,0.225731657789994,"MEF2C","Reactome_2022","Negative"
"RNA Polymerase II Transcription R-HSA-73857","1/1312",0.775419625206002,0.790331541075349,0,0,0.678035668882351,0.172459012637276,"MEF2C","Reactome_2022","Negative"
"Gene Expression (Transcription) R-HSA-74160","1/1449",0.809000766161657,0.816705535363196,0,0,0.609379110760326,0.129161202238162,"MEF2C","Reactome_2022","Negative"
"Disease R-HSA-1643685","1/1736",0.864488346196509,0.864488346196509,0,0,0.500699876492384,0.0729106414066695,"BTC","Reactome_2022","Negative"
"SRF And miRs In Smooth Muscle Differentiation And Proliferation WP1991","1/12",0.0131238993688259,0.151292853955091,0,0,86.4372294372294,374.560203730456,"MEF2C","WikiPathway_2023_Human","Negative"
"Regulation Of Sister Chromatid Separation At The Metaphase Anaphase Transition WP4240","1/15",0.0163791067947741,0.151292853955091,0,0,67.9047619047619,279.207318677518,"PTTG1","WikiPathway_2023_Human","Negative"
"Cell Differentiation Expanded Index WP2023","1/21",0.0228588048336812,0.151292853955091,0,0,47.5190476190476,179.546867822623,"MEF2C","WikiPathway_2023_Human","Negative"
"NAD Metabolism In Oncogene Induced Senescence And Mitochondrial Dysfunction Associated Senescence WP5046","1/22",0.0239347858131651,0.151292853955091,0,0,45.2539682539683,168.906925020169,"CCL27","WikiPathway_2023_Human","Negative"
"13Q12 12 Copy Number Variation WP5406","1/32",0.034632580928247,0.151292853955091,0,0,30.6405529953917,103.042966194082,"C1QTNF9","WikiPathway_2023_Human","Negative"
"Prion Disease Pathway WP3995","1/32",0.034632580928247,0.151292853955091,0,0,30.6405529953917,103.042966194082,"MEF2C","WikiPathway_2023_Human","Negative"
"Cohesin Complex Cornelia De Lange Syndrome WP5117","1/34",0.0367586678440145,0.151292853955091,0,0,28.7806637806638,95.0735042734142,"PTTG1","WikiPathway_2023_Human","Negative"
"Heart Development WP1591","1/44",0.0473222337759817,0.151292853955091,0,0,22.0764119601329,67.3501664756117,"MEF2C","WikiPathway_2023_Human","Negative"
"Energy Metabolism WP1541","1/48",0.0515166208717867,0.151292853955091,0,0,20.193515704154,59.8909544637728,"MEF2C","WikiPathway_2023_Human","Negative"
"Rett Syndrome Causing Genes WP4312","1/48",0.0515166208717867,0.151292853955091,0,0,20.193515704154,59.8909544637728,"MEF2C","WikiPathway_2023_Human","Negative"
"Vitamin B12 Metabolism WP1533","1/50",0.0536071985992548,0.151292853955091,0,0,19.3673469387755,56.6702499978695,"SERPINA3","WikiPathway_2023_Human","Negative"
"Cardiac Progenitor Differentiation WP2406","1/53",0.056734820233159,0.151292853955091,0,0,18.2472527472527,52.3580674880807,"MEF2C","WikiPathway_2023_Human","Negative"
"Endochondral Ossification WP474","1/63",0.0670891264160782,0.153346574665322,0,0,15.2964669738863,41.3269741737809,"MEF2C","WikiPathway_2023_Human","Negative"
"Endochondral Ossification With Skeletal Dysplasias WP4808","1/63",0.0670891264160782,0.153346574665322,0,0,15.2964669738863,41.3269741737809,"MEF2C","WikiPathway_2023_Human","Negative"
"Folate Metabolism WP176","1/68",0.0722255067202059,0.154081081003106,0,0,14.1513859275053,37.1893047025389,"SERPINA3","WikiPathway_2023_Human","Negative"
"MECP2 And Associated Rett Syndrome WP3584","1/73",0.077334886422763,0.154669772845526,0,0,13.1653439153439,33.6981474285834,"MEF2C","WikiPathway_2023_Human","Negative"
"Selenium Micronutrient Network WP15","1/86",0.0904938789441273,0.168011782417005,0,0,11.144537815126,26.7744519398787,"SERPINA3","WikiPathway_2023_Human","Negative"
"ErbB Signaling Pathway WP673","1/90",0.0945066276095652,0.168011782417005,0,0,10.64151952916,25.1042524346405,"BTC","WikiPathway_2023_Human","Negative"
"Gastrin Signaling Pathway WP4659","1/115",0.119206030530839,0.179722666241353,0,0,8.29741019214703,17.6477777842792,"MEF2C","WikiPathway_2023_Human","Negative"
"Cell Cycle WP179","1/120",0.124068124716087,0.179722666241353,0,0,7.94677871148459,16.5843269615311,"PTTG1","WikiPathway_2023_Human","Negative"
"Overview Of Proinflammatory And Profibrotic Mediators WP5095","1/129",0.132755403855521,0.179722666241353,0,0,7.38467261904762,14.9114773871572,"CCL27","WikiPathway_2023_Human","Negative"
"Adipogenesis WP236","1/131",0.134674710415807,0.179722666241353,0,0,7.27032967032967,14.5762327777394,"MEF2C","WikiPathway_2023_Human","Negative"
"TGF Beta Signaling Pathway WP366","1/132",0.135632842593002,0.179722666241353,0,0,7.21446746637586,14.4130900199796,"MEF2C","WikiPathway_2023_Human","Negative"
"2Q37 Copy Number Variation Syndrome WP5224","1/135",0.138501166840099,0.179722666241353,0,0,7.05188343994314,13.940702854508,"MEF2C","WikiPathway_2023_Human","Negative"
"Brain Derived Neurotrophic Factor BDNF Signaling Pathway WP2380","1/137",0.140408333001057,0.179722666241353,0,0,6.94747899159664,13.6392937943816,"MEF2C","WikiPathway_2023_Human","Negative"
"Sudden Infant Death Syndrome SIDS Susceptibility Pathways WP706","1/157",0.159259649157468,0.190501856264997,0,0,6.05067155067155,11.1164111263326,"MEF2C","WikiPathway_2023_Human","Negative"
"EGF EGFR Signaling Pathway WP437","1/159",0.161122923190507,0.190501856264997,0,0,5.97347799879445,10.9051080040461,"MEF2C","WikiPathway_2023_Human","Negative"
"Chemokine Signaling Pathway WP3929","1/165",0.166689124231873,0.190501856264997,0,0,5.75319396051103,10.307564592904,"CCL27","WikiPathway_2023_Human","Negative"
"Network Map Of SARS CoV 2 Signaling Pathway WP5115","1/218",0.214349547272807,0.236523638369994,0,0,4.33640552995392,6.67870282649617,"CCL27","WikiPathway_2023_Human","Negative"
"MAPK Signaling Pathway WP382","1/246",0.238466640433928,0.254364416462857,0,0,3.83537414965986,5.49810799114725,"MEF2C","WikiPathway_2023_Human","Negative"
"VEGFA VEGFR2 Signaling WP3888","1/430",0.380233119085396,0.385094498164778,0,0,2.16994116994117,2.09826962553991,"MEF2C","WikiPathway_2023_Human","Negative"
"Pleural Mesothelioma WP5087","1/437",0.385094498164778,0.385094498164778,0,0,2.13433813892529,2.03672743907888,"BTC","WikiPathway_2023_Human","Negative"
