"protein","beta","se","t_stat","p_value","n_obs","fdr","rank_metric"
"NDC80",0.0144730656395334,0.003557929193944,4.06783408286151,0.000416156204682851,27,0.896531207390823,3.38074362586718
"TSEN15",0.0938135264394724,0.0260128858552995,3.60642517563502,0.00135072433510625,27,0.896531207390823,2.8694332756693
"STK3",0.126616956764215,0.0366938612689404,3.45063049746117,0.00199779271997929,27,0.896531207390823,2.69944957378724
"RNF41",0.0577607156266082,0.017402170716673,3.31916727901467,0.00277069481072441,27,0.896531207390823,2.55741130868826
"NECTIN4",0.136452559309598,0.041703773493157,3.27194754527399,0.00311355495114333,27,0.896531207390823,2.50674346500996
"C1QC",0.0395425758816445,0.0123076875201598,3.21283554013492,0.00360083582311016,27,0.896531207390823,2.44359667944592
"OSM",0.0962591602429611,0.0300688632753493,3.20129029692569,0.00370423621983613,27,0.896531207390823,2.43130132606672
"CLPS",0.180029807278956,0.0563513502955839,3.194773618283,0.0037638572818397,27,0.896531207390823,2.42436685253612
"IP6K2",0.105139515092792,0.0329693846768859,3.18900446954665,0.00381740965537617,27,0.896531207390823,2.4182312323687
"GOLM2 2",0.0247806860517728,0.00777326234305,3.18793898342168,0.0038273800225936,27,0.896531207390823,2.41709841430501
"RBFOX1",0.104260757376153,0.0334155954904727,3.12012268061718,0.00451620380039297,27,0.896531207390823,2.34522646812241
"REG4",0.00329149139916221,0.00112509097585182,2.9255335522269,0.0072158525134995,27,0.896531207390823,2.14171235202209
"CDCP1 2",0.0537286305402485,0.0185060038250235,2.90330808575741,0.00760774405846668,27,0.896531207390823,2.11874410646304
"GEMIN7",0.0340022421811355,0.0117626542529711,2.8906946893,0.00783906131141159,27,0.896531207390823,2.10573593880552
"IL20RB",0.0663060747270442,0.0229821949310933,2.88510627143523,0.0079436687048543,27,0.896531207390823,2.09997887662923
"DNAJC1",0.0987153729661718,0.0342831529872862,2.87941348343252,0.00805159142465367,27,0.896531207390823,2.09411827135422
"IGHM",0.000136093004811859,4.73969054257806e-05,2.87134789896713,0.00820688169635744,27,0.896531207390823,2.08582182696294
"GIP 2",0.090433099984269,0.0316824674822452,2.85435785691085,0.00854334266187045,27,0.896531207390823,2.0683721743259
"LCN8",0.118447357112566,0.0415395882573893,2.85143310469612,0.00860256613042024,27,0.896531207390823,2.06537198014659
"CEACAM7",0.0504210206497728,0.0177201501911272,2.84540594215841,0.00872583949371104,27,0.896531207390823,2.05919277984756
"MYSM1",0.0515674487148705,0.0182916896630972,2.81917360641133,0.00928211687038908,27,0.896531207390823,2.03235296771557
"DEFA5",0.00418076895793812,0.00149747661471272,2.79187595776925,0.00989650359694721,27,0.896531207390823,2.00451821315556
"FGG",7.80977901960048e-05,2.79771363778345e-05,2.79148620292245,0.00990554783085286,27,0.896531207390823,2.00412150060629
"SCIMP",0.181689931330798,0.0653529776107283,2.78013241283396,0.0101724626304028,27,0.896531207390823,1.9925738968976
"CREB1",0.0561910677031598,0.0203727541674448,2.75814783025026,0.010708701890929,27,0.896531207390823,1.97026317116391
"SYTL4",0.021371357622312,0.00777072159967455,2.75024106168043,0.0109079940676661,27,0.896531207390823,1.96225510692225
"KRT1",0.00470269035123758,0.00171396089420858,2.7437559206443,0.0110740567180687,27,0.896531207390823,1.9556932564895
"FAM118A",0.0866194063617794,0.0316145852235803,2.73985585289833,0.0111750677686545,27,0.896531207390823,1.95174983450802
"FGA|FGB|FGG 2",0.000210833329252341,7.72487413125647e-05,2.72927850564276,0.011453402955376,27,0.896531207390823,1.94106545959739
"CDC42BPA",0.0551131520337016,0.0202311797767394,2.72416896305115,0.0115901814582164,27,0.896531207390823,1.93590976458126
"DFFA",0.0190589511156111,0.00703463703935085,2.70930127723688,0.0119969681956606,27,0.896531207390823,1.9209284924736
"NBR1",0.0133694063150197,0.00496035788940748,2.69525034545778,0.0123937072794147,27,0.896531207390823,1.90679876544277
"RBFOX2",0.077795644480509,0.028956129233515,2.68667278879476,0.0126419228973936,27,0.896531207390823,1.89818686274569
"LCAT",0.0162872006448763,0.00611186435824889,2.66484982162509,0.0132946220448695,27,0.896531207390823,1.87632400479054
"TOR1AIP1 2",0.0143662682640953,0.00539301928941124,2.66386368991899,0.0133248493593824,27,0.896531207390823,1.87533769207691
"TST",0.0201579868904727,0.0076548296692688,2.63336844337624,0.0142920034419526,27,0.896531207390823,1.84490688787816
"EGF",0.0729901006781962,0.0278564060148182,2.62022676720641,0.0147287118219794,27,0.896531207390823,1.83183523503586
"DHH",0.00977279307483832,0.00373559166861773,2.61612990438393,0.0148673833606346,27,0.896531207390823,1.82776545999408
"ADA2",0.000265204841285165,0.000101989955701903,2.60030352459713,0.0154146132247994,27,0.896531207390823,1.81206736788478
"FKBP14",0.00346132537541813,0.00133270611037064,2.59721580660833,0.0155235455258404,27,0.896531207390823,1.80900908034254
"MRM1",0.238577765125826,0.0919274231560579,2.59528394177667,0.0155920650093795,27,0.896531207390823,1.80709636314416
"TCN2 2",5.6763474969594e-05,2.21043338057654e-05,2.56797945002028,0.0165911558668247,27,0.896531207390823,1.78012335664609
"IL32",0.115029873811699,0.0448222073378607,2.5663589689956,0.0166522857337474,27,0.896531207390823,1.77852614573595
"LAMC2",0.00626658912997702,0.00244356059467909,2.56453191446231,0.0167214596711844,27,0.896531207390823,1.7767258142492
"IGFBPL1",0.00658832070933981,0.00258501460411068,2.54865898972605,0.0173337751339404,27,0.896531207390823,1.76110684171253
"PRSS22",0.00144664701473051,0.000567810354227375,2.54776441457989,0.0173688975351691,27,0.896531207390823,1.7602277468717
"KIT",0.000105799817463477,4.16079189078092e-05,2.54278080328645,0.0175657757209835,27,0.896531207390823,1.75533266660046
"HECW1",0.106766003905912,0.0420522086388188,2.53889171013374,0.0177208534661493,27,0.896531207390823,1.75151536559156
"HGFAC",2.96137689810948e-05,1.1674389680368e-05,2.53664386677911,0.0178110654329235,27,0.896531207390823,1.74931010087365
"PRKG1",0.00683490119262106,0.00271800945999859,2.51467159817193,0.0187156069348317,27,0.896531207390823,1.72779608443659
"GC",3.83315748410368e-05,1.52520023384044e-05,2.51321590375831,0.0187770144613649,27,0.896531207390823,1.7263734592493
"LCN2",0.000359459129852431,0.000143673107325154,2.50192354397209,0.0192597591484871,27,0.896531207390823,1.71534914821548
"PANK3",0.0410259877649249,0.016435473254045,2.49618536264709,0.0195094477381763,27,0.896531207390823,1.70975502418094
"PTK7",0.000360351611325718,0.000145015927471034,2.48491057230728,0.0200088079738063,27,0.896531207390823,1.69877878371854
"IFIH1",0.0108897325161183,0.00438389137189213,2.48403338320361,0.0200481504902756,27,0.896531207390823,1.69792568633142
"CYGB",0.0569717995081443,0.0229626055371638,2.48106859719985,0.0201816535435799,27,0.896531207390823,1.69504325358808
"FXYD6",0.178030937668436,0.0719989007599196,2.47268966316695,0.0205634125490482,27,0.896531207390823,1.68690481145502
"BAP18",0.0444325310707024,0.0179705378287696,2.47252093922137,0.0205711680447849,27,0.896531207390823,1.68674104807179
"ADAMTSL1",0.00138779528587991,0.000562060551027574,2.46912060158412,0.0207280440990389,27,0.896531207390823,1.68344167605712
"NAGLU",0.00188781250211796,0.000768462380717876,2.45661017310231,0.0213147834437489,27,0.896531207390823,1.67131907538666
"CD109",0.00190748933115396,0.00078258111241298,2.437433386646,0.0222440024988416,27,0.896531207390823,1.65278706480746
"RNPC3",0.0647986944689192,0.026604001832445,2.43567471078331,0.022331063794277,27,0.896531207390823,1.6510905877669
"FGA|FGB|FGG",1.87818649324429e-05,7.73229580114989e-06,2.42901531646652,0.0226635839511252,27,0.896531207390823,1.64467141101626
"ANGPTL1 2",0.0195295863920639,0.00804118522111461,2.42869500640067,0.0226796922550103,27,0.896531207390823,1.64436284276227
"CTSB 2",0.000202704808265052,8.35538296506205e-05,2.42603850849997,0.0228136938597504,27,0.896531207390823,1.64180439060997
"CPE",0.000407803556691853,0.000169097047571468,2.4116539144156,0.0235520449032143,27,0.896531207390823,1.6279713793365
"FAM20A",0.0291709557474292,0.0121041143606497,2.41000331608429,0.0236381609469189,27,0.896531207390823,1.6263863146636
"PTGES2",0.0367652353856773,0.0152965281595313,2.40350195823807,0.0239801785937499,27,0.896531207390823,1.62014758679216
"ITGAV|ITGB5",0.00365365413952896,0.00152033434485001,2.40319121376516,0.0239966393516394,27,0.896531207390823,1.61984957550646
"DLL4",0.0220263087842433,0.00918301231938088,2.39859296908014,0.024241434888418,27,0.896531207390823,1.61544167717577
"Ovos",0.142234446582623,0.0593496912233539,2.39654905780966,0.0243509811804763,27,0.896531207390823,1.61348353495524
"PRSS3",0.00580547339860007,0.0024256984231905,2.39332034975897,0.0245249555124257,27,0.896531207390823,1.61039177174518
"SPG21",0.0450786211122829,0.0188896282473599,2.38642182482249,0.0249005051045575,27,0.896531207390823,1.60379184318952
"SERPINB1",0.0022081224534726,0.000934797926013883,2.36213880243441,0.0262648353229561,27,0.896531207390823,1.5806253178213
"CCDC126",0.0426952542871196,0.0180858700259452,2.36069673318844,0.026347973722948,27,0.896531207390823,1.57925277835579
"SERPINA9",0.0310050181044266,0.0131618215912534,2.35567834508794,0.0266391774787793,27,0.896531207390823,1.5744791887338
"MYOM2",0.0814538876230224,0.0347442829063802,2.34438246552686,0.0273054603844298,27,0.896531207390823,1.56375049663322
"ATRN",0.000174518506737355,7.45212354273432e-05,2.34186276886817,0.0274561485413152,27,0.896531207390823,1.56136038423571
"HBB",0.00277377658532903,0.00119142462823831,2.32811754901395,0.0282916417442857,27,0.896531207390823,1.54834185000515
"DCTN2",0.0618501744771367,0.026683841111971,2.31788872589971,0.0289283976802819,27,0.896531207390823,1.53867562089345
"B4GALT5",0.024640680748849,0.0107087314497947,2.30098969839433,0.0300090920830467,27,0.896531207390823,1.52274714383831
"GALNT13",0.000106461126902142,4.62803630107961e-05,2.30035202786345,0.0300505826096886,27,0.896531207390823,1.52214710363728
"SLC22A16",0.00911135578982975,0.00398539706890402,2.28618519868972,0.0309859421486449,27,0.896531207390823,1.50883529429445
"ST6GALNAC4",0.0211713234668452,0.00927250199049612,2.28323741408142,0.0311838688007507,27,0.896531207390823,1.50607000542084
"GTF2A2",0.0196644043340499,0.00861346523333677,2.28298411862657,0.0312009296816663,27,0.896531207390823,1.50583246528918
"ENDOU",0.0783427080482035,0.0344315102857736,2.27532011805399,0.0317211760150122,27,0.896531207390823,1.49865072023959
"REG3A",0.000294836950389483,0.000129589445176829,2.27516176172502,0.0317320082265034,27,0.896531207390823,1.49850244179527
"METRNL",0.000167560439513687,7.39761773037759e-05,2.26505945049872,0.0324300364716386,27,0.896531207390823,1.4890525629082
"CEP20",0.0102084718664432,0.0045097937737391,2.26362276827112,0.0325304304326407,27,0.896531207390823,1.48771019022924
"ADAT2",0.0533205067581301,0.0235575842618655,2.26341148419213,0.0325452185446692,27,0.896531207390823,1.4875128077778
"PRSS8",0.00165896182301507,0.000733578196917921,2.26146555334535,0.0326817047006522,27,0.896531207390823,1.48569529844385
"ETNK2",0.0104459802033611,0.00463121782813981,2.25555795278947,0.033099249351192,27,0.896531207390823,1.48018185535817
"LILRB2 2",0.225936408756533,0.10040995237565,2.25013958687349,0.0334864656809194,27,0.896531207390823,1.47513068752353
"PKN1",0.0242891673024118,0.0108041386825481,2.24813546142703,0.0336307257381253,27,0.896531207390823,1.47326376067637
"VCAM1",0.00157451231615824,0.000700440060888674,2.24789015374221,0.0336484220284803,27,0.896531207390823,1.47303529757351
"TMEM190",0.030909793589097,0.0137720332110986,2.24438854563518,0.0339019472945658,27,0.896531207390823,1.46977535563184
"FAM3A",0.0403647896268585,0.0180677320830787,2.23408170108202,0.0346582699333106,27,0.896531207390823,1.46019312013247
"TNNI3 2",0.0510247757400701,0.0229403281979188,2.22423913467372,0.0353947543907514,27,0.896531207390823,1.45106109695602
"CTSC 2",0.0722736421054833,0.0325046173960089,2.22348847319019,0.035451500869247,27,0.896531207390823,1.45036537386782
"TMED10",6.03618815722169e-05,2.71526676664122e-05,2.22305529290164,0.0354842847048896,27,0.896531207390823,1.44996394489051
"MDGA1",4.22764340804602e-05,1.91088693142076e-05,2.21239851428715,0.036299492863852,27,0.896531207390823,1.44009944240105
"TNF 2",0.0754451246566762,0.0341250118235916,2.21084537777416,0.0364197057616062,27,0.896531207390823,1.43866356723487
"KDR",0.000359361890251584,0.000162675591848967,2.20907074114245,0.0365575030506288,27,0.896531207390823,1.43702347509265
"RELN",5.06946551054756e-05,2.29497861089705e-05,2.20893802080623,0.0365678274493142,27,0.896531207390823,1.43690084099644
"MXRA7",0.00187707767335754,0.000849790355134408,2.20887147284774,0.0365730052484945,27,0.896531207390823,1.43683935168785
"METTL1",0.0270963482233133,0.0122704078390389,2.20826793850364,0.036619993809037,27,0.896531207390823,1.43628173345598
"BGN",0.00465095844458915,0.00210739051627341,2.20697512334526,0.0367208303571357,27,0.896531207390823,1.43508750678875
"ACHE",0.0010809134040514,0.000490078819644048,2.20559093909932,0.0368290714376704,27,0.896531207390823,1.43380923076712
"IL17RB",0.00827812020612194,0.00375642058293467,2.20372560083641,0.0369753938248251,27,0.896531207390823,1.43208719163702
"KERA",0.00040164680461195,0.00018272376256531,2.19810931524788,0.0374191258772243,27,0.896531207390823,1.42690636197583
"STK10",0.00179668496536631,0.00081954631876344,2.19229215510016,0.0378837899122777,27,0.896531207390823,1.42154658046982
"OMD",1.74852736779798e-05,7.98450428065669e-06,2.18990097110221,0.0380762979955413,27,0.896531207390823,1.41934528293105
"CCL28",0.0103787969114938,0.00475399495351839,2.18317373345391,0.0386226309185755,27,0.896531207390823,1.41315814602781
"JAKMIP3",0.0479341001818044,0.0220074254013961,2.17808759123471,0.0390403654901405,27,0.896531207390823,1.40848612518546
"SEPTIN10",0.054091273456516,0.0248446127542888,2.17718319828425,0.0391150697196938,27,0.896531207390823,1.40765589131975
"ALPL",0.0123522206861544,0.0056773528218836,2.17570073125317,0.0392378022306016,27,0.896531207390823,1.40629532610994
"CASP10 3",0.00354225232490333,0.00162958136574154,2.17371921364075,0.0394023922887741,27,0.896531207390823,1.40447740948729
"ARSA",0.0071454179451792,0.00328745588988143,2.17354032556675,0.0394172817478366,27,0.896531207390823,1.40431332837263
"SNTN",0.0691250711305432,0.0318232276354692,2.17215776860731,0.0395325275822014,27,0.896531207390823,1.40304541738206
"FUCA1",8.98745854603251e-05,4.14002498558777e-05,2.17087060520639,0.0396400942153611,27,0.896531207390823,1.40186532196772
"PSMB3",0.0248533761228445,0.0114625647250619,2.16822122439185,0.0398623290869544,27,0.896531207390823,1.39943732981864
"IFNAR1 2",0.00554242616582825,0.00255840896358884,2.16635660862192,0.0400194078770041,27,0.896531207390823,1.39772934142825
"PLXNB2",0.000322019108732105,0.000148659638103885,2.1661502263787,0.0400368280920665,27,0.896531207390823,1.39754033670418
"PSMG2",0.032321949421368,0.0149351890979504,2.16414731741184,0.0402062433221604,27,0.896531207390823,1.39570650338735
"APOA4",2.64916058669949e-05,1.22488794742842e-05,2.16277790328596,0.0403224454603483,27,0.896531207390823,1.39445313683711
"RAB27A",0.0207695731124681,0.00963362641207888,2.15594545854785,0.0409067388942392,27,0.896531207390823,1.38820514129577
"GGH",0.000283413173988073,0.000131497933593607,2.15526713038669,0.0409651610135009,27,0.896531207390823,1.38758533380745
"DHRS9",0.00136531742982217,0.000634062255162813,2.15328608303862,0.0411362113626081,27,0.896531207390823,1.38577570924024
"TPRKB",0.0254067718106498,0.0118366378693728,2.14645172818792,0.0417312479069126,27,0.896531207390823,1.37953862820507
"NGF",0.0714515991120447,0.033357537308547,2.14199263126469,0.042123635232145,27,0.896531207390823,1.37547415664286
"PAXIP1",0.0560707233159227,0.0261841901832039,2.14139612199616,0.0421763765763946,27,0.896531207390823,1.37493073375898
"RAB13",0.0094689906090272,0.00442211912803719,2.14127895130453,0.0421867433741456,27,0.896531207390823,1.37482399889465
"HLF",0.0485873225475329,0.0227650602257979,2.134293608961,0.0428089241523642,27,0.896531207390823,1.3684656864512
"SAR1A 2",0.0460507262901591,0.0216151924335568,2.13047958891483,0.043152097974034,27,0.896531207390823,1.36499808485267
"PTPRU",0.000174125691486037,8.17595938088574e-05,2.12972794230264,0.0432200189252437,27,0.896531207390823,1.36431504728325
"PHOSPHO2",0.0105215630696703,0.00497327063575211,2.11562246261691,0.0445125175104955,27,0.896531207390823,1.35151784247332
"GSTZ1",0.035924032200352,0.0169890041228272,2.11454608761221,0.0446125530197474,27,0.896531207390823,1.3505429228991
"MARCO",0.112466864749253,0.0532423552025957,2.11235705710799,0.0448166164713698,27,0.896531207390823,1.34856093457654
"ACHE 2",0.0358401113935382,0.0169913926112768,2.10930982606758,0.045102072011954,27,0.896531207390823,1.34580350595602
"CGGBP1",0.0184817906520387,0.0087633342988982,2.10899071308537,0.0451320594039237,27,0.896531207390823,1.34551484890055
"SAMHD1",0.0611175425525629,0.0289833039473214,2.10871550957914,0.0451579348885903,27,0.896531207390823,1.34526592695515
"FAM151B",0.0585325724413105,0.0278014470111149,2.1053786307565,0.0454727354869785,27,0.896531207390823,1.34224891931224
"INPP5F",0.0320546212695573,0.015234650843654,2.10406011916641,0.0455976632644505,27,0.896531207390823,1.34105741297938
"CNGA2",0.0365227744602516,0.0173994716170865,2.09907376867615,0.0460728928048025,27,0.896531207390823,1.33655451859774
"SCUBE1",0.000473076171415993,0.000225527718510836,2.09764092209918,0.0462102675585285,27,0.896531207390823,1.33526151689882
"MAN1B1",0.00772839903757888,0.00368713913736096,2.09604214803524,0.046363982305283,27,0.896531207390823,1.33381926858997
"ARFGAP1",0.012353892688892,0.00593487328900803,2.08157648652291,0.047775667441891,27,0.896531207390823,1.32079323699288
"TRIM54",0.00689845246506492,0.00331595054105966,2.08038460756426,0.0478936727077414,27,0.896531207390823,1.31972185797625
"HDAC8",0.00846853425872931,0.00407911591680389,2.07607099956224,0.0483229274160331,27,0.896531207390823,1.31584676391261
"KLK5 2",0.00591664068966554,0.00285060383925011,2.07557451800177,0.0483725524457264,27,0.896531207390823,1.3154009958481
"FTCD",0.0281755553821418,0.0136099287446028,2.07022063898131,0.048910581629904,27,0.896531207390823,1.31059717264885
"PDP1",0.080277126179259,0.03879826868222,2.06909042351283,0.0490248394482517,27,0.896531207390823,1.30958381993152
"SCGB2A1",0.00259906790622291,0.0012579064759836,2.06618532923174,0.0493196173427824,27,0.896531207390823,1.30698030163354
"SPTLC1",0.00710906943186623,0.00344922470331677,2.06106300497911,0.0498432194411056,27,0.896531207390823,1.30239391377363
"CBLN1",7.23721668696221e-05,3.51189541641777e-05,2.06077226933607,0.0498730860417816,27,0.896531207390823,1.30213375772008
"CTSO",0.000903147109882158,0.000438774999744638,2.05833766829874,0.0501238121639934,27,0.896531207390823,1.29995590617696
"RFFL",0.00584024936386044,0.00284916938718148,2.04980770540914,0.0510111277219891,27,0.896531207390823,1.29233507525291
"WFDC8",0.0325294291298707,0.0158943490266097,2.04660342335576,0.0513480355856592,27,0.896531207390823,1.28947616648982
"ROR1 2",0.000405699498961044,0.000198551125243115,2.04329992320259,0.0516974420691803,27,0.896531207390823,1.28653094477303
"ARFIP2",0.0321411167353298,0.0157310665364388,2.04316195986327,0.0517120800428744,27,0.896531207390823,1.28640799301551
"A2M",0.000301786463794181,0.000147746519694176,2.04259609240783,0.0517721573246408,27,0.896531207390823,1.28590373776749
"DCUN1D3",0.0255794721198143,0.0125271362420583,2.04192495599548,0.0518434911254472,27,0.896531207390823,1.28530576089003
"ADAM15",0.00950760411255835,0.00466315070812884,2.03887987063867,0.0521682439080256,27,0.896531207390823,1.28259378229028
"AMY2B",0.0292206183348245,0.0143460783483667,2.03683666192659,0.0523871586075916,27,0.896531207390823,1.28077515632412
"C1QA|C1QB|C1QC",5.01996171489463e-05,2.4684364721878e-05,2.03366048567796,0.0527290797818275,27,0.896531207390823,1.27794980782958
"RDH10",0.027056696988735,0.0133166740228296,2.03179089180602,0.0529312685397194,27,0.896531207390823,1.27628769767322
"SPATC1L",0.00219959910918717,0.00108310933892517,2.03081907812739,0.0530366372572012,27,0.896531207390823,1.27542401980198
"WBP2",0.0250996245752032,0.0123706636938822,2.0289634571196,0.05323834896533,27,0.896531207390823,1.27377542138603
"DEFB136",0.0846541365725739,0.0418233594500582,2.02408744026554,0.0537716294220789,27,0.896531207390823,1.26944680305616
"DAG1 2",0.0635118410334368,0.0314122331332297,2.02188239098004,0.0540143404863093,27,0.896531207390823,1.26749092226498
"CSAG2",0.14470775661649,0.0715761966237984,2.02173017626332,0.0540311305727868,27,0.896531207390823,1.26735594498374
"PCSK7",0.00665806306897033,0.00329465205418339,2.02086987016315,0.0541261137361354,27,0.896531207390823,1.26659315420474
"TLR4|LY96",0.00569575713846683,0.00282002922886367,2.01975110050967,0.054249853901823,27,0.896531207390823,1.26560142705948
"VSIG10",0.0691006873472905,0.0342317982164932,2.01861108523353,0.0543762013412469,27,0.896531207390823,1.26459113500078
"LIN7B 2",0.00785644123310035,0.00389460865161331,2.0172607663278,0.0545261934080013,27,0.896531207390823,1.26339482029603
"COL20A1",0.157782011567435,0.0782711212800095,2.0158394180017,0.054684470615812,27,0.896531207390823,1.26213598780554
"VSIR",0.0178201258784304,0.00884767989211416,2.01410156060384,0.0548785454068373,27,0.896531207390823,1.26059740841931
"CTSB",0.00134142765969574,0.000666111535535266,2.01381838946507,0.0549102261141514,27,0.896531207390823,1.26034676791098
"PLOD3",0.000138032311889951,6.85570907773199e-05,2.01339220093649,0.0549579378500795,27,0.896531207390823,1.25996957138397
"CAMK4",0.0720050917638848,0.0358037712363078,2.01110355913754,0.0552147783605591,27,0.896531207390823,1.25794466680978
"GSK3B 2",0.0339910637741729,0.0169165393850153,2.00933908529082,0.0554135184030228,27,0.896531207390823,1.2563842740504
"MTSS2",0.0182904517663505,0.00910977144934758,2.0077838250992,0.0555892177542764,27,0.896531207390823,1.25500943726548
"MPZ",0.0164054323761699,0.00821359830633998,1.99735021902723,0.0567806900755671,27,0.896531207390823,1.2457993336455
"MFNG",0.0126175773241358,0.0063193808352732,1.99664771803397,0.0568617165823265,27,0.896531207390823,1.24518003365403
"C8G",0.000324220404005194,0.000162517285079281,1.99499027963105,0.0570532900509074,27,0.896531207390823,1.24371930637714
"CNTFR",8.93201333470945e-05,4.4792128356029e-05,1.99410335309668,0.0571560383131926,27,0.896531207390823,1.2429378813217
"SPECC1",0.0232093339509707,0.0116487449937977,1.99243214297577,0.0573500875066655,27,0.896531207390823,1.24146591510128
"LILRB2",0.0043295349209085,0.00217620468668796,1.98948883227421,0.0576932570753077,27,0.896531207390823,1.23887494223611
"BAGE3",6.81106435529914e-05,3.43052283247841e-05,1.98543041043643,0.0581694092488492,27,0.896531207390823,1.23530534674431
"HRC",0.10616765975024,0.0535341005980113,1.98317817174991,0.058435143196842,27,0.896531207390823,1.23332588737266
"C1S",2.51587578931669e-05,1.27008505956954e-05,1.98087188756427,0.0587083613404919,27,0.896531207390823,1.23130004141954
"RFESD",0.0536007319027695,0.0270817653530459,1.97921853335684,0.0589049206523152,27,0.896531207390823,1.2298484246885
"ZNF134",0.0621475771417868,0.0314873195846725,1.97373348895786,0.0595611665110692,27,0.896531207390823,1.22503680513814
"BTC 2",3.25636785570406e-05,1.65059847437668e-05,1.97284070369311,0.0596685883832333,27,0.896531207390823,1.22425423640802
"MSMB",0.0103311389731779,0.00524281027748776,1.97053458477012,0.0599468547186421,27,0.896531207390823,1.22223359845624
"GALNT14",0.00260835662271623,0.00132505294712635,1.96849237486924,0.0601942288295298,27,0.896531207390823,1.22044514508165
"TBPL1",0.0130728780312278,0.00664322087722606,1.96785238257598,0.0602719359720549,27,0.896531207390823,1.21988485849928
"CD8A|CD8B",0.0268774443868186,0.0136603797949893,1.9675473735128,0.0603090008499936,27,0.896531207390823,1.21961786650382
"AZGP1",7.19507441193794e-05,3.66402850239343e-05,1.96370590655557,0.0607775362966777,27,0.896531207390823,1.21625690863982
"LIFR",0.00210800059587583,0.00107426878655077,1.96226551703521,0.0609540402831676,27,0.896531207390823,1.21499750227644
"TUFT1",0.00320092722375128,0.00163147079507994,1.96198867512945,0.0609880157784856,27,0.896531207390823,1.21475549601552
"CUL1",0.0284198332166443,0.0144973768372888,1.96034313901157,0.0611903081600313,27,0.896531207390823,1.21331735965081
"ACBD7",0.0375790146149787,0.0191830654364147,1.95896817114763,0.0613597902035626,27,0.896531207390823,1.21211613396114
"CD14 2",6.86195501610926e-05,3.50697688435078e-05,1.95665818235912,0.0616454534238056,27,0.896531207390823,1.21009894868327
"GCK",0.0152954478305417,0.00785729686644513,1.94665520350408,0.0628959797813373,27,0.896531207390823,1.2013771131331
"MAPKAPK5 2",0.0392287074489734,0.0201770909498044,1.94422018251118,0.0632037408640754,27,0.896531207390823,1.19925721620265
"IL11RA",0.0302064675338392,0.0155735767895161,1.93959730266805,0.0637916573055898,27,0.896531207390823,1.19523611474368
"AKIRIN2",0.0120524880983959,0.00621729455411058,1.93854223786573,0.0639265050730094,27,0.896531207390823,1.19431903823775
"PRSS27",0.00137972265206812,0.000712908847458527,1.9353423049619,0.0643370161937788,27,0.896531207390823,1.19153908456905
"MAEA",0.0747379869502092,0.0386471441966545,1.93385535991761,0.0645285566276175,27,0.896531207390823,1.19024804906724
"FGL1",0.007128759515027,0.00368900762663264,1.93243284821674,0.0647122640459824,27,0.896531207390823,1.18901340553282
"ETS2",0.016712131236366,0.00864944829047474,1.93216152928162,0.0647473549107664,27,0.896531207390823,1.18877796888567
"ERMAP",0.0258111149809754,0.0133666298036881,1.93101143370138,0.0648962867503858,27,0.896531207390823,1.18778015204328
"CA10 2",0.000484993108737231,0.000252138979554503,1.92351499793547,0.0658744020109596,27,0.896531207390823,1.18128331416299
"ROR1",0.00042838769001506,0.000223130308576705,1.91989915107294,0.0663507778894831,27,0.896531207390823,1.17815398114725
"SLC25A38",0.0636104521372056,0.0331823289649839,1.91699781544362,0.0667351928540867,27,0.896531207390823,1.17564508015252
"SNAP23",0.0291905778171268,0.0152371705149206,1.91574792633204,0.0669013965187747,27,0.896531207390823,1.17456481655105
"VCAM1 2",0.00217831346981788,0.00113803374201245,1.91410271014095,0.0671207195754686,27,0.896531207390823,1.17314339624997
"CA10",0.000289489920590663,0.000151256552501632,1.9139000314551,0.0671477819602527,27,0.896531207390823,1.17296832846559
"THRB",0.000859909234600653,0.000449466252040459,1.91317864399583,0.0672441814945372,27,0.896531207390823,1.17234528833876
"HBZ",0.0164224092487937,0.008585975220528,1.91270168233537,0.0673079845460809,27,0.896531207390823,1.1719334136569
"SDCBP2",0.000533496120792302,0.000278978874504035,1.91231727398981,0.0673594452070443,27,0.896531207390823,1.17160149847562
"CES1 2",0.0370233323719308,0.0193613339099083,1.91223045603195,0.0673710722600918,27,0.896531207390823,1.17152654047669
"EPHB1",0.00120409530454934,0.000630063953927211,1.91106838765204,0.0675268704063498,27,0.896531207390823,1.17052337758247
"NUCB2",0.000570630143825089,0.000298768716004655,1.9099394054905,0.0676785336789938,27,0.896531207390823,1.16954905927784
"None 11",0.0281653814226481,0.0147476205371036,1.90982547671245,0.0676938549435984,27,0.896531207390823,1.16945075354844
"MICB",0.0130380747951833,0.00682833490082433,1.90940763517755,0.0677500726256147,27,0.896531207390823,1.16909023490541
"RELL1",0.0662853047154933,0.0347213970115761,1.90906214670435,0.067796586460809,27,0.896531207390823,1.16879217218832
"RAB14",0.00279602232992031,0.00146497794306926,1.90857640085856,0.0678620305543233,27,0.896531207390823,1.16837314962246
"NPS",3.11599314561717e-05,1.63409265421901e-05,1.90686442263361,0.0680931233494255,27,0.896531207390823,1.16689674480079
"DUSP10",0.0625433833030646,0.0328011486511233,1.90674369267622,0.0681094460574612,27,0.896531207390823,1.1667926518737
"LINGO3",0.000304132287784796,0.000159568237722863,1.90597008605817,0.068214118788802,27,0.896531207390823,1.16612572684703
"FBXL4",0.0124330587766268,0.00653251843028088,1.90325659381143,0.0685823770726592,27,0.896531207390823,1.16378746626616
"AMY2A",0.000152329677321712,8.01226959990391e-05,1.90120508830031,0.0688619438075046,27,0.896531207390823,1.16202072236677
"ULBP1",0.00861869683246498,0.00454506927019733,1.89627403238472,0.0695379833825155,27,0.896531207390823,1.15777790810983
"SVEP1",0.00116545248338451,0.000614858208604067,1.89548170143239,0.0696471478976348,27,0.896531207390823,1.15709666355704
"ST8SIA2",0.0294712699488249,0.0155519318955302,1.89502308438577,0.0697104026641475,27,0.896531207390823,1.15670240866627
"MAN1C1",0.000206882100076365,0.000109197968691655,1.89455996805712,0.0697743287444344,27,0.896531207390823,1.15630433289724
"SEC13",0.00346564338451774,0.00183034152458519,1.89344083493006,0.0699290185585049,27,0.896531207390823,1.15534256696377
"ADAM9",0.00113447014133749,0.00060057608459573,1.8889698914687,0.0705499873253054,27,0.896531207390823,1.15150305993303
"SPON2",0.000400187645702971,0.000212015235010473,1.88754192915996,0.070749324991256,27,0.896531207390823,1.1502776993227
"USP11",0.0193906932950682,0.0102855614241462,1.88523431006371,0.0710724945910318,27,0.896531207390823,1.14829844088082
"ARL6",0.0105321587494063,0.00558872451048283,1.88453711211762,0.0711703855356458,27,0.896531207390823,1.14770068155891
"ANP32A",0.0902608237965283,0.048028501283945,1.87931793380154,0.0719069205596155,27,0.896531207390823,1.14322930966975
"FUT2",0.0325084834638152,0.0173033121131438,1.87874340191329,0.0719884022166485,27,0.896531207390823,1.14273746549963
"BTN3A2",0.000108639520084304,5.78731404497325e-05,1.8772010511278,0.0722075393200253,27,0.896531207390823,1.14141745458907
"PSMA4",0.0345419145839978,0.0184079556522776,1.87646663412751,0.0723120886924831,27,0.896531207390823,1.14078909394228
"PEF1",0.00157389244835234,0.00083958730919147,1.87460247567107,0.0725780551003832,27,0.896531207390823,1.1391946739212
"RBL2",0.0232834699122636,0.0124368160451671,1.87214073342441,0.072930581956082,27,0.896531207390823,1.13709032093163
"CSH1|CSH2",0.0153456662492631,0.00822564631664405,1.86558790136796,0.0738762123534069,27,0.896531207390823,1.13149537901662
"FAM92A",0.052196327935592,0.0279909600435875,1.86475661621866,0.0739969306584076,27,0.896531207390823,1.13078629413067
"FGFR1",1.63322049952094e-05,8.76064718953858e-06,1.86426923055551,0.0740677877577397,27,0.896531207390823,1.1303706265777
"SECTM1",0.00269806216820239,0.00144969768920252,1.86112055520112,0.0745269672864055,27,0.896531207390823,1.12768655108394
"IRF6",0.0133304394305974,0.00716429063363035,1.86067820420658,0.0745916736906489,27,0.896531207390823,1.12730964802359
"FSTL1",3.74730041249623e-05,2.01644151180426e-05,1.85837297564026,0.0749296672036369,27,0.896531207390823,1.1253461962948
"FZD1",0.00320594627118616,0.00172696524824634,1.8564046233366,0.0752193168854609,27,0.896531207390823,1.12367061500059
"FAXDC2",0.0544423153975646,0.029335333875578,1.85586145460197,0.0752994164845814,27,0.896531207390823,1.12320838925094
"REG1A",0.000263977127605778,0.00014232426235657,1.85475844550261,0.0754623014767723,27,0.896531207390823,1.12226995366165
"ICAM2",0.0336595583286098,0.0181478329538237,1.85474256977431,0.0754646481229072,27,0.896531207390823,1.12225644864522
"NCBP1",0.0132946241081762,0.00716920621591322,1.85440670944387,0.075514307602765,27,0.896531207390823,1.12197075533451
"TNFSF13B",0.00990553450465766,0.00535103483227287,1.85114371614925,0.0759982398488581,27,0.896531207390823,1.11919646604527
"NDE1",0.0437823479493371,0.0236666491804251,1.84995973090901,0.0761744981614047,27,0.896531207390823,1.11819039823362
"NDRG2",0.00471609657349395,0.00255375490692507,1.84673030317248,0.0766570575066061,27,0.896531207390823,1.11544785522477
"ITGB7",0.0121930073932043,0.00660254741804424,1.846712582462,0.0766597127109149,27,0.896531207390823,1.11543281263578
"DPP7",0.00114409167485374,0.000619572841327452,1.84658138404274,0.0766793734603205,27,0.896531207390823,1.11532144435732
"APOA2",0.00123816046031678,0.000670951017790042,1.84538129831742,0.0768594148159826,27,0.896531207390823,1.1143029264441
"ARSK",0.000310396095986639,0.000168209121970219,1.84529883011692,0.0768718004129321,27,0.896531207390823,1.11423294720906
"SVEP1 2",0.00438032510212453,0.00237452476764123,1.84471653520624,0.0769593022633173,27,0.896531207390823,1.11373887839962
"NID2",0.00139391983324539,0.0007582047096198,1.83844786976378,0.0779067636548679,27,0.896531207390823,1.10842483641635
"SIGLEC1",0.117151336004509,0.0637506105429072,1.83765041631501,0.0780280120696734,27,0.896531207390823,1.10774945752339
"CPB1",0.000111534062954426,6.06966881388138e-05,1.83756422919396,0.0780411260997398,27,0.896531207390823,1.10767647255053
"MATN3",0.000124014574255055,6.75213347198672e-05,1.83667243500987,0.078176931171639,27,0.896531207390823,1.10692138175977
"FAM241A",0.0496488452885028,0.0270576162282958,1.83493050051401,0.0784427867129196,27,0.896531207390823,1.10544698623646
"S100A5",0.0158381865447853,0.00864128658733074,1.83285051186777,0.0787612582615146,27,0.896531207390823,1.10368735434616
"PLD3",0.00176243992424473,0.000962186636227111,1.83170276730878,0.0789374691231045,27,0.896531207390823,1.10271680197762
"AMY2B 2",0.00153552649478049,0.000838558639926305,1.83114981072217,0.0790224847447159,27,0.896531207390823,1.10224931869465
"DLK1 2",0.00324718061049099,0.00177344814072575,1.83099834493167,0.0790457859886996,27,0.896531207390823,1.10212127779548
"DGKB",0.024067046478763,0.0131538114467535,1.82966333189327,0.0792514186224103,27,0.896531207390823,1.10099295504875
"NKIRAS1",0.0257799479575971,0.0141037452626388,1.82787957932627,0.0795268907278439,27,0.896531207390823,1.09948599687752
"KIR2DS2",0.0404444173315521,0.0221439982886067,1.82642794695126,0.0797516811313407,27,0.896531207390823,1.09826015343229
"ENOX2",0.0429950578496199,0.0235681644024826,1.82428538410445,0.0800844652978721,27,0.896531207390823,1.09645171974251
"GLCE",0.00292161266625428,0.00160159809800396,1.82418589900639,0.0800999464147521,27,0.896531207390823,1.09636777444991
"CD8A",0.000638012545538039,0.000349846967871219,1.82369036787792,0.0801770956326223,27,0.896531207390823,1.09594967985865
"C14orf93",0.000240655033152566,0.000132060781544401,1.8223050805712,0.0803931107298008,27,0.896531207390823,1.09478116642849
"PTHLH",0.00907653272142902,0.00498238882927377,1.82172307951967,0.0804840146681345,27,0.896531207390823,1.09429036846196
"GALNS",5.53833390030513e-05,3.04025594539336e-05,1.82166699112846,0.0804927799051191,27,0.896531207390823,1.09424307352024
"MTAP",0.018984865671941,0.0104266390448442,1.82080396092052,0.0806277540191836,27,0.896531207390823,1.09351543781519
"TLR3",0.0130011729810236,0.00714536914638259,1.81952432613024,0.0808282420390791,27,0.896531207390823,1.0924368667171
"JAG1",0.00412032147561307,0.00226643900250827,1.81797148348272,0.0810721116139554,27,0.896531207390823,1.09112851514918
"TNFSF15 2",0.00487054170290581,0.00267934034129129,1.81781374610979,0.0810969192319408,27,0.896531207390823,1.09099564376642
"CADM1",0.000478639507907495,0.00026355833331087,1.81606668206895,0.0813721202002139,27,0.896531207390823,1.0895243680494
"FAM241B",0.000590888114720693,0.000325822691794678,1.81352658854421,0.0817736744214998,27,0.896531207390823,1.08738648720413
"EFNA1",3.20887559615122e-05,1.77285272730619e-05,1.81000685884779,0.082332912948623,27,0.896531207390823,1.08442651892428
"DUT",0.00538957173182388,0.0029796549349925,1.80879056448106,0.0825269291844574,27,0.896531207390823,1.0834043146272
"WNT7A",0.0715738546607084,0.0395962084867876,1.80759364080505,0.0827182391190138,27,0.896531207390823,1.08239871928199
"CETN2",0.0088806254428584,0.00491408200871361,1.80717892520136,0.0827846139292079,27,0.896531207390823,1.08205037223154
"DMRTC2",0.019173379462625,0.0106122340151799,1.80672414829894,0.0828574531300801,27,0.896531207390823,1.08166842016338
"C1S 2",2.75234964963227e-05,1.52394564245764e-05,1.80606812536542,0.0829626218718166,27,0.896531207390823,1.08111753137228
"LIPG",0.00456660242238224,0.00252912174373736,1.80560798770961,0.0830364561676469,27,0.896531207390823,1.08073119393297
"RAB43",0.00368130713851818,0.002039934072994,1.80462064301674,0.0831950773924772,27,0.896531207390823,1.07990236991758
"PHYH",0.00867586358274721,0.00480899544374561,1.80409062230048,0.0832803348680013,27,0.896531207390823,1.0794575372075
"DOCK2",0.0123540928790977,0.00685032834377876,1.80343076406218,0.0833865824874701,27,0.896531207390823,1.07890382490714
"IL18BP",0.00186668722806599,0.00103572589051496,1.80229850886307,0.083569164818134,27,0.896531207390823,1.07795393810671
"ANGPTL1",0.000357336114245352,0.000198448699035061,1.80064730070223,0.0838360465785315,27,0.896531207390823,1.07656920972116
"L3MBTL2",0.0158150973642962,0.00878479306786539,1.80028114972309,0.0838953259298121,27,0.896531207390823,1.076262234397
"IL1RL2",0.0294197351463364,0.0163495196121937,1.79942505004212,0.0840340677764718,27,0.896531207390823,1.07554461336838
"HMX2",0.0776170666633911,0.0431805275359241,1.79750158445419,0.084346508448799,27,0.896531207390823,1.07393289046436
"PAPPA",0.00766052868117605,0.00426450484635132,1.79634657649184,0.0845346023715501,27,0.896531207390823,1.07296548580778
"SHBG 2",0.000385374474767248,0.000214557441848278,1.79613660308162,0.084568835337286,27,0.896531207390823,1.07278965037211
"EHBP1",0.0532346345472585,0.0296612978280267,1.79475068339584,0.0847950869240073,27,0.896531207390823,1.07162931028581
"GOLM2",0.00150217868280403,0.000837212500099357,1.79426212894069,0.0848749672052111,27,0.896531207390823,1.0712203805182
"TRIM62",0.114604391307126,0.0639111984196236,1.79318169805962,0.0850518505015267,27,0.896531207390823,1.07031623285848
"HERC4",0.0343877232482131,0.0192051718728082,1.79054493633047,0.0854848570586009,27,0.896531207390823,1.06811081016471
"ING4",0.00509382607751974,0.00285061732540312,1.78692033901793,0.0860831686535321,27,0.896531207390823,1.06508175534617
"KLK6",0.0213362601704313,0.01194919229583,1.78558179014971,0.086305028103106,27,0.896531207390823,1.06396390169126
"BIRC2",0.00450055681380336,0.0025213227520079,1.78499829512872,0.0864018934071417,27,0.896531207390823,1.06347674030741
"EGLN2",0.00397538265170071,0.00222714053852289,1.78497161851192,0.0864063241852928,27,0.896531207390823,1.06345446980976
"TFF2 2",0.00470332004745978,0.00263509841070094,1.7848745338542,0.0864224508333582,27,0.896531207390823,1.06337342179809
"GDF11|MSTN",0.000380708456375904,0.000213385399376941,1.78413545391355,0.0865453032962414,27,0.896531207390823,1.06275649575938
"ING1",0.00244130650784776,0.00136968536951718,1.78238489085148,0.0868368848378391,27,0.896531207390823,1.06129576469716
"MUTYH",0.124678453018901,0.0699663007883188,1.78197863277226,0.0869046731106926,27,0.896531207390823,1.06095686967769
"PTN",1.78019368041343e-05,9.99645790826164e-06,1.78082446477584,0.0870975049622785,27,0.896531207390823,1.05999428582626
"RSPO1",0.00814169095912353,0.00457203611483412,1.7807582343253,0.0871085814740109,27,0.896531207390823,1.05993905850293
"INSR",0.00176499337620109,0.000992444730261416,1.7784298937596,0.0874987447406677,27,0.896531207390823,1.05799817733325
"RIDA",0.000107199386780879,6.02846205946748e-05,1.77822114037404,0.0875337987704783,27,0.896531207390823,1.05782422371739
"DOT1L",0.0269768896280809,0.015177590154809,1.77741587122337,0.0876691327879233,27,0.896531207390823,1.05715328941101
"SHBG",3.98490258974515e-05,2.2426689395454e-05,1.7768572612206,0.0877631182458317,27,0.896531207390823,1.05668795456621
"IARS1",0.0998228383947596,0.0562600036344865,1.77431269011809,0.0881923305104413,27,0.896531207390823,1.0545691808752
"KLRB1",0.0813804022288254,0.0458895435314554,1.77339750989335,0.0883471392394688,27,0.896531207390823,1.05380750877892
"APAF1",0.0295735774433648,0.0167088159072945,1.76993855264477,0.0889343446276833,27,0.896531207390823,1.05093049097749
"AGER",0.0138921048895536,0.0078501489256522,1.76966131739971,0.0889815531516185,27,0.896531207390823,1.05070001801604
"COA7",0.0680102397931128,0.0384400326295668,1.76925551672923,0.0890506928253496,27,0.896531207390823,1.05036269732308
"ITM2B",0.00641899734115631,0.00362844547154865,1.76907642446026,0.0890812208776592,27,0.896531207390823,1.05021383949614
"TMEM8B",0.0189639842798469,0.010727499968807,1.76779159496523,0.0893004950803988,27,0.896531207390823,1.04914613338369
"SDF2L1",0.0207102702496853,0.0117179528777699,1.76739661489633,0.0893679965669861,27,0.896531207390823,1.04881797787883
"EHF",0.0639783960060886,0.0362093387523669,1.76690318604358,0.0894523840256635,27,0.896531207390823,1.04840808041362
"env",0.00344549232456693,0.00195114379815013,1.76588333870296,0.0896270166309422,27,0.896531207390823,1.04756105947659
"GDAP1L1",0.00505815878224002,0.00286683489626326,1.76437045217812,0.0898866105663515,27,0.896531207390823,1.0463049955885
"RAB1A",0.00223195156729589,0.00126517903399701,1.76413891419352,0.089926396408042,27,0.896531207390823,1.04611280958286
"ACOT12",0.018028108331922,0.0102216308427447,1.76372132874651,0.0899981893313609,27,0.896531207390823,1.04576622801966
"CD163",0.000272430286626469,0.000154541180271699,1.7628329623697,0.0901510835278253,27,0.896531207390823,1.04502904911543
"ART4",0.00863358416402198,0.0048985087290896,1.76249235052941,0.0902097640273323,27,0.896531207390823,1.04474645321531
"HGFAC 2",0.00744576242345518,0.00422620087771184,1.76180987106474,0.0903274394756235,27,0.896531207390823,1.04418030059863
"PICK1",0.0212488887376888,0.0120672843700035,1.76086748983132,0.090490143385502,27,0.896531207390823,1.0433987236281
"GH2",0.0857906620333386,0.0487423556805796,1.76008444473931,0.0906255277657477,27,0.896531207390823,1.0427494512614
"COL6A1",0.00014285049983991,8.12877384721175e-05,1.75734375841825,0.0911007396563459,27,0.896531207390823,1.04047809693078
"HPGD",0.0182435769813416,0.0103893880968472,1.75598185487727,0.0913376715385198,27,0.896531207390823,1.03935006401062
"EYA2",0.00416518844470054,0.0023737551374451,1.75468327756147,0.0915640755752019,27,0.896531207390823,1.03827488484384
"TNFRSF12A",0.0516065611812735,0.0294110719954313,1.75466440629196,0.0915673692619546,27,0.896531207390823,1.03825926295015
"ATP5PB",0.0398681203628245,0.0227565777376457,1.75193831086787,0.0920442289941674,27,0.896531207390823,1.0360034357809
"TNR",0.000390734457161639,0.000223050736191702,1.75177389607815,0.0920730566334799,27,0.896531207390823,1.03586743893803
"NID2 2",0.000213034039877638,0.000121632028880543,1.75146334266003,0.0921275284514763,27,0.896531207390823,1.03561057970326
"KRT17",0.0240610125029335,0.0137440450064993,1.75065000817122,0.0922703194062497,27,0.896531207390823,1.03493797601683
"HLA-DQA2",0.00388949412973608,0.00222199138127446,1.75045419280843,0.0923047253659621,27,0.896531207390823,1.03477606551978
"IGFBP1 2",0.00988966757790719,0.00565102521791842,1.75006608474313,0.0923729506277536,27,0.896531207390823,1.03445518368162
"BPNT1",0.00105236839124938,0.000601376742829531,1.7499319749179,0.092396535688931,27,0.896531207390823,1.03434431189013
"GNS 2",0.00352253593639004,0.00201574458849706,1.74751104703024,0.0928231719663303,27,0.896531207390823,1.03234359489203
"ASCC1",0.0198080872522063,0.0113411552528176,1.74656697758239,0.0929899978064311,27,0.896531207390823,1.031563762533
"RAB4A",0.0242357186777131,0.0138805636563125,1.74601833742475,0.0930870648309864,27,0.896531207390823,1.03111066340981
"GALNT10",0.0235658395852096,0.0135270713866236,1.74212428630434,0.0937784930286242,27,0.896531207390823,1.02789675042647
"PCK2",0.0429822308485208,0.0246806359245769,1.74153660302243,0.0938832206437746,27,0.896531207390823,1.02741202043872
"AIMP1",0.0102792628737154,0.00590332140196023,1.74126769894353,0.0939311736360816,27,0.896531207390823,1.02719025127686
"KCNMB3",0.00674483518520538,0.00387425245245343,1.74093848245075,0.0939899103531261,27,0.896531207390823,1.02691876462527
"CTHRC1 2",0.0149412427478838,0.00858375853424881,1.74064108260605,0.0940429973974088,27,0.896531207390823,1.02667353722033
"PDCD1LG2",0.0043219408094431,0.00248500787439793,1.73920608219007,0.0942995091160286,27,0.896531207390823,1.02549056801299
"SEMA6A 2",0.000164234224299544,9.45298766994203e-05,1.73737901744826,0.0946269644473358,27,0.896531207390823,1.0239850914836
"CPQ",7.56203585755369e-05,4.35316981108148e-05,1.73713321228675,0.0946710925071085,27,0.896531207390823,1.02378261108299
"MRC2",0.000187054317152936,0.000107714154878886,1.73658065054922,0.0947703547558594,27,0.896531207390823,1.02332749366849
"CNOT9",0.0133848963653296,0.00771425284298596,1.73508655183626,0.0950391978190765,27,0.896531207390823,1.02209723802175
"HMGCR",0.0275445242757528,0.0159065209177378,1.73164983205329,0.0956600497605436,27,0.896531207390823,1.01926939755224
"MMP14",0.030781030726073,0.017780835904576,1.73113518910275,0.095753317136949,27,0.896531207390823,1.01884617204008
"SCGB3A1",0.00823129074264538,0.00476356191361888,1.72796971927926,0.0963286862932356,27,0.896531207390823,1.01624436247402
"GGT2",0.00520301274386007,0.00301235606637513,1.72722368445674,0.0964647151661404,27,0.896531207390823,1.01563151371221
"GNAI3",0.00943490516151824,0.0054639357560318,1.72675990033426,0.0965493617578832,27,0.896531207390823,1.01525059279029
"SCARA3",0.0621472455628675,0.0359981367972134,1.72640172776048,0.0966147759982341,27,0.896531207390823,1.01495644870083
"MAP3K10",0.0360975922585722,0.0209247544522929,1.72511425837146,0.096850221357477,27,0.896531207390823,1.01389938233546
"CLEC6A",0.122329595390664,0.0709437689739116,1.72431768370876,0.0969961381471431,27,0.896531207390823,1.01324555660771
"VWA1",0.00174739819464714,0.00101380737953077,1.72359979807594,0.0971278003447561,27,0.896531207390823,1.01265644662868
"TBCA",0.000168797592843402,9.79366495685875e-05,1.72353856893163,0.0971390369490837,27,0.896531207390823,1.01260620650198
"CFL2",0.00907503400341118,0.00526571531813017,1.72341903333917,0.0971609769693128,27,0.896531207390823,1.01250812694381
"GSTT2B",0.0504746223666116,0.0292919592128894,1.72315624229058,0.0972092254180515,27,0.896531207390823,1.01229251739851
"MIOX",0.0619791889191491,0.0359772053997466,1.72273494370926,0.0972866182488249,27,0.896531207390823,1.01194689272619
"ADAM12",0.0186388416435981,0.0108240546340621,1.7219833300678,0.0974248199172131,27,0.896531207390823,1.01133038829671
"MAGEA3",0.024349399846184,0.0141420135054749,1.72177744256555,0.0974627061560547,27,0.896531207390823,1.01116153413751
"CA11",0.000584922109962673,0.000339760075853439,1.72157399156865,0.0975001563112607,27,0.896531207390823,1.0109946880444
"TNFSF11 2",0.0945892061053734,0.0549616004888948,1.72100530668654,0.0976049014463607,27,0.896531207390823,1.01052837272615
"TRIB2",0.0347179289071859,0.0201864341131105,1.71986437587992,0.0978153352739881,27,0.896531207390823,1.00959305213702
"PSMA5",0.0746145023465388,0.0433879148644575,1.71970703315963,0.0978443857875133,27,0.896531207390823,1.00946408867183
"HLA-DRB3",0.00595974180704959,0.00346937604179954,1.7178137322809,0.0981945235308696,27,0.896531207390823,1.00791273285099
"MANEA",0.000535029785309681,0.000311551289774368,1.71730884406597,0.0982880741528097,27,0.896531207390823,1.00749917437369
"ADGRD1",0.000475067429320306,0.000276653961375887,1.71719004838263,0.0983100967464238,27,0.896531207390823,1.00740187651095
"RTN1",0.0281923475601708,0.0164222028991983,1.7167214248429,0.0983970119335568,27,0.896531207390823,1.00701808978483
"IFNLR1",0.00780921842011053,0.00455018332768196,1.71624259018347,0.0984858881861608,27,0.896531207390823,1.00662599409063
"CCL7 2",0.0294002359892181,0.017136578321402,1.71564214499577,0.0985974325793749,27,0.896531207390823,1.00613439369091
"FZD2",0.000115224158858628,6.72016256500727e-05,1.71460374275192,0.0987905885221481,27,0.896531207390823,1.0052844273515
"COLEC12",0.00312480326240784,0.00182538065279634,1.71186391047855,0.0993017703854736,27,0.896531207390823,1.00304300868701
"SEMA4G",0.000345419072105168,0.0002020946363095,1.70919465460811,0.0998019354976443,27,0.896531207390823,1.00086103618962
"CCL15",0.00251890711484218,0.00147560811961997,1.70702985525106,0.100209139033944,27,0.896531207390823,0.999092669177163
"OSBPL9",0.0338245114276918,0.0198201211074234,1.70657440710709,0.10029498848651,27,0.896531207390823,0.998720767149377
"DIPK1C",0.0051515321461544,0.00301924672131142,1.70623093164007,0.100359772835038,27,0.896531207390823,0.998440330384542
"TRAF4 2",0.0479660643071821,0.0281368882378732,1.70473948297588,0.10064149171913,27,0.896531207390823,0.99722293469108
"NRP2 2",0.00107406014765676,0.000630263496074857,1.70414462259955,0.100754040880128,27,0.896531207390823,0.996737526856838
"TOR1AIP1",0.000565784652462615,0.000332064990408864,1.70383710660367,0.100812265420912,27,0.896531207390823,0.99648662582143
"OTC",0.0104539403454976,0.00613765317479689,1.70324716105249,0.100924044284206,27,0.896531207390823,0.996005354516716
"BICD1",0.00752637790752096,0.00442124430070073,1.70232120091805,0.101099700089881,27,0.896531207390823,0.995250132732472
"BGN 2",0.000402639761833531,0.000236960778343834,1.69918315025659,0.101696914360764,27,0.896531207390823,0.992692224033235
"PLA2G2E",0.0328330289358564,0.0193405381956321,1.69762747053603,0.101994084477287,27,0.896531207390823,0.991425016016239
"PELO",0.0382146050584212,0.0225305793326787,1.69612172390943,0.102282414071002,27,0.896531207390823,0.990199030300153
"TMA16",0.0296630074161272,0.0175122562099641,1.69384270424559,0.102720123074208,27,0.896531207390823,0.988344468924586
"GUSB",0.000206235770092918,0.000121855612095533,1.69246017106896,0.102986422015741,27,0.896531207390823,0.987220029977832
"RPP25L",0.012985213801124,0.00767640333028445,1.69157523939572,0.103157180067976,27,0.896531207390823,0.986500538360934
"SPAG11B",0.0535207966221479,0.0317487422588496,1.68576116136473,0.104285022183341,27,0.896531207390823,0.981778062141297
"ENTPD1 2",0.000622733374912886,0.000369438351156978,1.68562189865416,0.104312163924214,27,0.896531207390823,0.981665045196276
"TMEM230",0.0151460033427263,0.00898766889546379,1.68519818863941,0.104394779896654,27,0.896531207390823,0.981321217030668
"LRRC3B",0.00982050057843424,0.00582834288317571,1.68495587429875,0.104442051684043,27,0.896531207390823,0.981124605383118
"TLL1",0.00900489021512577,0.00535110402668985,1.68280978471206,0.104861508118492,27,0.896531207390823,0.97938390055297
"ANGPTL3 2",0.000233076073094881,0.000138594607853485,1.68171097494122,0.105076820624748,27,0.896531207390823,0.978493076407641
"EFNA4 2",0.0037802394240737,0.00225086141036186,1.67946342972132,0.105518387904718,27,0.896531207390823,0.97667185250181
"FCN2",0.00248508290895272,0.00148045137376505,1.67859813094213,0.105688805923943,27,0.896531207390823,0.975971008746575
"ARL8A",0.0231468155619861,0.0137914683802388,1.67834308311595,0.105739081000484,27,0.896531207390823,0.975764468454769
"BTG4",0.0225705180067008,0.0134497358704063,1.67813838310112,0.105779446060154,27,0.896531207390823,0.975598711599965
"TMPRSS11A",0.0239292918595356,0.0142788899430603,1.67585099086541,0.106231382283016,27,0.896531207390823,0.973747167444561
"ADAM22",2.74386522900781e-05,1.63750265251335e-05,1.67564017364878,0.106273116534167,27,0.896531207390823,0.973576583242199
"UAP1",0.0843651878290123,0.0504055761301629,1.6737272799175,0.106652431395905,27,0.896531207390823,0.972029239325773
"MAPK6",5.31977486835865e-05,3.18016806793574e-05,1.67279676882352,0.106837357005778,27,0.896531207390823,0.971276864304763
"CHST11",0.00228675320037631,0.00136704500825187,1.67277096699291,0.106842488583787,27,0.896531207390823,0.971256004911058
"KRT16",0.0327928887645046,0.0196132987242443,1.67197212593151,0.107001468020675,27,0.896531207390823,0.970610263913808
"DPT",0.000616265315518737,0.000368589849012173,1.67195411694147,0.107005054326736,27,0.896531207390823,0.97059570816181
"PMM1",0.0630521656817747,0.0377693317197738,1.66940114666536,0.107514475289954,27,0.896531207390823,0.968533060256882
"SEMA6A",0.000135497884533646,8.11704920931084e-05,1.66929977926239,0.107534744171027,27,0.896531207390823,0.968451193759041
"FUT8",0.000195717658120872,0.000117271834077738,1.66892297421675,0.107610116224606,27,0.896531207390823,0.968146899543153
"TNFRSF19",0.00184570385992842,0.00110819641233702,1.66550246813749,0.108296349256197,27,0.896531207390823,0.965386183491136
"CANT1",0.0187232671396491,0.0112420457556382,1.66546797145519,0.108303288760142,27,0.896531207390823,0.96535835529808
"CARHSP1",0.0433873662033617,0.0260620739359544,1.6647702830551,0.108443718949022,27,0.896531207390823,0.964795597220802
"LCT",0.0100863513021983,0.00606578228435831,1.66282778203361,0.108835509311231,27,0.896531207390823,0.963229386054238
"THBS4",3.84648241811939e-05,2.31640921314708e-05,1.66053666005479,0.109299140007424,27,0.896531207390823,0.96138325517289
"ARHGAP5",0.040087905745551,0.0241651222921827,1.65891590619093,0.10962811456114,27,0.896531207390823,0.960078055039796
"KIF3A",0.00621424604999998,0.00374803930251179,1.65799916928177,0.109814557675239,27,0.896531207390823,0.959340083392803
"BPTF",0.0252707593698401,0.0152455491034672,1.65758276060341,0.109899333325758,27,0.896531207390823,0.959004942097188
"KIRREL1",0.0451734197147811,0.0272693835573213,1.65656182215578,0.110107415886095,27,0.896531207390823,0.958183429711733
"CDC34",0.0269877852893554,0.016292067937597,1.6564984502106,0.110120342914332,27,0.896531207390823,0.958132444885226
"BTN3A3",0.00613254313862274,0.00370475404834261,1.65531721096742,0.110361532782997,27,0.896531207390823,0.957182276346395
"CPB1 2",0.000464936065465227,0.000280944747672362,1.65490214470012,0.110446387588564,27,0.896531207390823,0.956848484192812
"LRRK2",0.0112573258064416,0.00680493403638637,1.65428874787735,0.110571888518203,27,0.896531207390823,0.956355272789354
"KLHL12",0.0957990826518143,0.0579206919014948,1.65396992865242,0.110637166066162,27,0.896531207390823,0.956098957063521
"EPHA7",0.00467620560917153,0.00282969247643276,1.6525490483922,0.110928480841753,27,0.896531207390823,0.954956934604671
"MITF",0.0748891361248839,0.0453177411539097,1.65253461929055,0.110931442447566,27,0.896531207390823,0.954945339819609
"IL25",0.0454509501069119,0.0275134077086435,1.65195640569936,0.111050176596868,27,0.896531207390823,0.954480746480801
"LGALS3BP",0.000279421428254901,0.000169312933191712,1.65032536491771,0.111385678685499,27,0.896531207390823,0.95317064459935
"S100P",0.0127643093980244,0.00773513436216097,1.65017293823173,0.111417075879761,27,0.896531207390823,0.953048243704151
"TIMP3",0.000613096553054297,0.000371760378562026,1.64917131681908,0.111623576447713,27,0.896531207390823,0.952244066691037
"BTN2A1",0.0148219627204607,0.0089914164575468,1.64845692449493,0.111771055669118,27,0.896531207390823,0.951670647171063
"ST3GAL1",0.0166866034320474,0.0101236091636369,1.64828601759778,0.111806361864138,27,0.896531207390823,0.951533484071402
"ADAM11",0.00018397220914614,0.000111648635277171,1.64777839594209,0.111911282105533,27,0.896531207390823,0.951126128760392
"LIPN",0.048592194036192,0.0295080580978022,1.64674320062462,0.112125501754061,27,0.896531207390823,0.950295600504975
"HTATIP2 2",0.0118107063239015,0.00717491746662812,1.64611040877269,0.112256618298585,27,0.896531207390823,0.949788044927544
"PHB2 2",0.0350722227498068,0.0213227420520199,1.6448270426122,0.112522929757555,27,0.896531207390823,0.948758968641791
"SNX1 2",0.0811300716684011,0.0494144852411155,1.64182772060725,0.113147379893676,27,0.896531207390823,0.946355498367613
"TTC27",0.0394768730111514,0.0240648524247044,1.64043694573524,0.113437916537763,27,0.896531207390823,0.945241758575521
"CD83",0.0162459673656141,0.00990451735832426,1.64025835665381,0.113475269401231,27,0.896531207390823,0.945098777526912
"VPS29",8.6664803346693e-05,5.28662263243509e-05,1.63932267105613,0.113671141051605,27,0.896531207390823,0.944349780456402
"QRFP",0.0383790490938549,0.0234220721781655,1.63858469916392,0.11382582346257,27,0.896531207390823,0.943759199144466
"PCYOX1L",0.000492377208637092,0.00030061158052539,1.63791829901079,0.113965655113183,27,0.896531207390823,0.943226008682171
"VAC14",0.0600334214544263,0.0366578485372615,1.63766898085697,0.114018006741917,27,0.896531207390823,0.943026555583713
"ZNF560",0.0579056856626642,0.0354003140884975,1.63573931908924,0.114423875142873,27,0.896531207390823,0.941483348261767
"SLIT3",0.00728379005376934,0.00445707196203217,1.63420965957398,0.114746466836359,27,0.896531207390823,0.940260677965831
"ADAM28",0.0285419100422288,0.0174756886991832,1.63323520655085,0.114952365866257,27,0.896531207390823,0.939482085968546
"CYB5D2",0.0672701403744468,0.0411935126895705,1.63302753230555,0.114996286644066,27,0.896531207390823,0.939316183264033
"KLRC3",0.01104129220237,0.00676213796921125,1.6328108436477,0.11504212879405,27,0.896531207390823,0.939143090496008
"PRKN",0.0460056064066833,0.0281764004375455,1.63277088954841,0.115050583055197,27,0.896531207390823,0.939111176065195
"ANGPTL3",0.00229922289622827,0.00140830506648179,1.63261707349541,0.115083135269911,27,0.896531207390823,0.938988314909331
"IGFBP5",1.55410528418929e-05,9.52453033026592e-06,1.63168705468955,0.115280119612326,27,0.896531207390823,0.93824558157864
"COPS8",0.00377624424687422,0.00231521042196261,1.63105876297546,0.115413355208122,27,0.896531207390823,0.937743933315502
"SERPINA10 2",0.0027247126891387,0.0016708219473708,1.63076184953537,0.115476363370796,27,0.896531207390823,0.937506901556688
"NAIF1",0.000749072383825957,0.000459602469842228,1.62982671542888,0.115674996168119,27,0.896531207390823,0.936760506214621
"CD300E",0.0819179935693085,0.0503099829192319,1.62826518348894,0.116007317788009,27,0.896531207390823,0.935514614439351
"KIR2DL4",0.0197944899478205,0.0121583672394484,1.62805494833191,0.116052120276595,27,0.896531207390823,0.93534692055909
"CSF2RB 2",0.0358947465870669,0.02206096920008,1.62707024616746,0.116262158773306,27,0.896531207390823,0.934561617259296
"TINAGL1",0.000938968983714956,0.00057710297301223,1.62703889535335,0.116268851150945,27,0.896531207390823,0.934536618763987
"ACADSB",0.0591486419321844,0.0363786836621025,1.62591484841994,0.116509010741302,27,0.896531207390823,0.933640485248308
"GCHFR",0.00150212887306225,0.00092389831597191,1.62585952057079,0.116520842544263,27,0.896531207390823,0.933596383716519
"PCBD1",0.0133374073743929,0.0082124337015769,1.62405053837232,0.116908243295536,27,0.896531207390823,0.932154865300554
"GALNT16",0.000738171849072578,0.000454716302479633,1.62336790004498,0.117054711547036,27,0.896531207390823,0.931611100910561
"LYVE1",3.45608065650852e-05,2.12913193667405e-05,1.62323461358967,0.117083327581761,27,0.896531207390823,0.931504943140701
"IGDCC3 2",0.0250893639477876,0.0154570617571337,1.62316514884909,0.117098243675093,27,0.896531207390823,0.931449618744338
"FCMR",0.00101731319862765,0.000626967356276743,1.62259356638435,0.117221039089348,27,0.896531207390823,0.93099443319523
"CKMT1A",0.000775481702964416,0.000478215203075873,1.62161658177434,0.11743117697111,27,0.896531207390823,0.930216586316844
"REEP2",0.01539338172701,0.00950024048553717,1.62031495417872,0.117711628884416,27,0.896531207390823,0.929180630522255
"IL1A",0.00846789952595005,0.00522617301988899,1.62028687028236,0.117717686048951,27,0.896531207390823,0.929158283321059
"U2AF2",0.0155239669841273,0.00958389332305758,1.61979755625813,0.11782326345819,27,0.896531207390823,0.928768952383803
"FAM20B",7.5830888357342e-05,4.68420185171264e-05,1.61886465950686,0.118024769348611,27,0.896531207390823,0.928026839621329
"NAAA",0.00041459020480012,0.000256101657969928,1.61885013977068,0.118027907879498,27,0.896531207390823,0.928015290956329
"B3GNT8",0.00566947084880345,0.00350221746301809,1.61882319092707,0.118033733222975,27,0.896531207390823,0.927993856601169
"BMP2",0.043982501723012,0.0271720442668626,1.61866738074803,0.118067418312383,27,0.896531207390823,0.927869933033184
"CRYZL1",0.00383906705277691,0.00237199066093917,1.61850007084634,0.118103598468226,27,0.896531207390823,0.927736869777803
"KIRREL2 2",0.089756949467693,0.0554656992964705,1.61824245625989,0.118159324718653,27,0.896531207390823,0.927531999684943
"TPM4 2",0.0988552040950048,0.0610931212674156,1.6181069495909,0.118188645807108,27,0.896531207390823,0.927424243422374
"GALNT9",0.0267210740214535,0.0165157747769846,1.61791223132265,0.118230789767806,27,0.896531207390823,0.927269409368853
"CSDC2",0.0306422774536349,0.0189594574968463,1.61620011852828,0.118601890373277,27,0.896531207390823,0.925908388778331
"FADD",0.0132920179374001,0.00823023674011396,1.61502255124875,0.118857690039643,27,0.896531207390823,0.924972714367099
"CDCP1",0.00193012220943276,0.0011960709293919,1.61371885395966,0.119141423454321,27,0.896531207390823,0.923937215428513
"MPST",0.0225987924293274,0.0140131138237261,1.61268885085801,0.119365988679746,27,0.896531207390823,0.923119400450132
"BOC",0.000439438325790257,0.000272854767729279,1.61052097219082,0.119839787325384,27,0.896531207390823,0.921398970368025
"TWSG1",7.85475639609777e-05,4.87951451212092e-05,1.60974137418512,0.120010553116114,27,0.896531207390823,0.920780562630881
"COX5B",0.0889349530975071,0.0552978311280519,1.60829007726474,0.120328988444791,27,0.896531207390823,0.919629734214438
"S100A11",0.01166431752163,0.00725504783571777,1.6077519798291,0.12044723288439,27,0.896531207390823,0.919203172891409
"HYKK",0.0328034590157807,0.0204140857049829,1.60690316920604,0.120633951226225,27,0.896531207390823,0.918530447128571
"ENO2",8.39931970946248e-05,5.22748635609799e-05,1.60676071390688,0.120665311571899,27,0.896531207390823,0.918417561370072
"MPP7",0.00888806807183866,0.00553252948152183,1.60651074730357,0.120720355990143,27,0.896531207390823,0.918219492547187
"UBA2",0.00140681282589015,0.000876399068838276,1.60521944387158,0.121005042201657,27,0.896531207390823,0.917196532537006
"LRRN1 2",0.0168703302089684,0.0105099427596,1.6051781246438,0.121014160804476,27,0.896531207390823,0.917163806547997
"HOMER2",0.0916352508442304,0.0570882494800745,1.60515082663752,0.12102018542341,27,0.896531207390823,0.91714218599042
"LIMA1",0.0426771024595889,0.0265903597062104,1.60498402169495,0.121057004369679,27,0.896531207390823,0.917010077175613
"CDC25B",0.00607096603262504,0.00378380373436993,1.60446113456674,0.121172481775922,27,0.896531207390823,0.916595997082286
"GRIA4",0.00119691923480053,0.000746045471209385,1.60435158578236,0.121196686737593,27,0.896531207390823,0.916509252704791
"IL13",0.00203638283464161,0.0012699870355713,1.60346741943358,0.121392191453383,27,0.896531207390823,0.915809248333042
"EFCAB14 2",0.00107178482207129,0.000668976822362032,1.60212549410459,0.121689414528438,27,0.896531207390823,0.91474719836675
"BMX",0.0211711069464806,0.0132305179073944,1.60017219995963,0.122123128119889,27,0.896531207390823,0.913202080005481
"UNG",0.00138831115100708,0.000867778405108321,1.59984524025322,0.12219585201546,27,0.896531207390823,0.91294353613415
"GLRX",0.0194307156649156,0.0121494877271955,1.59930328761283,0.122316474706751,27,0.896531207390823,0.912515044252601
"PPARGC1A",0.0358946664662908,0.022447081326634,1.59907945019564,0.122366323113338,27,0.896531207390823,0.912338089530774
"ST8SIA1",0.000238079099434962,0.000148894797114152,1.59897527683547,0.122389528175148,27,0.896531207390823,0.912255739464181
"GLA",0.00998857893480709,0.00624964462151815,1.59826350772257,0.122548175403441,27,0.896531207390823,0.911693150492003
"CD14",5.72141458939168e-05,3.58110728900129e-05,1.59766634386072,0.122681409542561,27,0.896531207390823,0.911221242853886
"NMRK1",0.0476528914002926,0.0298347993105282,1.5972251364693,0.122779925078868,27,0.896531207390823,0.910872635965039
"SIAE",0.00211140500672368,0.00132198711002657,1.5971449272915,0.122797841723374,27,0.896531207390823,0.910809266223077
"CD86 2",0.00499065973002389,0.00312645180671945,1.59626952166601,0.122993525445351,27,0.896531207390823,0.910117749839998
"RAET1L 2",0.000311058557435834,0.000195111736908615,1.59425856365332,0.12344402315402,27,0.896531207390823,0.908529932658466
"FTH1",0.00162429389291784,0.00101896799324454,1.59405781505055,0.123489070061641,27,0.896531207390823,0.908371479829248
"SYCE1L",0.0220494824347118,0.0138450931814918,1.59258461793436,0.12382006418829,27,0.896531207390823,0.907208975184906
"NDUFAF5",0.00477276262333182,0.0029979305766689,1.5920190615738,0.123947326867412,27,0.896531207390823,0.906762835086162
"TMEM237",0.0505143789774886,0.0317306012056892,1.59197673722084,0.123956855134823,27,0.896531207390823,0.906729450623445
"TPGS2",0.0116230578132235,0.00730124724224046,1.59192771147096,0.12396789281165,27,0.896531207390823,0.906690780807852
"NRXN3 2",2.11257484206096e-05,1.32938870255936e-05,1.58913253737887,0.124598545978457,27,0.896531207390823,0.904487025712302
"JAK2",0.0207785779656059,0.0130767283493509,1.58897374102272,0.124634453482954,27,0.896531207390823,0.904361886335062
"REG1B",7.76365400208838e-05,4.8869086236589e-05,1.58866363174919,0.124704600994986,27,0.896531207390823,0.90411752286571
"ULBP2",0.00338657025666335,0.00213260396775294,1.58799772853826,0.12485534035949,27,0.896531207390823,0.903592877108737
"NEDD9",0.0122875518426838,0.00773802579843814,1.5879440263903,0.124867503386053,27,0.896531207390823,0.903550571525117
"NLGN1 2",0.000389184225734732,0.000245125252273694,1.58769536033027,0.124923836662121,27,0.896531207390823,0.903354686180542
"FZD7",8.25973609669935e-05,5.2078984985254e-05,1.58600174312884,0.125308071141744,27,0.896531207390823,0.902020955027939
"MMP19",0.00020798347872636,0.00013113878459713,1.58597991711836,0.125313029224084,27,0.896531207390823,0.902003771576119
"HNF4A",0.00234237917735688,0.00147757059901578,1.58529086794035,0.125469639741266,27,0.896531207390823,0.90146134898733
"APBB1",0.0112164263535744,0.00708084553686211,1.58405183324263,0.12575166069724,27,0.896531207390823,0.900486270869369
"SEMA3E 2",3.83903847390765e-05,2.42364546550622e-05,1.58399342170526,0.125764968868279,27,0.896531207390823,0.90044031235552
"KCTD7",0.0289592028520225,0.0182911949942318,1.58323186982343,0.125938583285513,27,0.896531207390823,0.89984119649326
"ARL1",0.00859237037844393,0.00543883448927059,1.57981832236198,0.12671921972683,27,0.896531207390823,0.897157509913162
"GPR135",0.0705052136168072,0.0446455517554748,1.57922146427861,0.126856123389777,27,0.896531207390823,0.896688564388599
"EPHA2",0.00366190823676254,0.00231960064347702,1.57868047116655,0.126980318563332,27,0.896531207390823,0.896263587719032
"CCL18",5.89702064666882e-05,3.73594956964363e-05,1.57845295733779,0.12703257862709,27,0.896531207390823,0.896084886102813
"RNGTT 2",0.00330005912450346,0.00209317651893644,1.57657946888313,0.127463595394603,27,0.896531207390823,0.894613835440227
"IL1RAP",3.2966599035965e-05,2.09146154765293e-05,1.57624695863812,0.127540219008698,27,0.896531207390823,0.894352841589103
"VTN",5.22519100803558e-05,3.31583773632731e-05,1.57582831957969,0.127636744175306,27,0.896531207390823,0.894024282547572
"TLR1",0.0737562775596617,0.0468182610823213,1.57537413510457,0.127741533164111,27,0.896531207390823,0.893667875709603
"CCDC69",0.00623528263977334,0.00395844955747493,1.57518304812018,0.127785641767949,27,0.896531207390823,0.893517941570919
"ITGAV|ITGB3",0.0169353686539067,0.0107675497732938,1.57281545109833,0.128333196981326,27,0.896531207390823,0.891660986641986
"CDKN2C",0.0924422665053697,0.0587875456496437,1.57248045455577,0.128410827780453,27,0.896531207390823,0.8913983544055
"DTNA 2",0.0160344778162974,0.0102027317346429,1.57158673121367,0.12861812519691,27,0.896531207390823,0.890697825203965
"CD68 2",0.00476409356543181,0.00303676211538859,1.56880696755603,0.129264649869956,27,0.896531207390823,0.888520225819022
"PLA2R1",0.00112889166739941,0.000720180921662988,1.5675112092565,0.129566934336744,27,0.896531207390823,0.887505816886049
"CDC42EP4",0.00540968950155298,0.00345149738948591,1.56734567380297,0.129605593627512,27,0.896531207390823,0.887376254413425
"CTSC",0.000188440278818977,0.000120306162626311,1.56633936870135,0.129840811430609,27,0.896531207390823,0.886588779081895
"NLGN4X",8.31745507343416e-05,5.31149314456875e-05,1.56593538710281,0.129935338543421,27,0.896531207390823,0.886272717693654
"CFAP45",0.00354406591271355,0.00226341235852391,1.56580655723945,0.129965495183387,27,0.896531207390823,0.886171934158636
"SEMA6B",0.000391865437254438,0.000250451404643158,1.56463661209154,0.130239621119096,27,0.896531207390823,0.885256875861855
"CCN4 2",0.00112714532565055,0.000720629094666881,1.56411298682241,0.130362464082934,27,0.896531207390823,0.884847439189501
"IL1RAP 2",0.000375108884695809,0.000239824811506858,1.56409540088425,0.130366591414575,27,0.896531207390823,0.884833689457209
"NIPAL4",0.0230602016416714,0.0147596714319309,1.56237906433223,0.130769924733995,27,0.896531207390823,0.883492126225337
"NTAN1",0.0362864110495356,0.0232391890279138,1.56143189876161,0.130992944712464,27,0.896531207390823,0.882752094840107
"WFDC1",7.56761967391314e-05,4.84674787202585e-05,1.56138092463845,0.131004955966096,27,0.896531207390823,0.882712274512057
"HHLA3",0.0507715412829883,0.0325397018372594,1.56029522141634,0.131261000125629,27,0.896531207390823,0.881864291017787
"CASQ1",0.00300458905171452,0.0019259207386867,1.5600792864214,0.13131197366029,27,0.896531207390823,0.881695671035427
"PRSS1",0.000909922536506955,0.000583444236044839,1.55957070152121,0.131432094343185,27,0.896531207390823,0.881298571654458
"PXYLP1",0.00246902441800709,0.0015843894866922,1.55834435834448,0.13172211117038,27,0.896531207390823,0.880341317268519
"TJP1",0.00644053066953204,0.00413457039236099,1.55772669427313,0.131868381093765,27,0.896531207390823,0.879859325474588
"IGHG4",0.0233102592115506,0.0149656905223357,1.55757993102697,0.131903155933133,27,0.896531207390823,0.879744813339548
"KRT20",0.0596508431049394,0.03834619844044,1.55558687773418,0.132376146820381,27,0.896531207390823,0.878190264424736
"PRLR",0.0121303269730023,0.00779957766621632,1.55525433454487,0.132455201370964,27,0.896531207390823,0.877930982762337
"TRIM5",0.0408361339781648,0.0262669999925379,1.5546554227649,0.132597676795561,27,0.896531207390823,0.877464085008975
"CPTP",0.0224517200312318,0.0144465868277372,1.55411934313265,0.132725311792188,27,0.896531207390823,0.877046245761019
"SFRP4",6.40676526394041e-05,4.12531874575486e-05,1.55303520983276,0.132983741052176,27,0.896531207390823,0.876201453792031
"DDR2",0.00545187708290029,0.00351067967526814,1.55294062323812,0.133006307626852,27,0.896531207390823,0.876127762772919
"KRT6A",0.0416055439800822,0.0268383007095873,1.55023018894858,0.133654303138441,27,0.896531207390823,0.874017054122594
"NLGN1 3",5.54979378014199e-05,3.5810019645468e-05,1.54978797417229,0.133760270816041,27,0.896531207390823,0.873672860615337
"OSTM1",0.0888546520939128,0.057360534309966,1.54905551635482,0.133935940924801,27,0.896531207390823,0.873102866969741
"RHOG",0.00654051604806107,0.00422470394082037,1.54815962010133,0.134151066836351,27,0.896531207390823,0.872405869251469
"QSOX1",7.55644672664518e-05,4.88283633656874e-05,1.54755273488344,0.134296955321854,27,0.896531207390823,0.871933833212945
"ASAP2",0.0022557779424038,0.00145863322027279,1.54650114302342,0.134550054425225,27,0.896531207390823,0.87111612222895
"USB1",0.0650149352212279,0.0420433385666422,1.54637898506023,0.134579480974266,27,0.896531207390823,0.87102115095126
"SORCS3 2",0.000938051807015343,0.000606644243405231,1.54629639564343,0.13459937887275,27,0.896531207390823,0.870956944218727
"CD8A 2",0.00953967794244442,0.0061771509115711,1.54434917958287,0.135069212211723,27,0.896531207390823,0.869443633141828
"TAGLN2",0.00857500008672487,0.00555251525531214,1.54434516474693,0.135070182316878,27,0.896531207390823,0.869440513927645
"B3GAT3",0.0163191632946096,0.010567729506265,1.54424498516307,0.135094390567472,27,0.896531207390823,0.869362683518088
"None 13",0.022507100767502,0.0145781591291453,1.54389182942206,0.13517975850347,27,0.896531207390823,0.869088333752151
"PPY",0.0295575676622379,0.0191501400189507,1.54346483278911,0.135283034951389,27,0.896531207390823,0.868756662300794
"CHRDL1",4.571050080374e-05,2.9618000172793e-05,1.54333515217309,0.135314413226529,27,0.896531207390823,0.868655941381968
"PRSS8 2",4.50460271573058e-05,2.92040104369567e-05,1.54246031566615,0.135526249604263,27,0.896531207390823,0.867976579666375
"GPD1",0.0359091090763378,0.0232956284538876,1.54145268703172,0.135770577409306,27,0.896531207390823,0.867194335013083
"SRGAP2",0.00723096395642238,0.00469170244980185,1.54122390193943,0.135826102999681,27,0.896531207390823,0.867016759515446
"JUND",0.0245833973752044,0.0159561459029316,1.54068517076469,0.135956925223455,27,0.896531207390823,0.866598665901178
"UBE2G1",0.0236456934339661,0.015354332424597,1.5400014002619,0.13612311650932,27,0.896531207390823,0.866068116384143
"TPPP",0.0947912994506886,0.0616213057566163,1.53828774458436,0.136540353637395,27,0.896531207390823,0.864738976666922
"TOM1L1",0.0071157604516188,0.00462705197555932,1.53786049718161,0.136644541780087,27,0.896531207390823,0.864407711370753
"UCK2",0.0450818628611522,0.0293337790029266,1.53685833852687,0.136889182564001,27,0.896531207390823,0.863630869896555
"FLT4",0.0213679389759936,0.0139150857485246,1.5355952066813,0.137198040956009,27,0.896531207390823,0.862652089854264
"GNPNAT1",0.00231437669285472,0.00150850143572836,1.53422239981977,0.137534363113613,27,0.896531207390823,0.861588779316519
"DLK1",0.000647711083446443,0.000422262670987434,1.53390561834844,0.137612066666073,27,0.896531207390823,0.861343482839425
"IDO1",0.11846049560915,0.0772934895112518,1.53260638584451,0.137931131980976,27,0.896531207390823,0.860337699584804
"UMODL1",0.0237125891312115,0.0154930728348722,1.53052847449594,0.138442682074761,27,0.896531207390823,0.858729995631986
"SLC27A2",0.0408924386496824,0.0267354784377456,1.52951961360638,0.138691606789963,27,0.896531207390823,0.857949820362177
"MEF2D",0.0503196900311047,0.0329085964538645,1.52907432869856,0.138801591934257,27,0.896531207390823,0.857605552870366
"IL20RA",0.0144956189416414,0.00948264325883143,1.52864750323084,0.138907084480733,27,0.896531207390823,0.857275603992922
"FAM209B",0.0832431858340606,0.0544582573072625,1.52856866800546,0.138926576256643,27,0.896531207390823,0.857214667022854
"FAH",0.000526378728034228,0.000344867592740781,1.52632122911555,0.139483189183886,27,0.896531207390823,0.855478131348188
"IL11RA 2",0.00496582858122943,0.00325565270990645,1.52529431843857,0.139738124839598,27,0.896531207390823,0.854685088885306
"SIRPB1",0.00289680624176497,0.00189957696492129,1.52497439970009,0.139817623908387,27,0.896531207390823,0.854438082640741
"ENPP6",0.000669968896585436,0.000439473126885663,1.52448205726067,0.139940041987614,27,0.896531207390823,0.854058000118131
"PES1",0.0254981119424467,0.0167345245861974,1.52368307872202,0.140138889496718,27,0.896531207390823,0.853441328310678
"TBX22",0.0448328049600669,0.029425249752843,1.5236168031415,0.140155394325629,27,0.896531207390823,0.853390182379115
"IGF1R",0.000481076699918498,0.000316039289865391,1.52220535656627,0.140507268302729,27,0.896531207390823,0.852301209551621
"PCTP",0.00586772397521586,0.00385882431029763,1.52059889318031,0.14090863651713,27,0.896531207390823,0.851062387467053
"IGF2R",0.000274152896934848,0.000180316942988082,1.52039454746617,0.140959758409075,27,0.896531207390823,0.850904853268687
"RAB38",0.00955159109293435,0.0062929390185886,1.51782673639774,0.141603446683126,27,0.896531207390823,0.848926175620507
"MRPL55",0.0876092220267874,0.0577838457425835,1.51615422789737,0.142023991008277,27,0.896531207390823,0.8476382874307
"IL2RB",0.0263310807270739,0.0173799544420062,1.51502587736556,0.142308283745193,27,0.896531207390823,0.846769818959164
"THBS3",0.000197602849352025,0.000130521077753489,1.51395355258429,0.142578889919146,27,0.896531207390823,0.845944770909788
"GPC6",0.000539852967238201,0.000356856451704532,1.51280147706335,0.142870088300998,27,0.896531207390823,0.845058686853459
"LRP8",0.000125135117533584,8.27233913245743e-05,1.51269327248205,0.142897462923369,27,0.896531207390823,0.844975481832978
"ATP1B2",6.47548346825288e-05,4.2854812772108e-05,1.51102829516209,0.143319223233897,27,0.896531207390823,0.843695554302651
"SFRP1",9.51325455346626e-05,6.30002880776204e-05,1.51003350044135,0.143571700663512,27,0.896531207390823,0.842931155197204
"FYN",0.0277543289178094,0.0183863543315894,1.50950691024838,0.143705494873712,27,0.896531207390823,0.842526625409914
"RYBP",0.123330644924829,0.0817153673823449,1.50927113070137,0.143765433787362,27,0.896531207390823,0.842345520906945
"HRAS",0.0114761207885059,0.00760589418772234,1.50884570640372,0.143873634861883,27,0.896531207390823,0.842018784125062
"HES1",0.0173060040365257,0.0114702470741047,1.50877343135841,0.143892023649393,27,0.896531207390823,0.841963279594075
"MID2",0.0890885923211713,0.0590537397471352,1.50860204116867,0.143935637735457,27,0.896531207390823,0.841831663633573
"KLK4",0.0168737726811872,0.0111887061110986,1.50810759650298,0.144061520544421,27,0.896531207390823,0.841452005632031
"KLHL2",0.00182134061883444,0.00120866304350796,1.5069051946424,0.144368018841724,27,0.896531207390823,0.840529003295874
"SELL",4.32822339026211e-05,2.87271850886518e-05,1.50666463731314,0.14442940171473,27,0.896531207390823,0.840344387772787
"CUL4B",0.05898980336934,0.039157322149826,1.50648206084241,0.144476003806947,27,0.896531207390823,0.840204279410093
"IL1R2 2",0.0712880208426063,0.0473522775263088,1.50548240901399,0.144731378635864,27,0.896531207390823,0.839437301009303
"GOLM1 2",0.000988128451771124,0.000657130500605908,1.50370200570514,0.14518711563745,27,0.896531207390823,0.838071922587971
"LRP1",0.0310499685978809,0.0206499551710051,1.5036337048072,0.145204622087864,27,0.896531207390823,0.83801955915035
"HSPA1A 4",0.00102360445225379,0.000681012960218589,1.50306163325472,0.145351319160351,27,0.896531207390823,0.83758102236303
"TG",0.0739875872584503,0.0493202435999111,1.50014642787741,0.146100739893872,27,0.896531207390823,0.835347584674791
"GSN 2",5.32108169774222e-05,3.5483415913618e-05,1.49959680057186,0.146242385107279,27,0.896531207390823,0.834926738524336
"MAP1LC3B2",0.00337796737185816,0.00225351063913131,1.49897999734331,0.146401475026284,27,0.896531207390823,0.834454547645464
"NR1H4",0.0166832150495785,0.0111305727820809,1.49886401860978,0.146431404700965,27,0.896531207390823,0.834365771462841
"TLR5",0.00110758750465694,0.000739482629142935,1.49778704868381,0.14670956663426,27,0.896531207390823,0.833541565768133
"LRP1 3",0.00276069448573006,0.00184319133227868,1.49777965932441,0.146711476652505,27,0.896531207390823,0.833535911706139
"CDON",0.000281747741530415,0.000188163512151718,1.49735588110855,0.146821049559202,27,0.896531207390823,0.833211675672954
"PHGDH",0.0017389121801014,0.00116161886803551,1.49697308467637,0.146920083197435,27,0.896531207390823,0.832918834395783
"ITPK1",0.000524714935101982,0.000350732815742569,1.49605315371206,0.147158301021872,27,0.896531207390823,0.832215234846655
"GLRX5",0.0815440170869532,0.0545322067665458,1.4953368279418,0.147344011751597,27,0.896531207390823,0.831667509736581
"FLJ44635",0.0373969841513619,0.0250099416827639,1.49528474019333,0.147357523147007,27,0.896531207390823,0.831627686907185
"KCTD17",0.0901800477019452,0.0603535384473326,1.49419652968054,0.147640031284265,27,0.896531207390823,0.830795871451304
"CT45A1",0.0438893088165024,0.0293791716525862,1.4938919767889,0.147719174234846,27,0.896531207390823,0.830563128764438
"QSOX2",8.82457906510936e-05,5.9071765639549e-05,1.49387426794659,0.147723777219154,27,0.896531207390823,0.830549596197995
"POLR2K",0.0106453104175347,0.00712620776783301,1.49382543483879,0.147736470804198,27,0.896531207390823,0.830512279814622
"C6",1.099270035705e-05,7.35989463084455e-06,1.49359480106967,0.147796433255948,27,0.896531207390823,0.830336046563325
"SEMA3G",4.54201983003834e-05,3.04222388976576e-05,1.49299328209143,0.147952914938149,27,0.896531207390823,0.829876474037769
"CMTM4",0.0104410030053935,0.00699523750782124,1.4925873487097,0.148058592020933,27,0.896531207390823,0.829566384904153
"KCTD2",0.0137176039668997,0.00919508236646303,1.49184133650956,0.148252961689054,27,0.896531207390823,0.828996621860054
"ITIH5",5.84611283030225e-05,3.91927467450843e-05,1.49163131339742,0.148307719418136,27,0.896531207390823,0.828836243351594
"MFN1",0.0570003110098967,0.0382149163512823,1.49157230872714,0.148323106205287,27,0.896531207390823,0.828791188042552
"CD5",0.044482627008112,0.0298430767588544,1.49055096991345,0.148589648139155,27,0.896531207390823,0.828011445707628
"RHEX",0.0235541304932372,0.0158100092862623,1.48982395055921,0.148779616896908,27,0.896531207390823,0.82745656392158
"HYAL1",0.00481499720111116,0.00323782966103086,1.48710639693694,0.149491450712764,27,0.896531207390823,0.825383643556527
"RELB",0.0605992625731556,0.0407861451057382,1.48578058593309,0.149839731717813,27,0.896531207390823,0.82437301321943
"CHST2",0.0563182431147831,0.037911105230237,1.48553419302229,0.149904529649937,27,0.896531207390823,0.824185243921229
"CRIP1",0.000282591054453842,0.000190474419498931,1.48361683000392,0.150409544594749,27,0.896531207390823,0.822724603682488
"GOT1",0.0026880614761517,0.00181355018600958,1.48220958917401,0.150781073080762,27,0.896531207390823,0.821653170219991
"CCL15 2",0.000101000928928097,6.81468037810717e-05,1.48210808613376,0.150807899765967,27,0.896531207390823,0.821575908234759
"IL15RA",0.0014371555946529,0.000969765499243595,1.48196197511034,0.150846522866073,27,0.896531207390823,0.821464696211443
"C7",2.78130619865029e-05,1.87681233551109e-05,1.48193090274681,0.150854737589517,27,0.896531207390823,0.821441046266743
"LPIN1",0.0292402091524769,0.0197415696949129,1.48114914894592,0.151061531957798,27,0.896531207390823,0.820846115313123
"CCDC24",0.00470149659438007,0.00317582365996637,1.48040228229481,0.151259311714324,27,0.896531207390823,0.820277880135541
"SHANK1 2",0.0267007801744754,0.0180372586137874,1.48031254339646,0.151283089788085,27,0.896531207390823,0.820209614092866
"GRID2",0.0266624925758787,0.0180287949334797,1.47888378975159,0.151662072998631,27,0.896531207390823,0.819123012138764
"FAM20C",0.000557785547208057,0.000377408473958312,1.47793593863414,0.151913917607154,27,0.896531207390823,0.818402436386697
"PCDHB2",0.0670793574516451,0.0453926284287071,1.47775882943194,0.151961013060511,27,0.896531207390823,0.818267819848015
"ANKRD45",0.0634628143484546,0.0429992888319648,1.47590381311789,0.152454992881277,27,0.896531207390823,0.816858347977642
"NRXN1 3",2.02726584558756e-05,1.37403534204986e-05,1.47541026314736,0.152586640416289,27,0.896531207390823,0.816483488972703
"IFNGR1",0.0037391575173864,0.00253461147256844,1.47523893024809,0.152632362515528,27,0.896531207390823,0.816353373512275
"CTAG1A 2",0.00157704858481012,0.00107036970313678,1.4733681084101,0.15313233214862,27,0.896531207390823,0.814933103284366
"NCALD",0.0161652714370034,0.0109744031212015,1.47299778024133,0.153231457365352,27,0.896531207390823,0.814652067877311
"BCHE",1.97241458404737e-05,1.33949658436906e-05,1.47250437743851,0.153363606215536,27,0.896531207390823,0.814277687942369
"ACP5",0.00034974820025194,0.000237651175153617,1.47168723245683,0.153582665625406,27,0.896531207390823,0.813657798940316
"GSTM1 2",0.076261391094611,0.0518266922738936,1.47146938669335,0.153641108085352,27,0.896531207390823,0.813492569291172
"DSC2",0.000106969643576529,7.27635380807879e-05,1.47009953608582,0.154009015113392,27,0.896531207390823,0.812453856440118
"MERTK",0.00099079461691122,0.000674124585929533,1.46975001000006,0.154103002574496,27,0.896531207390823,0.812188899316418
"PLA2G2A",0.00363637046277294,0.00247447723467899,1.46955098709755,0.154156540430396,27,0.896531207390823,0.812038044647673
"CTNNA1 2",0.013467427426056,0.00916544736409756,1.46936934893216,0.154205414816093,27,0.896531207390823,0.811900376068061
"LRIG3",0.00171573279860525,0.00116798958752755,1.4689624093629,0.154314957633298,27,0.896531207390823,0.811591976057614
"APCDD1",0.0113811675316932,0.00775603872118369,1.46739436725713,0.154737640628915,27,0.896531207390823,0.810404029358055
"COMMD8",0.0803489096979532,0.0547778230742784,1.46681458277377,0.154894163934174,27,0.896531207390823,0.809964945177734
"IFT22",0.063375472226827,0.0432173214819421,1.4664368372137,0.154996211781343,27,0.896531207390823,0.80967891616883
"LILRA1",0.000158616974601601,0.000108236030781449,1.46547294331111,0.155256852829361,27,0.896531207390823,0.808949221552063
"TRIM55",0.0474461925078272,0.0324450198529909,1.46235671060788,0.15610191131257,27,0.896531207390823,0.806591779401255
"SURF1",0.0029540268278901,0.00202049205420434,1.46203338030615,0.156189803427261,27,0.896531207390823,0.80634732167395
"CSF2RA",0.000504436764253361,0.000345195345611056,1.46130812789616,0.156387096402956,27,0.896531207390823,0.805799083706986
"NADK2",0.104879955142322,0.0718037958872962,1.4606463884854,0.156567286594954,27,0.896531207390823,0.805298974943686
"CD3E",0.03322089592336,0.0227473990275191,1.46042612973775,0.156627299601386,27,0.896531207390823,0.805132539641139
"CISD1",0.00320040194929307,0.00219168216524446,1.46024911825483,0.156675542610014,27,0.896531207390823,0.804998792545485
"CXCL10",0.000983010557940346,0.000673323850317222,1.45993723150787,0.156760573831455,27,0.896531207390823,0.804763155430103
"ST8SIA1 2",0.00345046829720025,0.00236527403590678,1.45880276230971,0.157070182835953,27,0.896531207390823,0.803906250726105
"DMC1",0.0164807389203613,0.0112987530293027,1.45863343305402,0.157116436776566,27,0.896531207390823,0.803778378754062
"PLXNC1",0.000170022056216523,0.000116614288093305,1.45798648687446,0.157293257303841,27,0.896531207390823,0.803289893896092
"GOT2",0.000111657432907874,7.663040995601e-05,1.45709037667906,0.157538442470472,27,0.896531207390823,0.802613452568768
"PWWP2B",0.0157477686415186,0.0108079330927147,1.45705645162937,0.157547730751909,27,0.896531207390823,0.802587847831281
"TRIM28",0.00460119262917648,0.00315851129600797,1.45675990932561,0.157628939302278,27,0.896531207390823,0.802364046836853
"ZPBP",0.00905511898147725,0.0062159390201964,1.4567580138827,0.157629458480314,27,0.896531207390823,0.8023626164156
"PTK2B 2",0.0202550510675708,0.0139120791330377,1.45593270954519,0.157855646999194,27,0.896531207390823,0.801739877397214
"DNAJB14 2",0.0129351318330147,0.00889614428104034,1.45401551777687,0.158382092187558,27,0.896531207390823,0.800293924411844
"EHD1",0.00047589223702095,0.000327796939882333,1.4517897488359,0.158995037857163,27,0.896531207390823,0.798616429546725
"CFHR1 2",0.000102289507122441,7.04639849875236e-05,1.45165657520721,0.159031772305856,27,0.896531207390823,0.798516101096894
"FOXL2",0.0372886313089459,0.0256892477489849,1.45152678946854,0.159067578797545,27,0.896531207390823,0.798418329367598
"PMPCA",0.00290596664562521,0.0020026235671297,1.45107982015325,0.159190942350786,27,0.896531207390823,0.798081646390937
"TSSK2",0.0225919835313509,0.0155773963001223,1.45030550010296,0.159404836440684,27,0.896531207390823,0.797498505978573
"NRG1 2",0.0291830342265322,0.02015350341194,1.44803777437737,0.1600325878959,27,0.896531207390823,0.795791571704784
"GLRX2",0.00295499519178121,0.00204120318855686,1.44767321957321,0.160133688635016,27,0.896531207390823,0.795517292383118
"EDN2",9.20800645197558e-05,6.36206125275746e-05,1.44733068201514,0.160228730071938,27,0.896531207390823,0.795259609394053
"IL6R",0.000404550057490712,0.000279517342691803,1.44731648345974,0.160232670619247,27,0.896531207390823,0.795248928806946
"GAA",9.66055131949854e-05,6.67818632939968e-05,1.44658307555293,0.160436320155582,27,0.896531207390823,0.79469730776277
"RYK",0.0516455620655985,0.0357031053087532,1.44652857556726,0.160451461755137,27,0.896531207390823,0.794656322013175
"ETV5",0.0192146819137587,0.0132963466495741,1.4451098801921,0.160846017670495,27,0.896531207390823,0.793589687171953
"KRT18",0.00991843883039283,0.00686407522516295,1.44497816603654,0.160882688343401,27,0.896531207390823,0.793490685306953
"CD248",9.10302630299012e-05,6.30208622056688e-05,1.44444648714617,0.16103078171925,27,0.896531207390823,0.793091098794079
"TFF3 2",0.000731863474500401,0.000506767229692332,1.44418074338534,0.161104842687078,27,0.896531207390823,0.792891404828048
"GPNMB 2",0.000114519908711065,7.93784117110286e-05,1.44270849268145,0.161515643424915,27,0.896531207390823,0.791785408168159
"C5orf38",0.000265724559245676,0.000184345580040964,1.44144795436174,0.161868036570691,27,0.896531207390823,0.790838901162918
"EXOSC3",0.0325222126857573,0.0225889514110717,1.43973981323528,0.162346542526117,27,0.896531207390823,0.789556956054413
"MED10",0.00988278824395756,0.00686585532650038,1.43941108193944,0.162438760649747,27,0.896531207390823,0.78931033268255
"GABBR2",0.019468922816871,0.0135370970365408,1.43819038633752,0.162781566082224,27,0.896531207390823,0.788394777592096
"MYL7",0.00770377523342131,0.00536000042931014,1.43727138365413,0.163040029427926,27,0.896531207390823,0.787705754949617
"FCGRT",0.000103015588069027,7.16832658813769e-05,1.43709395494758,0.163089967849352,27,0.896531207390823,0.787572752887796
"TMEM106B",0.0098418900640598,0.00685323544598976,1.43609396490513,0.163371650137845,27,0.896531207390823,0.786823304332986
"MCM6",0.0423438402401747,0.0295075183681797,1.43501868614737,0.163674974073391,27,0.896531207390823,0.786017719199515
"MYL3",0.0252022002242329,0.0175741921848071,1.43404601242613,0.163949741967313,27,0.896531207390823,0.78528926250947
"FRS2",0.0563465276008284,0.0393156066259765,1.4331847435771,0.164193347044416,27,0.896531207390823,0.784644444052353
"CRNN",0.0381370336498096,0.0266263103737206,1.43230635842996,0.164442091200923,27,0.896531207390823,0.783987008957812
"SEMA4F",0.056274909223258,0.0393139841988312,1.4314221865341,0.16469277801677,27,0.896531207390823,0.783325444766088
"NLGN2 2",0.00021777476318093,0.000152140591324145,1.43140473745726,0.164697728375191,27,0.896531207390823,0.783312390878353
"ENTPD6",0.000937812905189524,0.000655643661938347,1.43036981767958,0.164991551022711,27,0.896531207390823,0.782538294805267
"DLG3",0.0807029560931306,0.0564562673334462,1.42947736194596,0.165245262880161,27,0.896531207390823,0.781870981672848
"CIB1",0.00489442003975837,0.00342461039215348,1.42919032511626,0.165326929338175,27,0.896531207390823,0.781656400448969
"TSTA3",0.0489711707167814,0.0342683708938639,1.42904869532476,0.165367237093927,27,0.896531207390823,0.781550529600524
"DNAJC18",0.025744527512236,0.0180189264718912,1.42874924054973,0.165452487575906,27,0.896531207390823,0.781326698843398
"UBE2G2",0.00905194008364664,0.00633702649512747,1.42842074127458,0.16554604695594,27,0.896531207390823,0.781081185227343
"SELENOF",4.56474828387475e-05,3.19835667828311e-05,1.42721676880801,0.165889309558635,27,0.896531207390823,0.780181600408969
"MSR1 3",0.00101029725807716,0.000708588620685657,1.42578814926432,0.166297357413688,27,0.896531207390823,0.779114651981754
"FAM86B1",0.0190345533369121,0.0133595020856201,1.42479511698273,0.166581462504989,27,0.896531207390823,0.778373329338146
"CTSZ",0.000115162648153957,8.08697819465602e-05,1.42405043493326,0.166794768808767,27,0.896531207390823,0.777817574280488
"NDST1",0.000332075026853859,0.000233203664298323,1.42397002145325,0.166817815422106,27,0.896531207390823,0.777757570446767
"HSPA13",0.00233450645302015,0.00163976303527261,1.42368525378549,0.166899450640581,27,0.896531207390823,0.777545092824389
"C4orf36",0.0314277995610229,0.0220828475797275,1.42317694525385,0.167045248161363,27,0.896531207390823,0.777165873971681
"DHFR",0.034744205995298,0.0244133322364632,1.42316524670913,0.167048604835566,27,0.896531207390823,0.777157147171886
"HSD17B8",0.000228432195531509,0.000160520862568112,1.42306857736066,0.167076344318505,27,0.896531207390823,0.777085035799003
"FKBP2",0.0191848395521432,0.0134872102926616,1.42244683191317,0.167254843305075,27,0.896531207390823,0.776621297235995
"TIAM2",0.0267060898802917,0.018780133581263,1.42203939949268,0.167371896853817,27,0.896531207390823,0.776317461909774
"IGFBP1",0.0040254849697926,0.00283452774945819,1.42016072009246,0.16791247790397,27,0.896531207390823,0.774917029392126
"EOLA1",0.0479249102715636,0.0337660481488159,1.41932245255192,0.168154133687372,27,0.896531207390823,0.774292452074891
"OMD 2",4.41298914149906e-05,3.10984120816363e-05,1.41904002362389,0.16823561465299,27,0.896531207390823,0.774082060797424
"POTEG",0.157482023574114,0.111006968111054,1.4186679111582,0.168343017385189,27,0.896531207390823,0.773804892783304
"LGALS1",0.0309942378172414,0.0218559185197773,1.4181164607287,0.1685022827837,27,0.896531207390823,0.773394211150811
"PPM1A",0.0333731131112103,0.023536967464301,1.4179019944616,0.168564255564034,27,0.896531207390823,0.773234513086668
"PPP4C",0.00102895064438281,0.00072820390447819,1.41299797770259,0.169986290639501,27,0.896531207390823,0.769586102972896
"HEXB 2",2.52764015061318e-05,1.78910335711628e-05,1.41279716488112,0.170044723736939,27,0.896531207390823,0.769436839106046
"BICDL1",0.0305564173699592,0.0216487187894567,1.4114653928084,0.170432650869178,27,0.896531207390823,0.768447201036799
"C1QTNF4",0.00114456808590613,0.000810952761422541,1.41138687769972,0.170455543193613,27,0.896531207390823,0.768388871001509
"SMPDL3A",0.00115855416392208,0.00082116164844101,1.41087222731555,0.170605658183708,27,0.896531207390823,0.768006569433369
"GHRH 2",0.0396183684486261,0.0280924840546084,1.41028356095576,0.170777491191082,27,0.896531207390823,0.767569370741224
"AGRN",6.54798278031826e-05,4.64318084768462e-05,1.41023642953375,0.170791254900559,27,0.896531207390823,0.767534370448322
"NLGN1",7.749586800556e-05,5.49527813095717e-05,1.41022649188571,0.170794157087618,27,0.896531207390823,0.767526990719673
"CCL14",0.000216462557075885,0.000153548982761555,1.40972967181442,0.170939298188848,27,0.896531207390823,0.76715808341968
"CRYGS",0.0100486630213963,0.00712889323080964,1.40956845558691,0.170986416976631,27,0.896531207390823,0.767038388241751
"ADRM1",0.0524534706087892,0.0372135301611739,1.40952686782496,0.170998573536957,27,0.896531207390823,0.76700751245938
"EPHA6",3.55882398724118e-05,2.52555271725622e-05,1.40912678754436,0.171115556479903,27,0.896531207390823,0.766710506027193
"PIPOX",0.0666837479589967,0.0473290501620873,1.40893907083758,0.171170466501679,27,0.896531207390823,0.766571165720771
"MDK",0.00269791878788645,0.00191660594631222,1.40765439712716,0.171546629014452,27,0.896531207390823,0.76561781164923
"GALNT1",0.000441660548554149,0.000313781594626675,1.40754128386536,0.17157978087921,27,0.896531207390823,0.765533891137379
"KREMEN1 2",0.00384915185625836,0.00273639122813734,1.4066526075215,0.17184041609261,27,0.896531207390823,0.764874684383089
"FCHSD1",0.00665445509852685,0.00473284408312984,1.40601612511314,0.17202727975128,27,0.896531207390823,0.764402678057412
"GAS1",0.000227838511389918,0.000162046810152705,1.40600429700044,0.172030753870174,27,0.896531207390823,0.764393907498276
"GPNMB",0.00045203241401969,0.000321645067567419,1.40537648358292,0.172215233332208,27,0.896531207390823,0.763928435579742
"PLEKHA3",0.0701397073213976,0.0499237664647654,1.4049362115116,0.172344698441309,27,0.896531207390823,0.763602071542936
"SFRP1 2",0.000356716164582437,0.000253945854485826,1.40469378917287,0.172416017401179,27,0.896531207390823,0.76342239079774
"NEU1 2",0.024427121682204,0.0173904445160102,1.40462894204433,0.172435098942802,27,0.896531207390823,0.763374329429522
"CFC1",0.000879582708190868,0.000626456177482368,1.40406103380731,0.172602279937144,27,0.896531207390823,0.762953471902495
"EEF2K",0.0231679351861088,0.0165033045169818,1.40383613247088,0.172668521991394,27,0.896531207390823,0.762786828451482
"KLC3",0.00651482750945051,0.00464379016515424,1.40291169018274,0.172941017465024,27,0.896531207390823,0.762101990265301
"PLS3",0.0216764578924913,0.0154638293952372,1.40175226578532,0.173283259970141,27,0.896531207390823,0.761243390279432
"SDF2",0.00532340418471053,0.00379921953511563,1.40118362087452,0.173451310495266,27,0.896531207390823,0.760822414537905
"CDKN3",0.00687389975492602,0.00490627043654608,1.40104379565451,0.173492652553715,27,0.896531207390823,0.760718912936193
"AOC3",0.000200287431197938,0.000142994152827854,1.40066867936242,0.173603601600714,27,0.896531207390823,0.760441269141721
"AGGF1",0.154521425110548,0.110322059512576,1.40063941693305,0.173612258983815,27,0.896531207390823,0.760419611987566
"GOLM1",0.000671788304855765,0.000479768646680201,1.40023386168367,0.173732279035761,27,0.896531207390823,0.760119483195274
"CCN2",0.0151675382438788,0.0108352525630187,1.39983245943398,0.173851134787688,27,0.896531207390823,0.759822470178176
"FZD4",0.0094584415169082,0.00675700252088347,1.3997984295071,0.173861214057461,27,0.896531207390823,0.759797292060346
"MXRA8",0.000247829855480791,0.00017708731022699,1.39947834298868,0.173956042636031,27,0.896531207390823,0.759560480754251
"PDGFC",0.00386140442893765,0.0027601177163484,1.39899990716564,0.17409786005656,27,0.896531207390823,0.759206567029361
"SEMA6C 2",0.0113221428790928,0.00809554791221258,1.39856412461135,0.174227113940094,27,0.896531207390823,0.758884257375156
"IL1RAPL1",0.0461609616674248,0.0330088183689409,1.39844332358347,0.174262957194237,27,0.896531207390823,0.758794920382042
"CRYBB3",0.0752875194867558,0.0538523499638988,1.39803591741542,0.174383883033671,27,0.896531207390823,0.758493656060488
"FOLR3 2",0.0223366593265421,0.0159778144181156,1.39797964490167,0.174400591000719,27,0.896531207390823,0.758452047683748
"ELL",0.0218494466793553,0.0156366325724787,1.39732430100145,0.174595263641016,27,0.896531207390823,0.757967541858808
"NUCB1",0.000102864921250941,7.37061518814483e-05,1.39560835324021,0.175105808296377,27,0.896531207390823,0.756699448038603
"FOXO1",0.000856462182676863,0.00061413697006418,1.39457844817152,0.17541280222741,27,0.896531207390823,0.755938713513744
"HYOU1",2.42716133520236e-05,1.7405641963211e-05,1.3944681502311,0.175445705053673,27,0.896531207390823,0.755857258935157
"MGAT4C",0.00252222880983013,0.00180894609342273,1.39430844235817,0.175493355943995,27,0.896531207390823,0.755739320972975
"NAP1L2",0.0180560392580399,0.0129536809107463,1.39389254548186,0.175617492164333,27,0.896531207390823,0.755432228907699
"INPP5A",0.0043196726717712,0.00310014049616799,1.3933796475065,0.175770676772675,27,0.896531207390823,0.755053575098544
"MGAT3",0.00291275986997772,0.00209117094444214,1.39288463132064,0.175918620941296,27,0.896531207390823,0.754688188148931
"CTHRC1",3.24956815761491e-05,2.3333806235154e-05,1.39264384252888,0.175990620446291,27,0.896531207390823,0.754510477623159
"IL6R 3",7.83514659056381e-05,5.62938170455975e-05,1.39183075544823,0.176233918074095,27,0.896531207390823,0.753910503331394
"TMEM59L",0.000358159299207204,0.000257393819259573,1.39148368145551,0.176337852958964,27,0.896531207390823,0.753654451361317
"VCX",0.0029636263994608,0.00213028821664069,1.39118565098869,0.176427139927703,27,0.896531207390823,0.753434606198452
"CDH20",0.0313160678168792,0.0225200240050445,1.39058767476732,0.176606395473155,27,0.896531207390823,0.752993573304268
"CDH17",0.00216582868857702,0.00155788256512688,1.39023873625585,0.176711063398443,27,0.896531207390823,0.752736259647254
"IGSF3",0.000888151383037336,0.000639101458389927,1.38968761747913,0.176876477381495,27,0.896531207390823,0.752329919620956
"DAO",0.0193439350888813,0.0139246946175246,1.38918199789721,0.177028342754097,27,0.896531207390823,0.751957196258011
"ENPP2",1.87977564543676e-05,1.35437683243764e-05,1.38792660979995,0.177405850375459,27,0.896531207390823,0.751032062385441
"SCGN 2",0.00340565107895286,0.00245409662759307,1.38774123262337,0.177461648976211,27,0.896531207390823,0.750895487327717
"B4GALT7",0.0012586813048271,0.000907474446175135,1.38701570069796,0.177680167681022,27,0.896531207390823,0.750361044605305
"ACO1",0.00521107935421211,0.00375777409733289,1.38674630758424,0.17776135869571,27,0.896531207390823,0.750162638917415
"RBBP9",0.0186512201471323,0.0134699011597708,1.38465902057515,0.178391428784637,27,0.896531207390823,0.748626016108777
"PAM",0.000116179691223054,8.39191128105806e-05,1.38442468386541,0.178462275774862,27,0.896531207390823,0.748453573133265
"IL6ST",2.82395713015904e-05,2.04071201527335e-05,1.38380972377466,0.178648302193265,27,0.896531207390823,0.748001106814465
"KRT19",0.00473054545968591,0.00342091330416446,1.38283114451546,0.178944639445106,27,0.896531207390823,0.747281307021283
"EDC4",0.00240572559054931,0.00174085046866075,1.38192546336278,0.179219246821899,27,0.896531207390823,0.746615352153287
"VSIR 2",0.00148610890297345,0.00107646469378083,1.38054588465307,0.179638181106448,27,0.896531207390823,0.745601350956416
"EDDM3B",0.0126584893330845,0.00917033465914714,1.38037375991049,0.17969050406418,27,0.896531207390823,0.745474873038465
"CD68",0.00277575026064871,0.00201234205204581,1.37936304507815,0.179997986428408,27,0.896531207390823,0.744732353162931
"PFN2 2",0.0307190716021339,0.0222984085971696,1.37763515581256,0.18052460986419,27,0.896531207390823,0.743463584895866
"ASPH",0.00240600304515814,0.00174751928026861,1.37681058648367,0.180776348338052,27,0.896531207390823,0.742858390554191
"PMF1",0.0548810215150713,0.0399138576269253,1.37498665320812,0.181334171763018,27,0.896531207390823,0.74152034698172
"CASP14",0.00244102115132713,0.00177716346489565,1.37354902885676,0.181774802534953,27,0.896531207390823,0.740466318465293
"MCAM",2.07792686100074e-05,1.51392547626521e-05,1.37254236987075,0.182083844035247,27,0.896531207390823,0.739728586646656
"TNC 3",0.00133648982639284,0.000974128696115954,1.37198486372663,0.182255174648458,27,0.896531207390823,0.739320132204132
"AKR1B1 2",0.000744334595409832,0.000543090345021274,1.37055390918554,0.182695510516259,27,0.896531207390823,0.738272124688903
"FSTL5",0.000194676454658406,0.000142052989799526,1.37044954092938,0.182727659607988,27,0.896531207390823,0.738195708225397
"WNT5B",0.00815768476194212,0.00595297733431893,1.37035374129732,0.18275717317785,27,0.896531207390823,0.738125568075053
"PLCXD3",0.0018130243867642,0.00132309478370659,1.37029063154878,0.182776617826237,27,0.896531207390823,0.738079363298844
"MSLN",0.0655446849096028,0.0478612449159573,1.36947304702786,0.183028669614796,27,0.896531207390823,0.737480877043962
"ARL4D",0.0150555527579894,0.010995439317049,1.36925431752826,0.183096147682494,27,0.896531207390823,0.737320793097733
"CHI3L1",5.08155351459791e-06,3.71218634180506e-06,1.36888427646307,0.183210349905691,27,0.896531207390823,0.737049995843036
"NAPEPLD",0.052065290815146,0.0380618962177157,1.36791111292328,0.183510955270058,27,0.896531207390823,0.73633800404778
"PLXDC2",0.00035944789635925,0.000262902156335688,1.36723068904877,0.183721364946514,27,0.896531207390823,0.735840336678144
"PDGFRA",0.00193527805438051,0.0014167605775622,1.36598807521205,0.184106111536076,27,0.896531207390823,0.734931794535968
"PLAUR",0.00030251997906389,0.000221564846829662,1.36537895515738,0.184294942445427,27,0.896531207390823,0.734486582839424
"TP53 2",0.0451043116708243,0.0330441290088722,1.36497202449228,0.184421178137646,27,0.896531207390823,0.734189207901735
"CNPY3",0.00182382556385414,0.00133687525245878,1.3642451384299,0.184646837493325,27,0.896531207390823,0.733658126252697
"GRID1",0.0641922277007489,0.0470658928572464,1.36387995220759,0.184760290116958,27,0.896531207390823,0.733391364480833
"ACAA1",0.0138839909285871,0.0101821764794373,1.36355826837469,0.1848602731497,27,0.896531207390823,0.733156409585039
"KMT2C",0.061988641804577,0.0454996776018452,1.36239738547209,0.185221442080713,27,0.896531207390823,0.732308738829554
"GSTO1",0.00107587422972155,0.000789866748863593,1.36209586144682,0.185315341471617,27,0.896531207390823,0.732088625793511
"GSTA3",0.0829597978339597,0.0609332118406662,1.36148736178376,0.185504951706867,27,0.896531207390823,0.731644493217311
"AHSG",0.000313150203334799,0.000230083688014888,1.36102739849396,0.185648378554539,27,0.896531207390823,0.731308839531772
"ICAM4 2",0.0223395473081851,0.0164411067961155,1.35876176617642,0.186356123099751,27,0.896531207390823,0.729656333069807
"LRRC15",0.00475397289618655,0.00349926074841514,1.35856491927321,0.186417714416729,27,0.896531207390823,0.729512821016931
"MRAP",0.0151027929711153,0.0111170116967007,1.35852991641607,0.186428668111709,27,0.896531207390823,0.729487303111915
"RNF25",0.0453900443039104,0.0334403173083422,1.35734490451701,0.186799800098946,27,0.896531207390823,0.728623592859518
"CXCL12 2",0.000483864937721121,0.000356572541720958,1.35698877817625,0.186911447802827,27,0.896531207390823,0.728364098485574
"DCN",0.00274858723908903,0.00202749293741286,1.35565810778917,0.187329083491417,27,0.896531207390823,0.727394791662145
"TMEM106A",0.0161979603809002,0.0119511649264772,1.35534573244943,0.187427229462965,27,0.896531207390823,0.727167314481026
"MAGEA8",0.0030159673664405,0.00222627324977927,1.35471571907875,0.187625297409444,27,0.896531207390823,0.726708606337332
"C1QTNF1",0.00022635005340946,0.000167102293506846,1.354559824759,0.187674333826643,27,0.896531207390823,0.726595117041043
"AIM2",0.0072357503627671,0.00534309398181442,1.35422479697989,0.187779750465027,27,0.896531207390823,0.726351242397143
"FAM177A1",0.000545446683304322,0.000402804728500082,1.35412184791225,0.187812152744005,27,0.896531207390823,0.726276309306859
"DSG2 2",0.0136294067349589,0.010065324051286,1.35409517522861,0.187820548441527,27,0.896531207390823,0.726256895634436
"CNN2",0.000828852639719182,0.000612159364445902,1.35398180254813,0.187856237770601,27,0.896531207390823,0.726174379603129
"PRTG",0.0026389156269289,0.00194926523874317,1.35380017787133,0.18791342365771,27,0.896531207390823,0.72604219482104
"ASAH2",0.00491620838337177,0.00363323842147737,1.35312022307986,0.18812763351659,27,0.896531207390823,0.725547407520724
"TIMM21",0.0672268557342774,0.0496987965762043,1.35268578648976,0.188264596471754,27,0.896531207390823,0.725231342238079
"GCG",0.0283210060045299,0.0209569246848307,1.35139131482539,0.188673161656367,27,0.896531207390823,0.724289872879615
"RHPN2",0.0508053369183741,0.0376107281256253,1.35082034967993,0.188853591760037,27,0.896531207390823,0.72387475101792
"KRT14",0.0109334815568507,0.00809800313106347,1.3501453852136,0.189067060622469,27,0.896531207390823,0.723384127611722
"TNFRSF10B 3",0.0700168358080392,0.0518630552993466,1.35003299369679,0.189102624649106,27,0.896531207390823,0.723302443324641
"CLU",0.000351698123323832,0.000260840069474837,1.34832859089451,0.189642589908058,27,0.896531207390823,0.722064122246259
"MAGEA6 2",0.00333886593896542,0.00247959329120068,1.34653773698051,0.190211241000246,27,0.896531207390823,0.720763820941607
"BID",0.0166563692112153,0.0123796337069253,1.34546543181625,0.190552367898846,27,0.896531207390823,0.719985650098254
"ZW10",0.000849830169233667,0.000631726392141383,1.34525038023656,0.190620838633936,27,0.896531207390823,0.719829624112
"DESI1",0.0430906176638953,0.0320336038704707,1.34516921162333,0.190646687077539,27,0.896531207390823,0.719770737185196
"LAMA3",0.068287695803443,0.0507741891851783,1.34492932136033,0.190723097014411,27,0.896531207390823,0.719596709688658
"MPI",0.0167440706491247,0.012454534571309,1.34441560648098,0.190886806109342,27,0.896531207390823,0.719224088536297
"HAVCR2 3",0.000142551225398407,0.000106080682796186,1.3438000363581,0.191083118603598,27,0.896531207390823,0.71877767935602
"NELL2",0.000238350235283333,0.000177375367040347,1.34376175937167,0.191095330784146,27,0.896531207390823,0.718749924349768
"DCPS",0.0302314016507173,0.0225012167897029,1.34354519283384,0.191164437293588,27,0.896531207390823,0.718592897225559
"OAF",0.000248146548234985,0.000184701913333487,1.34349744275224,0.191179676997193,27,0.896531207390823,0.71855827647981
"C1QTNF5",5.60358299738411e-05,4.17131125413198e-05,1.34336247189259,0.191222758825094,27,0.896531207390823,0.718460420407491
"VAMP1",0.0503156301707614,0.0374559961505465,1.34332644547827,0.1912342595054,27,0.896531207390823,0.718434301488203
"ANG",4.93107121909877e-05,3.67319893026618e-05,1.34244600216668,0.191515490496411,27,0.896531207390823,0.717796092896218
"MB",0.00012848228242937,9.58889809622157e-05,1.33990664141062,0.19232842035749,27,0.896531207390823,0.71595653535362
"CD46",0.000130353015192498,9.74386314667811e-05,1.33779603869886,0.193006136773639,27,0.896531207390823,0.714428882056697
"CA6",0.00615698565267575,0.00460266732446077,1.33769947264157,0.193037188691424,27,0.896531207390823,0.714359015926726
"MSC",0.00112151965758702,0.000838958274134189,1.33680028216474,0.193326520594545,27,0.896531207390823,0.713708565227384
"PLXDC1",0.000142452312435238,0.000106607653915842,1.33622969085966,0.193510294525648,27,0.896531207390823,0.71329592606234
"BMP6 2",9.90970722346798e-05,7.41617574597099e-05,1.33622874685132,0.193510598681073,27,0.896531207390823,0.713295243447911
"COPS2",0.00336451485476141,0.00251801510880194,1.33617738948446,0.193527146365041,27,0.896531207390823,0.713258107184423
"SELENOS",0.000354905993882787,0.000265813573270119,1.33516881593602,0.193852338872547,27,0.896531207390823,0.712528954763485
"MAP2K4",0.00430764757045616,0.00322888323885723,1.33409827850595,0.194197975681458,27,0.896531207390823,0.711755301487512
"ACRV1",0.0179291833507621,0.0134415512772507,1.33386266071138,0.194274112306108,27,0.896531207390823,0.711585066778754
"FRRS1L",0.0907992859244713,0.0680958034208805,1.33340501709433,0.194422059895855,27,0.896531207390823,0.711254459844413
"MPIG6B",0.018607693502829,0.0139567642160138,1.33323836491261,0.194475957195196,27,0.896531207390823,0.711134082270785
"CATIP",0.0243331481957656,0.0182575493527166,1.33277187018229,0.194626888983017,27,0.896531207390823,0.710797159287434
"SEMA7A",0.00015318134616099,0.000115113016033582,1.33070395893634,0.195297048141129,27,0.896531207390823,0.709304320899075
"CRISP2",0.000215407153420675,0.000161884895477057,1.33061922043989,0.195324548037959,27,0.896531207390823,0.709243171932491
"TNFRSF13C",0.0293103953322198,0.0220428298322827,1.32970201898912,0.195622397065153,27,0.896531207390823,0.70858142375618
"DSG2",5.69693823587522e-05,4.28607760967804e-05,1.32917290695143,0.195794379755878,27,0.896531207390823,0.70819977870265
"RGS18",0.0644576952289962,0.0485246479472826,1.32834956987268,0.196062231161736,27,0.896531207390823,0.707606059457343
"SEMA4C",0.00751465311746501,0.00565825681718166,1.32808625699814,0.196147953272669,27,0.896531207390823,0.707416219204205
"ATF6",0.000166015152920281,0.000125010303206743,1.32801176112439,0.196172210861122,27,0.896531207390823,0.707362513390506
"RAET1L",0.0188448323616727,0.0141972431836266,1.32735856658468,0.196385006046579,27,0.896531207390823,0.706891673574594
"CALB2",0.00503038926588365,0.00379389990087238,1.32591512620745,0.19685588053766,27,0.896531207390823,0.705851607305497
"CSGALNACT2",0.0132589133920516,0.0100007738040164,1.32578874913927,0.196897148576421,27,0.896531207390823,0.705760573178757
"ACOX1",0.0157642609268827,0.0118914131792197,1.32568439842211,0.196931229043299,27,0.896531207390823,0.705685408667595
"PNPLA2",0.0197267297897216,0.0148865032402491,1.32514194041122,0.197108467165888,27,0.896531207390823,0.705294719381441
"DCUN1D5",0.00118065721083023,0.000891837424452529,1.32384802258662,0.197531730993247,27,0.896531207390823,0.704363130476137
"NAE1",0.0314598677731828,0.0237645389852533,1.32381561421009,0.19754234140751,27,0.896531207390823,0.704339802980418
"DDR1",7.36289043972307e-05,5.56490185805012e-05,1.32309439187539,0.197778582130413,27,0.896531207390823,0.703820740879416
"B9D2",0.0130276195499869,0.00985714689467423,1.32164202169145,0.198254980026781,27,0.896531207390823,0.702775894698951
"ROBO1",5.8997337245431e-05,4.46735343721929e-05,1.32063285510165,0.198586524753162,27,0.896531207390823,0.702050224238891
"GRIK2",0.0568770628529651,0.0431087937707618,1.31938423411748,0.198997333165752,27,0.896531207390823,0.701152743686568
"CDK5RAP3",0.00174773803633738,0.0013257496035574,1.31830176048905,0.199354010403833,27,0.896531207390823,0.700375023213345
"COMP",0.000147693859157445,0.000112081645222536,1.31773457522149,0.19954109681594,27,0.896531207390823,0.699967644928156
"HIPK3",0.00569436668459284,0.00432496721496573,1.31662655496869,0.199906970454126,27,0.896531207390823,0.699172062425228
"INSIG1",0.0634481314401571,0.0482327040153085,1.31545872734026,0.200293155077604,27,0.896531207390823,0.6983338922582
"FAM3D",0.0156475025421643,0.0118964345995834,1.3153102647,0.200342291007099,27,0.896531207390823,0.698227364174583
"GABARAP 2",0.00132910215521662,0.00101076064861076,1.31495241434597,0.200460765294596,27,0.896531207390823,0.697970615978696
"TXNDC11 2",0.0789010092201141,0.060031855131943,1.31431902357005,0.200670596317073,27,0.896531207390823,0.697516258766935
"CHAC2",0.0315634884085709,0.0240194105342917,1.31408255683497,0.200748977087806,27,0.896531207390823,0.69734665898205
"TENM2",0.0258409430689965,0.0196701648558482,1.31371258239931,0.20087165871572,27,0.896531207390823,0.697081334190735
"EIF4EBP2",0.0112957951315924,0.00859964628371302,1.31351857494251,0.200936013784181,27,0.896531207390823,0.696942217626931
"PCDH9",0.000130379962405123,9.93486143468352e-05,1.312348071106,0.20132462538919,27,0.896531207390823,0.696103100339642
"SERPINA4",1.4518750388099e-05,1.10646170602942e-05,1.31217829853327,0.201381038768496,27,0.896531207390823,0.695981423285261
"SERPINA5",9.87607848142577e-06,7.53804830513888e-06,1.3101638622683,0.202051345432167,27,0.896531207390823,0.694538253304379
"NOMO2",0.000461153966789152,0.000352052677785289,1.30990046628875,0.202139118228392,27,0.896531207390823,0.694349633111238
"CDH5",0.00172292097271341,0.00131543673373991,1.30977106577751,0.202182249823547,27,0.896531207390823,0.694256975065818
"SIT1",0.0588176199846046,0.0449675960863867,1.30800009570471,0.202773262321904,27,0.896531207390823,0.692989311624712
"GRM4",0.0150283794709688,0.0114900052450905,1.30795235949872,0.202789211424783,27,0.896531207390823,0.692955153595685
"TIMM13",0.00186052485539451,0.0014231471100803,1.30733136596787,0.202996779377497,27,0.896531207390823,0.692510852282238
"DUSP13",0.0276281493829381,0.0211380499491012,1.30703397188788,0.203096241872123,27,0.896531207390823,0.692298112780815
"PPBP",0.0252238647992632,0.0193001330468527,1.30692699050468,0.203132030657992,27,0.896531207390823,0.692221589932416
"C1QTNF3",0.0024052261193861,0.00184052302110849,1.30681664494341,0.203168949975656,27,0.896531207390823,0.692142663930532
"ERO1A",0.00120316360785815,0.000920707340224587,1.30678181360503,0.203180604889457,27,0.896531207390823,0.692117751070698
"IDI2",0.0560349533569962,0.0428846258364732,1.30664433381482,0.203226612042945,27,0.896531207390823,0.692019422831726
"TMEM132C 2",0.000297858385475805,0.000228071876081152,1.3059847211053,0.203447461165166,27,0.896531207390823,0.691547725367534
"GSTK1",0.00422199655925622,0.00323432218645095,1.30537290840807,0.203652471704591,27,0.896531207390823,0.691110314568159
"PRC1",0.0655008856414518,0.0501816988599672,1.30527437550955,0.203685503715838,27,0.896531207390823,0.691039878610268
"PTPRR",0.000111261417145155,8.52914794601125e-05,1.30448454932931,0.203950433278411,27,0.896531207390823,0.690475367717697
"PTPN1",0.00756579144800012,0.00580274714174223,1.30382924900783,0.204170440978699,27,0.896531207390823,0.690007133204377
"C1R",0.000180951179827478,0.00013888338005743,1.30290017245154,0.20448267901102,27,0.896531207390823,0.689343473615193
"FAP",0.019633982502496,0.015074822727763,1.30243538229716,0.204639020877153,27,0.896531207390823,0.689011550800659
"CRELD1",0.000149738654853855,0.000114973779294347,1.30237220845377,0.204660277834547,27,0.896531207390823,0.688966440636357
"DNAJC10",0.00249821168325014,0.00191827120638081,1.30232454876049,0.204676315663334,27,0.896531207390823,0.688932409276064
"TNFRSF6B",0.0161549432591639,0.0124124199545804,1.30151439592587,0.204949086242323,27,0.896531207390823,0.68835401362853
"ZP4",0.0114715611682647,0.00881670863692885,1.30111605596401,0.205083306209711,27,0.896531207390823,0.688069689783133
"STC1",5.90445428123222e-05,4.53838106730153e-05,1.30100451982163,0.205120900266556,27,0.896531207390823,0.687990086057827
"POP7",0.000843361133978818,0.000648308536704579,1.30086384218494,0.205168324251217,27,0.896531207390823,0.687889688710254
"SPATA46",0.00400314705014714,0.00307730837935084,1.30085989334342,0.205169655571283,27,0.896531207390823,0.687886870618891
"NXT1",0.0349275573442192,0.0268525189948361,1.30071809467618,0.205217466262647,27,0.896531207390823,0.687785678751873
"MYOC",0.000210480256392193,0.00016184792745482,1.30048162928097,0.205297215132697,27,0.896531207390823,0.68761694181648
"NEO1",5.652844295747e-05,4.35029293781208e-05,1.2994169304355,0.205656584967163,27,0.896531207390823,0.686857380153748
"WARS1",0.000746747899542047,0.000574704686271854,1.29935933598567,0.205676038747593,27,0.896531207390823,0.686816300652576
"ACADM",0.0892697447527859,0.0687249109435505,1.29894304011701,0.205816693927907,27,0.896531207390823,0.6865194022328
"MDM1",0.00559822290631176,0.00430989154489038,1.29892431120425,0.205823023666096,27,0.896531207390823,0.686506046036835
"HS3ST4 2",0.047917585543719,0.0368908863093346,1.29890036097057,0.205831118252508,27,0.896531207390823,0.686488966484586
"CCL20",0.0924236659235046,0.0711587631883517,1.29883744155117,0.205852384628392,27,0.896531207390823,0.686444097697568
"XCL1",0.00330600501335599,0.00254626127393429,1.29837619069146,0.206008336284844,27,0.896531207390823,0.686115205216988
"AACS",0.0230462201048702,0.0177552368659607,1.29799564369953,0.206137070009624,27,0.896531207390823,0.685843901219556
"IFNA8",0.0587974713221392,0.0452993417574291,1.29797628488711,0.20614362048143,27,0.896531207390823,0.685830100749028
"FGFR3",6.79200615387959e-05,5.23451271985169e-05,1.29754315585502,0.206290220971063,27,0.896531207390823,0.685521358934103
"ROBO4 2",0.00108050052453325,0.000833122940806117,1.29692806620807,0.206498547373512,27,0.896531207390823,0.685082999067565
"C1orf226",0.00842171015161742,0.00649410651641614,1.2968235322794,0.206533968361032,27,0.896531207390823,0.685008510310021
"SF1",0.0380677737779369,0.0293642269687009,1.29639965726028,0.206677645015857,27,0.896531207390823,0.684706495657657
"HOGA1",0.065566114992176,0.050593584319896,1.29593733817337,0.206834440415351,27,0.896531207390823,0.684377144316059
"HPD",0.00544010599632525,0.00419865872436872,1.29567710868027,0.206922737459714,27,0.896531207390823,0.68419178477782
"FAM20C 2",3.2085386323112e-05,2.47671675657011e-05,1.29548064945245,0.206989416187611,27,0.896531207390823,0.684051860382842
"NTNG1",4.79823560447216e-05,3.70557381181308e-05,1.29486979565102,0.207196847098388,27,0.896531207390823,0.683616857508805
"CCNYL1",0.0201034529177606,0.0155270279486138,1.29473927555823,0.207241189248583,27,0.896531207390823,0.68352392418932
"RGMA",2.01442879052496e-05,1.55593887497577e-05,1.29467090444432,0.207264420175101,27,0.896531207390823,0.683475244205371
"MACROD2",0.0184919348632179,0.0142859560839947,1.29441353133764,0.207351887590771,27,0.896531207390823,0.683292006759936
"SERPIND1",5.0341636607628e-05,3.88966821816407e-05,1.29423986273537,0.207410924352645,27,0.896531207390823,0.683168373013871
"MEOX1",0.0218305221787323,0.0168692524891923,1.29410133571232,0.207458024388816,27,0.896531207390823,0.683069762182877
"LAMTOR3",0.0184808654481389,0.014284313178311,1.29378747283418,0.207564770140682,27,0.896531207390823,0.682846357142792
"CDH23",0.0011592658619964,0.000896603677339265,1.2929523838633,0.207848992349456,27,0.896531207390823,0.682252076609447
"FGF23",0.0236856317390055,0.018331677039719,1.29206027837421,0.208152950775176,27,0.896531207390823,0.68161742817719
"BTG1",0.00117637872463647,0.000910943055228771,1.29138557880661,0.208383061562413,27,0.896531207390823,0.681137585607377
"EFNB3 2",0.0420919451196448,0.0325987764422637,1.29121242308572,0.208442149007103,27,0.896531207390823,0.681014457971621
"ITGAL|ITGB2",0.0645491562155845,0.0499953475999404,1.29110325888926,0.208479406683311,27,0.896531207390823,0.680936837599116
"CA6 2",0.00430914639721511,0.00333864762947158,1.29068619256987,0.208621798325812,27,0.896531207390823,0.680640315286225
"HBQ1 2",0.000318387576511638,0.000246683099535303,1.29067446092339,0.208625804737108,27,0.896531207390823,0.680631975095387
"FAM171B 3",0.000513518175793166,0.000398239917875556,1.28946936945089,0.209037664199337,27,0.896531207390823,0.679775456088837
"ANTKMT",0.0376188217727337,0.0291764975980863,1.28935358489366,0.209077268320468,27,0.896531207390823,0.679693182771232
"LEAP2",0.00569445401217831,0.00441860312574279,1.28874530029692,0.209285426861908,27,0.896531207390823,0.679261011765501
"GBA",0.000650096742453188,0.000504452196148708,1.28871823220598,0.209294693419957,27,0.896531207390823,0.679241782877971
"TAX1BP1",0.00167107749884258,0.00129901600199361,1.28641794733704,0.210083330909308,27,0.896531207390823,0.677608405382242
"IGF2R 2",0.000229550505592626,0.000178502281396937,1.28598079417356,0.210233463675119,27,0.896531207390823,0.677298154469799
"HSPG2",0.000148363303373548,0.000115388393405631,1.28577319602673,0.210304788541409,27,0.896531207390823,0.677150838519415
"BCHE 2",0.000183191346479746,0.00014250738039265,1.28548673040652,0.210403240546071,27,0.896531207390823,0.676947575637885
"TP53I11",0.000441878641520024,0.00034399937364276,1.28453327353703,0.210731177772022,27,0.896531207390823,0.676271205575343
"RNF122",0.00395897560522814,0.00308217170899316,1.28447600556343,0.210750887315306,27,0.896531207390823,0.676230588208178
"SMIM9",0.0474678419124352,0.0369821409985317,1.28353417705913,0.211075233219531,27,0.896531207390823,0.675562722197348
"LDHA 2",0.000231032784917741,0.000180066410706768,1.28304209547426,0.211244847988588,27,0.896531207390823,0.675213874176668
"HSPD1",0.000950144672950405,0.000741031407459021,1.28219217618377,0.211538051420422,27,0.896531207390823,0.674611500461396
"B4GALT6",0.0012579617092993,0.000981154940253663,1.28212340140087,0.211561790846717,27,0.896531207390823,0.674562765383648
"DYRK1A",0.0273215476943718,0.0213258986069202,1.28114403045629,0.211900068209936,27,0.896531207390823,0.673868903491215
"CD63",0.01401672140766,0.010947193868661,1.28039400560779,0.212159409052395,27,0.896531207390823,0.673337702955003
"CA4 2",0.000755887301068401,0.000590498203810012,1.28008399719299,0.212266673651685,27,0.896531207390823,0.673118185698806
"FMOD",0.000184932409973158,0.00014450075976063,1.27980233653792,0.212364165799759,27,0.896531207390823,0.672918763995302
"PGLS",0.000313632467107251,0.000245350664503915,1.27830290470742,0.212883746761592,27,0.896531207390823,0.671857494790918
"GPC5",0.00104099051959295,0.000814843821810924,1.27753379448768,0.213150635256548,27,0.896531207390823,0.671313368679517
"CASP2",0.0229471304272097,0.017970537744127,1.27693064915151,0.213360111558494,27,0.896531207390823,0.67088677024082
"TK2",0.0410815819667138,0.0321807712845768,1.27658786060242,0.21347923447519,27,0.896531207390823,0.670644363221818
"RAB4B",0.00130082425169072,0.00101993552461705,1.27539851323361,0.213892940991554,27,0.896531207390823,0.669803548009132
"ADAT1",0.120579782046867,0.094593687097333,1.2747127820781,0.214131746664438,27,0.896531207390823,0.669318940463197
"CDKN2B",0.0141179536414836,0.0110755736002237,1.27469277448515,0.214138717364256,27,0.896531207390823,0.669304802964956
"TPST2",0.00067170990505347,0.000527258313701703,1.27396740382835,0.214391555732389,27,0.896531207390823,0.668792324254679
"CLUAP1",0.00855163749094142,0.00672166630385948,1.27224963340284,0.214991219881403,27,0.896531207390823,0.667579276060765
"EVA1B",0.0613666923553608,0.04827463008516,1.27119963937798,0.215358397940792,27,0.896531207390823,0.666838188177058
"CAPN9",0.00696901476349958,0.00548231641414155,1.2711806902504,0.215365028763129,27,0.896531207390823,0.666824816582325
"SDC3",0.00220374082690333,0.00173424987914177,1.2707170133948,0.215527330707058,27,0.896531207390823,0.666497649760102
"LDOC1",0.0250898802895748,0.0197446792452694,1.27071602318311,0.215527677413266,27,0.896531207390823,0.66649695113654
"CD200",8.82276743350469e-05,6.94908158013175e-05,1.26963071763757,0.215907935420966,27,0.896531207390823,0.665731395432309
"NSMCE1",0.0334007299387335,0.0263105442904285,1.26948076672379,0.215960513925256,27,0.896531207390823,0.665625647700901
"RAMP3",0.0306061131852726,0.0241264240050376,1.268572299769,0.216279266191019,27,0.896531207390823,0.664985112601738
"GXYLT1",0.00494200599838494,0.00389578512334403,1.26855199707289,0.2162863938658,27,0.896531207390823,0.66497080027826
"HOXA5",0.0395098528745078,0.0311749313578977,1.26735973917384,0.216705274891923,27,0.896531207390823,0.664130517251601
"GRN",9.32160524276419e-05,7.35623215690674e-05,1.26717116098792,0.21677158554948,27,0.896531207390823,0.66399764578592
"C1QL1",0.00094611701176111,0.000746806890355016,1.26688307778112,0.216872915538457,27,0.896531207390823,0.663794682041403
"HIF1AN",0.0101735895959274,0.00803587236270603,1.26602180033898,0.217176075680477,27,0.896531207390823,0.663188018734334
"ZNF334",0.0211076387135627,0.016691809310999,1.26455067394365,0.217694643600469,27,0.896531207390823,0.662152256688707
"CD274",0.00955161741993714,0.00755439040866148,1.26437963928707,0.21775499406586,27,0.896531207390823,0.662031875951188
"RTN4R",1.16859212251167e-05,9.24403536759997e-06,1.26415799598468,0.217833221034441,27,0.896531207390823,0.661875886693545
"CSF3",0.0254746729332397,0.0201541851883475,1.26398922581938,0.217892801285233,27,0.896531207390823,0.661757117682812
"CNTF",0.106344678944246,0.0841769128136984,1.26334734061357,0.218119516938449,27,0.896531207390823,0.661305472800723
"cysH",0.0900635535663444,0.0713164918478744,1.26287133919121,0.218287758076206,27,0.896531207390823,0.660970619531495
"MINPP1",3.27778239462295e-05,2.59688951972145e-05,1.26219554961065,0.218526783567511,27,0.896531207390823,0.66049532646145
"EIF4A2",0.0265284737276952,0.0210262189461284,1.26168541265856,0.2187073501214,27,0.896531207390823,0.660136621335816
"TYRO3",0.00179093896246538,0.00141953502882132,1.26163773778267,0.218724230785564,27,0.896531207390823,0.660103102131346
"CD200R1L",0.0278357091829295,0.0220688678954569,1.26131115174511,0.218839894682368,27,0.896531207390823,0.659873502900589
"TNFRSF1A",0.000132689271128961,0.000105224780548337,1.26100781999738,0.218947364563548,27,0.896531207390823,0.659660277977665
"MAPRE3 2",0.0210914902016027,0.0167352553603957,1.26030286048195,0.21919728572542,27,0.896531207390823,0.659164827932973
"LIMD1",0.00115504630008086,0.000916565984744989,1.26018892180711,0.219237699478618,27,0.896531207390823,0.659084763747181
"SDHB",0.0529019180207863,0.0420337747249153,1.25855739502332,0.219817020399397,27,0.896531207390823,0.657938683253043
"BTD",1.82566908606112e-05,1.45137293380243e-05,1.25789109300673,0.220053945129037,27,0.896531207390823,0.657470840996003
"SNRPD2",0.0180334214365629,0.0143461933362461,1.25701787323617,0.220364740198221,27,0.896531207390823,0.656857894223071
"SIRT5",0.0125756256623265,0.0100124254539855,1.25600192681791,0.220726754529059,27,0.896531207390823,0.656145022343052
"TLNRD1",0.00541552766954006,0.00431195790327748,1.25593240727693,0.220751543100849,27,0.896531207390823,0.656096251927783
"PLXNB2 2",2.96523230858878e-05,2.36138112960245e-05,1.25571949035097,0.220827476029182,27,0.896531207390823,0.6559468913347
"CKS1B",0.0183401000192609,0.0146188864943553,1.25454835608324,0.221245494825066,27,0.896531207390823,0.655125563986225
"RAB33A",0.0494515989566909,0.0394204892249972,1.25446436431674,0.221275497530899,27,0.896531207390823,0.655066674081201
"ROBO3",0.0200778462332142,0.016088760354933,1.24794240142051,0.223614664199939,27,0.896531207390823,0.650499719693078
"AKR1C4",0.0865171306200874,0.0693328166571314,1.24785252917009,0.223647028340965,27,0.896531207390823,0.650436868042163
"TMCC3 2",0.00112757923570658,0.000903869729431111,1.24750193417393,0.223773316032911,27,0.896531207390823,0.650191702394732
"HTRA2",0.000911941639079669,0.000731086689743747,1.24737825469003,0.223817879478924,27,0.896531207390823,0.650105223219288
"RFK",0.00794340760754598,0.00637199551647904,1.24661224054584,0.224094035052181,27,0.896531207390823,0.649569703386402
"DNM1L",0.029772999124534,0.0238932523511209,1.24608398584705,0.224284626517803,27,0.896531207390823,0.649200493903894
"BMP5",0.000145753208038514,0.000116980111643119,1.24596571153202,0.224327316092747,27,0.896531207390823,0.649117839631336
"IL6R 2",0.00032000797680019,0.000256935001369768,1.24548222349687,0.224501888876227,27,0.896531207390823,0.648780000651431
"ATF6B",0.00146659651506171,0.00117760427247331,1.24540692433242,0.224529086374568,27,0.896531207390823,0.648727390813283
"RAD51C",0.00141343707412986,0.00113566053264055,1.24459469489835,0.224822616405989,27,0.896531207390823,0.648160002327773
"ST6GALNAC3",0.0201778491637309,0.0162125164622007,1.24458465228241,0.224826247506976,27,0.896531207390823,0.6481529881118
"IL10",0.0176786801126505,0.0142054289674006,1.24450167279147,0.224856252039099,27,0.896531207390823,0.648095032541967
"AKR1B1",0.000213679303175535,0.000171718799274785,1.24435591256147,0.224908964789143,27,0.896531207390823,0.647993233400022
"USP4",0.0370417681308876,0.0297810548409426,1.24380309323238,0.225108971561468,27,0.896531207390823,0.647607196150096
"ATE1",0.0070346711441538,0.0056567688928249,1.24358468189794,0.225188028623612,27,0.896531207390823,0.647454701036057
"AKT2",0.00546414492076538,0.00439441402483862,1.24342970186248,0.225244138590325,27,0.896531207390823,0.647346501618595
"CD177",8.358981386501e-05,6.72252383389325e-05,1.24342904436532,0.225244376657377,27,0.896531207390823,0.647346042600425
"MYNN",0.0490785979301453,0.0394795580686049,1.24313949626437,0.225349234973251,27,0.896531207390823,0.647143911954928
"P4HA1",0.0112538467970784,0.00905329431724937,1.2430664907951,0.22537567935485,27,0.896531207390823,0.647092951164193
"EPDR1",0.00262905559252115,0.002114983631216,1.24306191013383,0.225377338661711,27,0.896531207390823,0.647089753724421
"HDHD2",3.97460541440859e-05,3.19967161382113e-05,1.24219166655731,0.225692745147565,27,0.896531207390823,0.646482401015366
"NRXN3",1.16035576052773e-05,9.34313300670166e-06,1.24193432727055,0.225786077850001,27,0.896531207390823,0.646302840530304
"GHRH",0.0329215021825841,0.0265159981608421,1.24157129529453,0.225917793236233,27,0.896531207390823,0.646049562793693
"IFIT2",0.00830116513550454,0.00668743263906794,1.24130822447604,0.226013277029585,27,0.896531207390823,0.645866047705178
"LGALSL",0.0129099582479381,0.0104023270129616,1.24106444950749,0.226101784500741,27,0.896531207390823,0.6456960099865
"RRAGC",0.063314308901045,0.0510445077880543,1.24037456025508,0.226352405052777,27,0.896531207390823,0.645214886653153
"SLITRK6",2.9588806703281e-05,2.38555256038148e-05,1.24033346381391,0.226367341056948,27,0.896531207390823,0.645186230407203
"SFRP4 2",0.000615415346819712,0.000496461128388574,1.23960429453408,0.226632472848275,27,0.896531207390823,0.644677862484905
"SEPTIN11",0.000691103452817898,0.00055809098549498,1.2383347353388,0.22709465534103,27,0.896531207390823,0.643793086754339
"ICAM2 2",0.0170750372152934,0.0137999722812376,1.23732402263652,0.227463114298903,27,0.896531207390823,0.643089019029851
"AKT2 2",0.044889872905689,0.0362874846589498,1.23706212562236,0.22755866350014,27,0.896531207390823,0.642906625599549
"KNG1 4",2.79325557240073e-05,2.25888186511308e-05,1.23656558385841,0.22773990262346,27,0.896531207390823,0.642560869380767
"CRLF3",0.0134576708232085,0.0108831882506922,1.23655591663156,0.227743432270703,27,0.896531207390823,0.642554138481067
"BLK",0.0424539501382126,0.0343324734918458,1.23655378772216,0.227744209572509,27,0.896531207390823,0.64255265621084
"FKBP6",0.00957906893969517,0.00774699563894118,1.23648823184369,0.227768146144328,27,0.896531207390823,0.642507013009571
"ANXA10",0.0259902891239121,0.0210368414139121,1.23546537298723,0.228141871354555,27,0.896531207390823,0.641795000433953
"RCN3",0.0164440105837485,0.0133149165600416,1.23500665660176,0.228309624454915,27,0.896531207390823,0.641475780320722
"HTN1",0.0127436833205783,0.0103219211335806,1.23462320198504,0.228449925741926,27,0.896531207390823,0.641208978776484
"LAMA2|LAMB1|LAMC1",3.93075582404648e-05,3.18397818179119e-05,1.23454232397886,0.228479526317102,27,0.896531207390823,0.641152710280678
"DDOST",0.000945228644840474,0.00076588355644183,1.23416756619224,0.228616721892751,27,0.896531207390823,0.640892006835975
"NTRK3",0.000171068467553888,0.000138616606602212,1.23411236032348,0.228636937539978,27,0.896531207390823,0.640853605638461
"UBC",0.000536006422666908,0.000434590359817176,1.2333601299679,0.228912528742152,27,0.896531207390823,0.640330437056006
"CLEC3B",1.38263871497627e-05,1.1217339738656e-05,1.23259056709459,0.229194729489346,27,0.896531207390823,0.639795373528433
"SEMA4A",3.11104818234155e-05,2.52491175714581e-05,1.23214135049944,0.229359579766246,27,0.896531207390823,0.639483115777336
"PCDHB10",0.0164968977081675,0.0133904547446782,1.23198935530728,0.229415378129662,27,0.896531207390823,0.639377473910739
"SPDL1",0.0155302617558396,0.0126155027163113,1.23104580967349,0.22976198873568,27,0.896531207390823,0.638721818327444
"TXNL4B",0.0115854686616925,0.00941163976706095,1.23097238615524,0.229788977358938,27,0.896531207390823,0.63867080761902
"USP21",0.0277487373470062,0.022548593898607,1.23061941120508,0.229918755390766,27,0.896531207390823,0.638425600150982
"EZH2",0.0877634711736203,0.0713336710851955,1.23032320976166,0.230027702216362,27,0.896531207390823,0.638219858785745
"FAM221B",0.11611122741383,0.0943837883697697,1.23020308274699,0.230071897626544,27,0.896531207390823,0.638136425447255
"RAB24",0.00651270547979044,0.00530391473239266,1.22790538845116,0.230918465759479,27,0.896531207390823,0.636541336650653
"LILRB5",0.000308244568815716,0.000251127737937865,1.22744134657074,0.231089723144196,27,0.896531207390823,0.636219367722999
"IGSF8",5.74076845374128e-05,4.67911100957549e-05,1.22689298073783,0.231292224156668,27,0.896531207390823,0.635838967586565
"COL6A3 2",0.000255026323569916,0.000207866092118696,1.22687794324959,0.231297779096534,27,0.896531207390823,0.635828537271537
"FZD9",0.00272086787207012,0.00221840265833016,1.22649865291731,0.231437924507266,27,0.896531207390823,0.635565474015636
"CPD",0.00493502697004363,0.00402432629542811,1.22629891508801,0.231511752101393,27,0.896531207390823,0.635426958238939
"CTSK",0.00513103592737993,0.00418465321871915,1.22615558785788,0.231564740002403,27,0.896531207390823,0.635327569245937
"PGAM2",0.000202744663502482,0.00016536193961781,1.22606607040938,0.231597839128123,27,0.896531207390823,0.635265497013298
"VASN",2.66485207827084e-05,2.17374744577209e-05,1.2259253407998,0.231649881184178,27,0.896531207390823,0.635167918215279
"PCDH17",0.000334655462964095,0.000273158204318751,1.22513421772821,0.231942603848304,27,0.896531207390823,0.634619471643096
"ARL15",0.00405718840751578,0.00331226394081355,1.22489888487548,0.232029732860463,27,0.896531207390823,0.634456359980415
"C17orf67",0.0481669929865469,0.0393462185878156,1.22418353568195,0.232294733179569,27,0.896531207390823,0.633960636850564
"LARGE1",0.000244224013088848,0.000199536728548916,1.22395518291249,0.232379374172027,27,0.896531207390823,0.6338024222404
"P4HA2",0.00926883068124365,0.00757287400217231,1.22395152468995,0.232380730313796,27,0.896531207390823,0.633799887750537
"ANGPTL4",0.00938389378057729,0.00766764169450415,1.22383050153521,0.232425598235578,27,0.896531207390823,0.633716042545737
"PHYHIPL",0.000726616207013224,0.000593932237087196,1.22339917189332,0.2325855617047,27,0.896531207390823,0.633417248621328
"MICB 2",0.00537413529430909,0.004394385974885,1.22295477116111,0.232750459389505,27,0.896531207390823,0.633109453160238
"GLUD1",0.0167917595985334,0.0137338771134327,1.22265252993344,0.232862658153089,27,0.896531207390823,0.632900149328331
"MAGIX",0.0810347747548355,0.0663266672419818,1.22175254877791,0.233196992487558,27,0.896531207390823,0.632277054918514
"PTPN4",0.0062640621416202,0.00513145479785155,1.22071856586223,0.233581552794349,27,0.896531207390823,0.631561458802656
"SCARF2",0.0010298011444429,0.000845186671199757,1.21843041251594,0.234434260892325,27,0.896531207390823,0.629978918979988
"CD93 2",0.00232478895654751,0.00190886706122029,1.21788939825979,0.234636217931983,27,0.896531207390823,0.629604950302426
"IL1RAPL2",0.0172177703213845,0.0141420249275155,1.217489744901,0.234785489807575,27,0.896531207390823,0.629328746824875
"YJU2",0.0286916691020274,0.0235669602911924,1.21745311009627,0.234799176599107,27,0.896531207390823,0.62930343041885
"NBL1",2.06103885207985e-05,1.69408840597676e-05,1.2166064325855,0.235115662986668,27,0.896531207390823,0.628718437986524
"IDS",0.000113833526391099,9.35686279510848e-05,1.21657791595072,0.235126328022776,27,0.896531207390823,0.628698738485329
"ATP1B1",0.00755693297504336,0.00621328492998265,1.216254052438,0.235247476365546,27,0.896531207390823,0.628475026801433
"GNPTG",2.1353929145306e-05,1.75574644942892e-05,1.21623080327183,0.235256175035566,27,0.896531207390823,0.628458968331416
"CD300LG 2",0.201837679807503,0.165968095149456,1.2161233737469,0.235296372903349,27,0.896531207390823,0.628384767427472
"NUTF2",0.00238241086252667,0.00195906956883455,1.21609303744326,0.2353077250436,27,0.896531207390823,0.628363814903295
"ID1",0.0523462005264902,0.0430469523461627,1.21602570387672,0.235332923389283,27,0.896531207390823,0.628317310197296
"OCRL",0.0259961019113686,0.0213819750582138,1.21579516581571,0.235419213351308,27,0.896531207390823,0.628158095817387
"COASY",0.00785255256713433,0.00645883879134325,1.21578395448715,0.235423410336094,27,0.896531207390823,0.628150353411575
"EREG",0.0239147808450562,0.0196734687190041,1.21558537473135,0.235497758401274,27,0.896531207390823,0.628013222371988
"SERPINA3 2",5.80598991587135e-05,4.78435117610248e-05,1.21353757326007,0.236265481582665,27,0.896531207390823,0.626599724212846
"GPC4",0.0600441850555104,0.0494881265317127,1.2133048725745,0.236352840016796,27,0.896531207390823,0.626439174845252
"CAST",0.00226231706019497,0.00186486435869131,1.2131268687995,0.236419680975196,27,0.896531207390823,0.626316373039722
"ALDH5A1",0.00900836659523323,0.00742736767159983,1.21286127111745,0.236519440072177,27,0.896531207390823,0.626133157805232
"SERPING1",3.59634698752385e-05,2.96572864462923e-05,1.21263521328448,0.236604372780395,27,0.896531207390823,0.625977233263257
"COQ6",0.0403675443082373,0.033293918563698,1.21245999418801,0.236670220484335,27,0.896531207390823,0.62585638462672
"NRP2",2.16624728963737e-05,1.78689811942324e-05,1.21229479514846,0.236732315215643,27,0.896531207390823,0.625742454525872
"MIF",0.00253546905108019,0.00209179932233608,1.2120995661518,0.236805713304851,27,0.896531207390823,0.625607823795242
"NFASC",3.20761988589463e-05,2.64877811796397e-05,1.21098096671088,0.23722658978751,27,0.896531207390823,0.624836634233606
"CTSA",3.4022625828687e-05,2.80956220843146e-05,1.21095826697076,0.237235136435584,27,0.896531207390823,0.624820988031214
"DPEP2",0.00124270012677887,0.001026272982338,1.21088652645597,0.237262148875925,27,0.896531207390823,0.624771540524733
"OLFML3",0.00169753930471749,0.00140199383129822,1.21080369030269,0.237293342022322,27,0.896531207390823,0.624714447048278
"IFNA10",0.0663729977122069,0.0548189226993428,1.21076800571644,0.237306780514391,27,0.896531207390823,0.624689852604766
"SPAST",0.00238523708908912,0.00197150255460949,1.20985746810842,0.237649873727166,27,0.896531207390823,0.6240624121271
"DLG4",0.0245461661971033,0.020337524045277,1.20693975050535,0.238751781705545,27,0.896531207390823,0.622053378772491
"FAM171B 2",0.00021309244761933,0.000176558089809547,1.2069254252195,0.238757201226077,27,0.896531207390823,0.622043520663237
"MANBA",0.000180775275381954,0.000149824013493935,1.2065841193693,0.238886350774574,27,0.896531207390823,0.621808663781429
"HERC5",0.00740635852432406,0.00614080344993951,1.2060894937774,0.239073609034539,27,0.896531207390823,0.621468362333637
"HHLA2",0.0177801906679114,0.0147514185142201,1.20532073920698,0.239364866650065,27,0.896531207390823,0.620939593861662
"FUT10",0.000145265364362382,0.000120593627797336,1.20458573985774,0.239643583598887,27,0.896531207390823,0.620434194650086
"HJV",1.59088272603855e-05,1.32097681297372e-05,1.20432297555415,0.239743284560212,27,0.896531207390823,0.62025354899271
"FRZB 2",8.57937510486008e-05,7.1283089727095e-05,1.20356386594716,0.240031488646012,27,0.896531207390823,0.619731781421048
"INHBB",0.000304298822602663,0.000252905690620159,1.20321065871029,0.240165675827346,27,0.896531207390823,0.619489061312626
"MTMR7",0.00606670372213845,0.00504688655843682,1.20206857275141,0.240599950250353,27,0.896531207390823,0.618704466796669
"HAUS1",0.00344961192716743,0.0028711454506656,1.20147585221352,0.240825561464052,27,0.896531207390823,0.618297418520442
"RAP2A",0.0198979598977281,0.0165640493530307,1.20127388379747,0.240902474159515,27,0.896531207390823,0.618158739610179
"MAPK8",0.0163254873772738,0.0135911892205686,1.20118167088477,0.240937596363917,27,0.896531207390823,0.618095426571169
"TOR1AIP2",0.00580235128413997,0.00483057675488878,1.20117153262656,0.240941458073625,27,0.896531207390823,0.618088465823647
"CHST12",0.00412888239613946,0.00344183655732421,1.19961605595513,0.241534494278683,27,0.896531207390823,0.617020837562074
"FDPS",0.000272356652637784,0.00022705820704319,1.1995014678592,0.24157822484653,27,0.896531207390823,0.616942214319065
"TPST1",0.00140022784580495,0.00116741622422936,1.19942469253353,0.241607528130806,27,0.896531207390823,0.616889537870722
"PHGDH 2",0.0139381698867574,0.0116242900083504,1.19905558763115,0.241748443590932,27,0.896531207390823,0.616636313282379
"PSMA3",0.0525348448507301,0.043833498893281,1.19850904393085,0.241957213632516,27,0.896531207390823,0.616261425449984
"MORF4L2",0.00578777171433673,0.00483071696351777,1.19811857288406,0.242106449069741,27,0.896531207390823,0.615993641958108
"NRG2",0.00388817756510556,0.00324588963295317,1.19787731709412,0.24219868975522,27,0.896531207390823,0.615828210629866
"ADGRG1",0.000918934228401372,0.000767351485604149,1.19754016984522,0.242327637090401,27,0.896531207390823,0.615597052427124
"TYRO3 2",0.000383857687160702,0.000320597293530011,1.19732042318307,0.242411710271207,27,0.896531207390823,0.615446404376518
"PRDX3",0.00117930620656268,0.000985694304645979,1.19642185310814,0.242755721882316,27,0.896531207390823,0.614830524745891
"NOS3",0.0135849414208578,0.0113648094668126,1.1953514452247,0.243165995533342,27,0.896531207390823,0.614097157132695
"VPS25",0.00542454283285582,0.00454277060698774,1.1941045018896,0.243644584604942,27,0.896531207390823,0.613243237072869
"NUDT5",0.00239722310627661,0.00200764676655863,1.19404625664591,0.24366695684971,27,0.896531207390823,0.61320336056008
"JMJD6",0.00939004360126696,0.00786580366268611,1.19378057271014,0.243769026593719,27,0.896531207390823,0.613021476871778
"EFNA2 2",5.98118046389549e-05,5.01195149946263e-05,1.19338354821206,0.243921613778042,27,0.896531207390823,0.612749715353973
"TIE1",8.30595898838721e-05,6.96065070123005e-05,1.19327335114222,0.243963978088061,27,0.896531207390823,0.612674293630423
"TNFSF4 2",0.0644488827596206,0.0540116918066781,1.1932394747104,0.24397700269075,27,0.896531207390823,0.612651108395728
"CCDC80",0.000526012416647663,0.00044097205705736,1.19284750185257,0.244127743688301,27,0.896531207390823,0.612382862753784
"HES5",0.0103999847815534,0.00872546187645912,1.19191223671632,0.24448769883788,27,0.896531207390823,0.611742987097516
"NCR1",0.0130030823953642,0.0109129398040819,1.1915288298851,0.244635374655979,27,0.896531207390823,0.611480743100717
"CEACAM3",0.0311407791943863,0.0261543307730335,1.19065478924408,0.244972274896798,27,0.896531207390823,0.610883064781086
"FLRT3",0.0011167019470572,0.000939909355068767,1.18809536370185,0.245960795325528,27,0.896531207390823,0.609134111313966
"NLGN3 2",7.14625714671302e-05,6.01524615655597e-05,1.18802405765629,0.245988378096037,27,0.896531207390823,0.609085410977885
"OLFM2",0.0003316636536763,0.000279239938860954,1.18773716621335,0.246099377358352,27,0.896531207390823,0.608889485078889
"SYT6",0.00120202193554455,0.0010124041544226,1.18729455059387,0.246270699878023,27,0.896531207390823,0.608587255388816
"TFF1",0.0199726060411851,0.0168275265451888,1.18690087860213,0.246423152360847,27,0.896531207390823,0.608318491027926
"LRRC4",8.18867983386046e-05,6.8996316814852e-05,1.18682854562141,0.24645117148771,27,0.896531207390823,0.608269113117133
"SERPINA4 2",1.02448007184562e-05,8.63619137595014e-06,1.18626374433823,0.246670036105361,27,0.896531207390823,0.607883602615831
"EIF4EBP1",0.0302695921131764,0.0255180269042488,1.18620425578971,0.246693096758384,27,0.896531207390823,0.607843003253223
"RDH16",0.00566593624909997,0.00477727258106651,1.18601904181801,0.246764904956881,27,0.896531207390823,0.607716605851724
"MBD1",0.0108854289973703,0.00918083782683731,1.18566836738475,0.246900905384774,27,0.896531207390823,0.607477317508772
"OXT 2",0.000160533523827233,0.000135418213028585,1.18546479263721,0.246979882376198,27,0.896531207390823,0.607338420541262
"RPS27A 2",3.92293814215345e-05,3.31121502020502e-05,1.18474279628949,0.24726013279234,27,0.896531207390823,0.606845901851596
"BPNT2",0.000481180978073127,0.000406170765205152,1.18467654320244,0.247285861447884,27,0.896531207390823,0.606800713686007
"HTN3",0.00166152921495371,0.00140387708382029,1.18352898134949,0.247731820010533,27,0.896531207390823,0.606018206706691
"SULT1E1 2",0.00653289209373234,0.00552237314212528,1.1829863585093,0.247942898655839,27,0.896531207390823,0.605648325843323
"CTSE",0.0230180664900384,0.0194695492981185,1.18225985294188,0.248225716136409,27,0.896531207390823,0.605153227681779
"FABP6",0.0234481823846341,0.0198375746298496,1.18200852786467,0.248323608856437,27,0.896531207390823,0.604981988827801
"SERPINA7",1.87821049741643e-05,1.58911312973688e-05,1.18192371724184,0.248356649599364,27,0.896531207390823,0.604924207540513
"TNC 4",0.000728417940120851,0.000616535773067652,1.18146905977007,0.248533831864457,27,0.896531207390823,0.604614484226612
"ADGRL3",3.50578518922573e-05,2.96805486741234e-05,1.18117263522227,0.248649400474427,27,0.896531207390823,0.604412583570152
"RASSF2",0.00275195853099884,0.00233001943209826,1.18108823174947,0.24868231459522,27,0.896531207390823,0.604355099116115
"COG8",0.0525166559178403,0.0444793957024573,1.18069625471416,0.248835212984264,27,0.896531207390823,0.604088162073444
"UXS1",0.00836560393051594,0.00709132601994396,1.17969529351607,0.249225974055684,27,0.896531207390823,0.603406697963024
"IGDCC4",0.00308600978949014,0.00261612627665743,1.17961040987405,0.24925913234553,27,0.896531207390823,0.603348921061987
"XXYLT1",0.00031186586188135,0.00026444340165033,1.17932933828209,0.249368951328562,27,0.896531207390823,0.603157621050327
"THSD1",0.021286093803496,0.0180605871482147,1.17859367631911,0.249656555555874,27,0.896531207390823,0.602657025625845
"CCN4",0.00248001609401525,0.00210560336330529,1.17781731224167,0.249960338689838,27,0.896531207390823,0.602128895546363
"KLK13 2",0.0308030029507264,0.0261607181326829,1.17745249937324,0.250103180707968,27,0.896531207390823,0.601880785058241
"RHOT1",0.0365474466043905,0.0310470338254487,1.17716387368488,0.250216234578852,27,0.896531207390823,0.601684515748603
"GINS1",0.0648038040934183,0.0550528124281103,1.17712068167346,0.250233156024615,27,0.896531207390823,0.601655146582964
"ACVR1B",0.0758777641295687,0.0644665538541449,1.17700977628247,0.250276609599056,27,0.896531207390823,0.601579736874934
"GAS6",0.000136631495652609,0.00011622630004159,1.17556435680837,0.250843447175021,27,0.896531207390823,0.600597239634835
"GPCPD1",0.0271157467623532,0.0230679621059084,1.17547213914523,0.250879643606474,27,0.896531207390823,0.600534575943406
"PRSS3 2",0.050251405691889,0.0427581375840592,1.1752477664187,0.250967728482591,27,0.896531207390823,0.600382120124538
"QTRT2",0.0199536820283211,0.0169783950547422,1.17523958913584,0.25097093917569,27,0.896531207390823,0.600376564121838
"IQCD",0.0197641398452843,0.016830111084287,1.1743321090576,0.251327437210874,27,0.896531207390823,0.599760097245716
"NIP7",0.0444475084151901,0.0378517555166818,1.17425223238593,0.251358834213863,27,0.896531207390823,0.599705846529358
"EPHA1",0.0121250306653102,0.010326635275832,1.17415114811763,0.251398571415993,27,0.896531207390823,0.599637194541524
"BTG2",0.0748825396506001,0.0637814373550064,1.17404910826649,0.251438688982012,27,0.896531207390823,0.599567896424784
"EFNB1",0.000128238510540693,0.000109319412353841,1.17306256756683,0.251826797586676,27,0.896531207390823,0.598898057290978
"FTH1|FTL",7.51779309162087e-05,6.41032988438543e-05,1.17276228013367,0.251945019660662,27,0.896531207390823,0.598694222167392
"ETV7",0.0373263002985517,0.0318294662331924,1.1726963947522,0.251970963987557,27,0.896531207390823,0.59864950249831
"GLT8D1",0.00777188209496176,0.00662908140075302,1.17239201408493,0.252090848574235,27,0.896531207390823,0.598442919836645
"UBB",0.000394523940006062,0.000336545635815978,1.17227471706626,0.252137058906322,27,0.896531207390823,0.598363317371209
"MVK",0.0159500311717066,0.0136092316083322,1.17200086167548,0.252244971359409,27,0.896531207390823,0.598177482901274
"KREMEN1",0.000102139828241217,8.71626225867249e-05,1.17183059905741,0.252312080396168,27,0.896531207390823,0.598061955491954
"TICAM2",0.00387575713275483,0.00330786978614619,1.17167766064645,0.252372372348882,27,0.896531207390823,0.597958189812829
"USP1",0.0905774633454502,0.0773065914507791,1.171665464039,0.252377180999727,27,0.896531207390823,0.59794991493467
"RAB39B",0.00597034055307466,0.00509654773069365,1.17144798176198,0.252462937229113,27,0.896531207390823,0.597802369380246
"IL17RE",0.0575462785608155,0.0491405897947714,1.17105388439881,0.252618390085392,27,0.896531207390823,0.597535036908588
"PCSK9 2",0.000283795289509513,0.000242437641898826,1.17059086735362,0.252801118901771,27,0.896531207390823,0.597221008191119
"SCARB2",0.020506125040542,0.0175182768366157,1.17055605592904,0.252814861113422,27,0.896531207390823,0.597197400682943
"MRPL58",0.00628025075156509,0.00536739105735997,1.17007512298799,0.253004771450881,27,0.896531207390823,0.59687128832913
"IGFLR1",0.000637490714486592,0.00054504473627231,1.16961172553751,0.253187857097157,27,0.896531207390823,0.596557126941246
"IL1R1",0.00400541736533352,0.00342659150513737,1.16892175776667,0.253460640720005,27,0.896531207390823,0.596089471617628
"MAN2B2",0.00113607456887733,0.00097242831551221,1.16828618701721,0.253712110137816,27,0.896531207390823,0.595658802622546
"CSRP3",0.00285965016048777,0.00244870870757318,1.16781965598589,0.253896814665289,27,0.896531207390823,0.595342747657061
"CLIC5",0.00130576485342092,0.00111872246235533,1.16719284483821,0.254145132059874,27,0.896531207390823,0.594918204433762
"OLFM2 2",2.56906023616067e-05,2.20583128587233e-05,1.16466760291901,0.255147347518446,27,0.896531207390823,0.59320894218219
"LGR4",0.0349957208127182,0.0300558731591187,1.16435548644511,0.255271422130647,27,0.896531207390823,0.592997802139195
"ELFN2",0.000482137003030767,0.000414211115812301,1.16398856676084,0.255417339372569,27,0.896531207390823,0.592749623367769
"SDSL",0.0110375397149688,0.00948386459227498,1.16382299721564,0.255483203484314,27,0.896531207390823,0.592637646894678
"SORCS3",0.000407122514517116,0.000350385241296794,1.16192826219031,0.256237827117121,27,0.896531207390823,0.591356757122276
"EPHB3",0.0122884939244949,0.0105780190722402,1.16170086672878,0.256328503079551,27,0.896531207390823,0.591203098685443
"WNT3A",0.00939719626573099,0.00808976198749339,1.16161591407249,0.256362384771823,27,0.896531207390823,0.591145697111274
"ADPGK",0.0040967942190611,0.00352763307935063,1.1613436337929,0.256471000628096,27,0.896531207390823,0.590961733784881
"CD59 2",7.93838787726857e-05,6.83993410897698e-05,1.16059420321753,0.256770132492556,27,0.896531207390823,0.590455494808996
"PDIA3 2",0.000235496256117386,0.000202954173558987,1.16034202198331,0.256870847260888,27,0.896531207390823,0.590285181806656
"ADSL",0.00688868114925342,0.00594444429626998,1.1588435867043,0.257469884178828,27,0.896531207390823,0.589273562350345
"LYG2",0.0129169000790387,0.0111478944572054,1.15868517849932,0.257533271859522,27,0.896531207390823,0.589166654577985
"PGRMC1",0.000158395425325906,0.000136724272556444,1.15850260063015,0.257606345374958,27,0.896531207390823,0.589043443612733
"NEGR1 2",3.65753572270702e-05,3.15726636425194e-05,1.1584501593275,0.257627336885624,27,0.896531207390823,0.589008055797192
"PNLIPRP2",0.00392864789356775,0.00339144231838006,1.15840032787121,0.257647284878081,27,0.896531207390823,0.588974429832754
"CDH1 2",0.0438941282462986,0.0378978194489121,1.15822305569506,0.257718257782116,27,0.896531207390823,0.588854813218019
"MGAT5 2",0.0001649686746361,0.000142455321892767,1.15803799004632,0.25779236623759,27,0.896531207390823,0.588729947145442
"CD5 2",0.000189706771547222,0.000163854984170776,1.15777235893845,0.257898764061856,27,0.896531207390823,0.588550739143187
"FAM171A1",0.031629102056127,0.0273378818621014,1.15696973948719,0.258220447399003,27,0.896531207390823,0.588009370741348
"PRKCSH",0.000323634987036328,0.000279825114590442,1.15656161710148,0.258384132665154,27,0.896531207390823,0.587734159823829
"PCDHGA10",0.000289175285191709,0.000250097895071872,1.15624837669508,0.258509815450641,27,0.896531207390823,0.587522962376143
"FMR1 3",0.00400915266529924,0.00346750046667944,1.15620825543493,0.25852591672215,27,0.896531207390823,0.587495913207449
"MATN2",3.80906966248963e-05,3.29468434809167e-05,1.15612582573985,0.258558999325388,27,0.896531207390823,0.587440341708042
"ANGPTL8",0.032728789787291,0.0283291431800189,1.15530461261445,0.258888757672428,27,0.896531207390823,0.586886808533218
"KYAT3",0.0119073506000371,0.0103116873230313,1.15474317897925,0.259114379345237,27,0.896531207390823,0.586508485520506
"ACP2",0.00422787127536814,0.00366135094509585,1.15472986303897,0.259119732336469,27,0.896531207390823,0.586499513611859
"ADIPOQ",9.68784370518216e-05,8.39429193766254e-05,1.15409897310289,0.25937344244091,27,0.896531207390823,0.586074493910479
"CPNE1 2",0.000280628347753714,0.000243328981616865,1.15328780767915,0.259699917809694,27,0.896531207390823,0.58552818781699
"NCR1 2",0.0078176369101228,0.00678540611606393,1.15212513096528,0.260168394574457,27,0.896531207390823,0.584745462945852
"SPINT2",0.00094624538658724,0.000821522080640368,1.15181978535458,0.260291530142455,27,0.896531207390823,0.584539963555155
"IRF1",0.0051201222727819,0.00445084660661513,1.15037041833166,0.260876594394546,27,0.896531207390823,0.583564883649011
"IL3RA",0.000198627862777861,0.000172715366118528,1.15003005952319,0.261014126421779,27,0.896531207390823,0.583335987447133
"PCOLCE",1.06676915717052e-05,9.27829137873383e-06,1.14974741967642,0.261128375817774,27,0.896531207390823,0.583145932499219
"CNTN6",2.37665855141103e-05,2.06769392102149e-05,1.14942474185778,0.261258854305108,27,0.896531207390823,0.582928981988308
"CNTFR 2",0.000490822444296631,0.000427197064955036,1.14893683632469,0.261456235324199,27,0.896531207390823,0.582600996463501
"BOLA1",0.00313876617142153,0.00273362646481048,1.14820594979832,0.261752118290782,27,0.896531207390823,0.582109795004324
"CAMK2N2",0.00104943081889636,0.000914292490727596,1.14780645093259,0.261913950142595,27,0.896531207390823,0.581841369430424
"CAPN13",0.00714160376520293,0.00622333308880972,1.1475528729202,0.262016709377434,27,0.896531207390823,0.581671011890102
"ANKRA2",0.0137288807031253,0.0119815626224299,1.14583390629069,0.262714077692121,27,0.896531207390823,0.580516654658941
"KRT71",0.0152829995050565,0.013342601292449,1.14542877884731,0.262878631813435,27,0.896531207390823,0.580244714246132
"LCN1",0.0199197197991805,0.0173992211956371,1.14486272547506,0.263108677010437,27,0.896531207390823,0.579864829163962
"EID3",0.0397287922324229,0.0347090075991372,1.1446248389254,0.263205398547306,27,0.896531207390823,0.579705207249341
"TXNDC12",0.00106464035083505,0.000930221422656875,1.14450207757444,0.263255321877209,27,0.896531207390823,0.579622840508883
"TP53",0.00586535486478451,0.00512738411557768,1.14392733849699,0.263489143087727,27,0.896531207390823,0.579237274926693
"PCDHAC2",0.00100566222055111,0.000879145033686595,1.14390934603131,0.26349646541916,27,0.896531207390823,0.579225206103239
"PDIA4 2",0.0274395927014323,0.023998593182853,1.14338338469931,0.263710579898241,27,0.896531207390823,0.578872446242767
"APOB",0.0170729128164806,0.0149380032251935,1.14291800310275,0.263900139018956,27,0.896531207390823,0.578560380999542
"SPINK9",0.0377925133550124,0.0330687028960825,1.14284837460285,0.263928508654823,27,0.896531207390823,0.578513696241613
"B3GNT2",0.000131496666730378,0.000115081739026509,1.14263711899668,0.264014596900722,27,0.896531207390823,0.57837206109158
"TIMM8A",0.0694950996906204,0.060822753464371,1.14258391362255,0.264036281728387,27,0.896531207390823,0.578336391797645
"ACTN2",0.00583080803142829,0.00510433408017868,1.14232492227942,0.264141857017188,27,0.896531207390823,0.578162773229974
"CREG1",0.00032853787631461,0.000287641987190937,1.14217635444344,0.264202433179215,27,0.896531207390823,0.578063187056689
"NECAB3",0.0137966997513494,0.01208181235868,1.14193958172487,0.264298994474186,27,0.896531207390823,0.577904489138978
"CD300A",0.00203916289496422,0.0017858705039367,1.14183133125788,0.264343150071839,27,0.896531207390823,0.577831938992728
"EPHB4",0.00452833194262188,0.00396590356907903,1.14181594780265,0.264349425454041,27,0.896531207390823,0.577821629168122
"FLT1 2",0.00299998468234777,0.00262809876260874,1.14150378403964,0.264476790145539,27,0.896531207390823,0.577612434608001
"IAPP",0.00152793818217804,0.0013386884599425,1.14136950298628,0.264531591424048,27,0.896531207390823,0.577522455341993
"BCL7A",0.0139525937249176,0.0122286153360776,1.14097903494878,0.264690992039942,27,0.896531207390823,0.577260838350764
"EBI3",0.000637035920038073,0.000558357887978643,1.14090968132332,0.264719311586708,27,0.896531207390823,0.577214375247126
"TMX1",0.00254990276602811,0.00223507899539127,1.14085576898445,0.264741327438415,27,0.896531207390823,0.577178257877065
"MYLPF",0.0127295936390211,0.0111592038453462,1.14072597072683,0.264794337849213,27,0.896531207390823,0.577091305739639
"POMGNT2",0.000569286019869628,0.000499145605038673,1.14052095044595,0.264878085207505,27,0.896531207390823,0.576953971741115
"LYZ",5.33917285645745e-05,4.68551306223279e-05,1.13950655681518,0.265292732957024,27,0.896531207390823,0.576274646285631
"RAB7B",0.0201399393525961,0.0176757450329761,1.13941105820562,0.265331793781438,27,0.896531207390823,0.576210706909754
"BRMS1L",0.000221048513903797,0.000194112994240911,1.13876206365379,0.26559735674351,27,0.896531207390823,0.575776251432861
"CLMP",0.00142028977389621,0.0012472531368841,1.13873417664388,0.265608772216513,27,0.896531207390823,0.575757585695912
"CLEC4M",0.000414798512986069,0.00036438396748818,1.13835555347128,0.265763796070423,27,0.896531207390823,0.575504181548824
"CXADR",0.0268177317406914,0.0235650611329999,1.1380293727792,0.265897400805836,27,0.896531207390823,0.575285907953127
"IL12A|EBI3",0.000303054609773282,0.000266398955107197,1.13759684099112,0.266074642959066,27,0.896531207390823,0.574996511948735
"NRBP1",0.0174735641156261,0.0153605850166592,1.13755850422853,0.266090356694816,27,0.896531207390823,0.574970864306621
"MGAT5",3.7815218616874e-05,3.32471103314623e-05,1.13739865630033,0.266155883565564,27,0.896531207390823,0.574863928995958
"PLXNB3",0.00299314300544064,0.00263234764920045,1.13706219858527,0.266293847037275,27,0.896531207390823,0.574638868216073
"PDIA6",6.77833952664824e-05,5.96296653775461e-05,1.1367394875908,0.266426222754871,27,0.896531207390823,0.574423032364814
"EFS",0.0263410585229107,0.0231775475296489,1.13649032492394,0.266528461881428,27,0.896531207390823,0.574256406982496
"BPGM",0.0120550121746152,0.0106075511512185,1.13645571939858,0.26654266386031,27,0.896531207390823,0.574233266201597
"HPCAL1 2",0.0128084802911658,0.0112784105988239,1.13566359186298,0.266867901093163,27,0.896531207390823,0.573703660069577
"NLGN4Y",0.000243036142696721,0.000214132568400051,1.13497981419936,0.267148884076888,27,0.896531207390823,0.573246635593979
"REG3A 2",0.0131866167296452,0.0116216054629184,1.13466394739697,0.267278755254508,27,0.896531207390823,0.573035559920648
"CTF1",0.000111627433377008,9.84304906980851e-05,1.13407372639645,0.267521552777118,27,0.896531207390823,0.572641223455428
"NDUFAF8",0.0228482268355211,0.0201515351915176,1.13382065526892,0.267625707175459,27,0.896531207390823,0.572472172114157
"PURA",0.00942404626605263,0.00832399048547577,1.13215485799705,0.268312023536567,27,0.896531207390823,0.571359865387754
"OPCML",7.58128979022045e-05,6.69692575305503e-05,1.13205522500559,0.268353113415279,27,0.896531207390823,0.571293361691529
"NPM2",0.0176749182608043,0.0156152141806576,1.13190367140132,0.268415624789134,27,0.896531207390823,0.57119220697475
"TNC 5",0.00701927543007881,0.0062053431487181,1.13116636128799,0.268719894750668,27,0.896531207390823,0.570700179266172
"B4GALT2",4.77777641424617e-05,4.22482641683305e-05,1.13088111625367,0.268837675821621,27,0.896531207390823,0.570509867854684
"JAM2",0.000148406368409238,0.000131340296762749,1.12993781853042,0.269227442445339,27,0.896531207390823,0.569880674406635
"PRDX1",0.00029097592728228,0.000257558078680483,1.12974878820732,0.2693055984371,27,0.896531207390823,0.569754618199824
"CADPS2",0.0306542700765346,0.0271464973493277,1.12921640247241,0.269525806045125,27,0.896531207390823,0.569399646483005
"FASN",0.0239268245658714,0.0211922780988908,1.12903504069832,0.269600851580114,27,0.896531207390823,0.569278740341613
"FBLN5 2",0.000187660574291655,0.000166361957884304,1.1280257618882,0.270018758026021,27,0.896531207390823,0.5686060646402
"FAM234B 2",0.000180859415903342,0.000160345206101212,1.12793778062302,0.270055210259577,27,0.896531207390823,0.568547439322779
"CHST15",0.0001199383820013,0.00010639189172865,1.12732634087568,0.270308639735826,27,0.896531207390823,0.568140072948596
"LRATD2",0.0209066328358611,0.0185488868296493,1.12710983833505,0.270398417142663,27,0.896531207390823,0.567995854994526
"CA3",0.000393672595011763,0.000349395061464594,1.1267262718642,0.27055752442101,27,0.896531207390823,0.567740383486774
"C1RL",0.000304379622095138,0.000270158957217933,1.12666862957129,0.270581440914458,27,0.896531207390823,0.567701994822113
"PLSCR3",0.0325127110295166,0.0288609070516605,1.12653115757309,0.270638485935908,27,0.896531207390823,0.567610444836982
"DAG1",0.000320241960774623,0.000284463680544779,1.12577451069087,0.270952618679775,27,0.896531207390823,0.567106647299014
"TFRC 2",0.0035259384393044,0.00313233829262489,1.12565697249439,0.271001440114064,27,0.896531207390823,0.567028401258696
"KLRK1",0.0260183474051316,0.0231408266877251,1.12434822473014,0.271545482177438,27,0.896531207390823,0.566157418361064
"TNC 8",0.00601398595770459,0.00534948251070852,1.1242182670316,0.271599548438306,27,0.896531207390823,0.566070956449397
"ADGRB3",0.00106511671322264,0.000947496859929849,1.12413745972889,0.271633170618401,27,0.896531207390823,0.566017197068597
"SMPD1",0.000134620192518105,0.000119767778467966,1.1240100988774,0.271686168866928,27,0.896531207390823,0.56593247029638
"FGD2",0.0173499459852236,0.0154415051574103,1.12359163231554,0.271860356855679,27,0.896531207390823,0.56565411736305
"MRPL21",0.00530048479463717,0.00471811485016438,1.12343276138191,0.271926508607833,27,0.896531207390823,0.565548453387345
"IL34",0.00325115263426549,0.00289425561456475,1.12331219741087,0.271976717649989,27,0.896531207390823,0.565468271807391
"FOLR1",0.000816193799301915,0.000726841341114634,1.12293254818205,0.272134867107499,27,0.896531207390823,0.565215810949835
"KIR3DS1",0.00946056313572048,0.00842517513332141,1.12289216378472,0.272151693855881,27,0.896531207390823,0.56518895831559
"ELK4",0.0356762949727967,0.0317798927965447,1.12260589427399,0.272270993883562,27,0.896531207390823,0.564998623321443
"PCSK1N",4.7076009010656e-05,4.19750736180661e-05,1.12152296477199,0.272722637681322,27,0.896531207390823,0.564278811409176
"ARL5B",0.00378845188340853,0.003383604069232,1.11964987802737,0.273505105497113,27,0.896531207390823,0.563034562315821
"APBB2 2",0.0325047771734225,0.0290391326414739,1.11934394097567,0.27363306291894,27,0.896531207390823,0.562831428239499
"ELAPOR1",0.0254465272348248,0.0227356133791884,1.11923645121965,0.273678030549565,27,0.896531207390823,0.562760064095333
"OLFML3 2",1.42626572232937e-05,1.27439215468111e-05,1.11917333851311,0.273704435830782,27,0.896531207390823,0.562718164076101
"SNRPC",0.0358115246728494,0.0320027517174692,1.11901392070923,0.273771141750054,27,0.896531207390823,0.562612332824516
"PGA4",0.000261156854600076,0.000233601615627485,1.11795825511983,0.274213166195784,27,0.896531207390823,0.561911696632937
"STK4",0.00103685926756954,0.000928026430871084,1.11727342355573,0.274500192846714,27,0.896531207390823,0.561457346105568
"SOCS3",0.000741625046239352,0.000663950672018516,1.11698817019748,0.274619812452259,27,0.896531207390823,0.561268133784268
"INSL5",0.0206457297669305,0.0184908448534658,1.11653793704622,0.274808692365221,27,0.896531207390823,0.560969534397981
"DEFB1",1.26055631038957e-05,1.13002277189358e-05,1.11551407789531,0.275238567697044,27,0.896531207390823,0.560290710827421
"CUZD1",0.0136393067241133,0.012227115183787,1.11549670704002,0.275245865185636,27,0.896531207390823,0.560279196390907
"PTGDS",2.48020689503549e-05,2.22501843806483e-05,1.11469049092133,0.275584710362957,27,0.896531207390823,0.559744881064834
"PDXP",0.00440428173065356,0.00395366444663523,1.11397458992804,0.275885849935301,27,0.896531207390823,0.55927057372382
"THAP2",0.0188637974810241,0.0169486647382325,1.1129960839022,0.27629783783188,27,0.896531207390823,0.5586225136407
"COLGALT1",0.000824837319533487,0.000741737112996849,1.11203458082458,0.27670310016073,27,0.896531207390823,0.557985975029067
"RNASE1",0.000251788637174925,0.000226439260242237,1.11194779962437,0.276739698560823,27,0.896531207390823,0.557928536452699
"CYBC1",0.000415163175689693,0.000373458991876604,1.11167004870743,0.276856858509306,27,0.896531207390823,0.557744713344567
"EMC10",0.000626189880288578,0.000563292283617042,1.11166067510752,0.276860813074818,27,0.896531207390823,0.557738510017245
"SET",0.000720483715435092,0.000648236362390418,1.11145217583638,0.276948785997703,27,0.896531207390823,0.557600534238742
"GOT2 2",0.000254970478090381,0.000229560843672311,1.11068801635152,0.277271383580947,27,0.896531207390823,0.557094950451681
"PITPNA",0.00117898364584543,0.00106176112186525,1.11040385786047,0.277391413177326,27,0.896531207390823,0.556906986908819
"IL17RD",0.0114975243815033,0.0103546466073841,1.11037342146512,0.277404271849066,27,0.896531207390823,0.556886855352886
"SLITRK4",0.000257242883111766,0.000231673030370814,1.11037043327842,0.277405534311919,27,0.896531207390823,0.556884878889439
"HBG2",0.000228964939308349,0.000206241786102692,1.11017725183171,0.277487159307806,27,0.896531207390823,0.556757109012624
"BCDIN3D",2.953491991195e-05,2.66244282188666e-05,1.10931658960552,0.277851025973379,27,0.896531207390823,0.556187995230035
"C3orf18",0.0192026882814993,0.0173115369362618,1.10924225573965,0.277882468651258,27,0.896531207390823,0.556138851596816
"OAT",0.0112101989154622,0.0101082485098574,1.10901496975764,0.277978624890355,27,0.896531207390823,0.555988597783617
"RHOB",0.0231769991033425,0.0209036532633407,1.10875351840956,0.278089264941551,27,0.896531207390823,0.555815775848653
"POU6F1",0.00880991412362513,0.00794929828011407,1.1082631212448,0.278296875224446,27,0.896531207390823,0.555491669987909
"TPMT",0.00650284264425879,0.00586799721454622,1.10818775239682,0.278328792643604,27,0.896531207390823,0.555441864311195
"VPS4A",0.00869342576325428,0.00785127993920746,1.10726223374629,0.278720949477015,27,0.896531207390823,0.554830387223787
"GABARAP",2.79945009945063e-05,2.52944840688102e-05,1.10674330887126,0.278941000521485,27,0.896531207390823,0.554487645678266
"FBLN5",0.000195810854947595,0.000177032370056819,1.10607373603341,0.279225119302447,27,0.896531207390823,0.554045514832083
"URM1",0.00035129936749554,0.000317658065764412,1.10590413201117,0.279297120234416,27,0.896531207390823,0.553933542182096
"EIF3M",0.0218893119572886,0.0198076690342018,1.10509277590879,0.279641745424158,27,0.896531207390823,0.553397995823123
"CCPG1",0.0149067506438936,0.0134911602359828,1.10492725482092,0.279712088493115,27,0.896531207390823,0.553288764045323
"PSAT1",0.000176183710076592,0.000159529110164865,1.10439850065305,0.279936883648988,27,0.896531207390823,0.552939876418027
"TNC",0.00141081982836526,0.00127835322388101,1.10362285009309,0.280266880228577,27,0.896531207390823,0.552428220769205
"MANF",0.000319208107392381,0.000289268831196522,1.10349983464177,0.280319242272585,27,0.896531207390823,0.552347089446374
"GPR37",5.60938051566258e-05,5.08383040996121e-05,1.10337679728097,0.280371620693811,27,0.896531207390823,0.552265947908754
"TYMS",0.0234803416718614,0.0213065489834808,1.10202462585874,0.280947720319193,27,0.896531207390823,0.55137448752997
"LTF",0.0625785230298874,0.0568086630712887,1.10156655071002,0.281143078810393,27,0.896531207390823,0.551072603498889
"LEPR",0.00193958841497908,0.00176118456645838,1.10129764473207,0.281257806567571,27,0.896531207390823,0.550895414472876
"GALNT4",0.00251522871320068,0.00228409685428791,1.10119179424413,0.281302976538029,27,0.896531207390823,0.550825672430598
"LMAN2L",0.00347988210595881,0.00316047651307296,1.10106247952316,0.281358166575099,27,0.896531207390823,0.550740474691511
"FTL",7.40013685520406e-05,6.72487944626976e-05,1.10041182363631,0.28163597732005,27,0.896531207390823,0.550311867450578
"SCLY",0.00623757484129789,0.0056701482451358,1.10007262096699,0.281780885057358,27,0.896531207390823,0.550088471111959
"FN1",8.31031572163469e-05,7.55638732017402e-05,1.09977365763767,0.281908646985548,27,0.896531207390823,0.549891602806956
"MANSC4",0.022403831926142,0.0203746121709983,1.09959550337023,0.281984800999567,27,0.896531207390823,0.549774299552654
"SERPINB4",0.00148329991404316,0.00134926649258873,1.0993379900788,0.28209490406597,27,0.896531207390823,0.549604759133605
"DNER",0.0180115117167189,0.0163883546291164,1.09904332218432,0.282220930994029,27,0.896531207390823,0.549410779815867
"CD209 3",0.000530700119199386,0.000482907881199059,1.09896760823546,0.282253319739259,27,0.896531207390823,0.549360941392497
"VIL1",0.0530750483246634,0.0483153087964764,1.09851410757275,0.282447373218119,27,0.896531207390823,0.549062459880321
"CLSTN1",2.33282874437177e-05,2.12693985881065e-05,1.09680052057337,0.28318148535415,27,0.896531207390823,0.547935144595895
"SUOX",0.0055220765664347,0.00503641031266499,1.09643103393471,0.283339955472598,27,0.896531207390823,0.547692178682077
"PRTN3",0.0104450668015147,0.00952716244641858,1.09634603800013,0.283376418621854,27,0.896531207390823,0.547636292721267
"CCDC134",0.000352018990498058,0.000321416545879038,1.09521116759974,0.283863599694809,27,0.896531207390823,0.54689029421318
"TMEM234",0.062496945131925,0.0570736341643471,1.09502305306091,0.283944412241869,27,0.896531207390823,0.546766673402076
"HENMT1",0.00100486997317056,0.000918135413854124,1.09446815579452,0.284182888054893,27,0.896531207390823,0.546402076468633
"ADAMTSL2",3.36282321393894e-05,3.07317185036416e-05,1.09425159987081,0.284275995367499,27,0.896531207390823,0.54625981114873
"NXT2",0.0548000395674475,0.0500908184353017,1.09401365917445,0.284378322223921,27,0.896531207390823,0.546103512363336
"ADGRF2",0.018831628106071,0.0172142659105499,1.09395475845007,0.284403656676856,27,0.896531207390823,0.546064824030979
"KIAA1549L",7.31521614093497e-05,6.68894135722994e-05,1.09362838605665,0.284544065739682,27,0.896531207390823,0.545850467315837
"HLA-G",3.62619240670065e-05,3.31933272147056e-05,1.09244619656391,0.285053073416744,27,0.896531207390823,0.545074272110342
"PXDN",0.0381204154585618,0.034918193694247,1.09170639788399,0.285371935880279,27,0.896531207390823,0.544588738620169
"BDNF",0.00700794761945738,0.00641927650325547,1.0917036547504,0.285373118680959,27,0.896531207390823,0.544586938573706
"TNFRSF9",0.0386973530277071,0.0354507218448661,1.09158152539315,0.285425782707884,27,0.896531207390823,0.544506799329228
"GCLM",0.00441269853768246,0.00404430540324515,1.09108934605723,0.285638088530752,27,0.896531207390823,0.544183881854531
"UBL3",0.000297398363406642,0.000272610338213846,1.09092841216224,0.285707533321944,27,0.896531207390823,0.54407830831513
"CD2",0.0102464340375684,0.00939277170330854,1.09088502959773,0.285726255459247,27,0.896531207390823,0.544049850351731
"IL9",0.00300429755794868,0.00275449782664203,1.09068793915557,0.285811322694359,27,0.896531207390823,0.543920570204686
"RAB31",0.0107076386616494,0.00981735811881607,1.09068432994483,0.285812880653935,27,0.896531207390823,0.543918202868793
"ANKRD1",0.0459664336902544,0.0421565565256342,1.09037448687972,0.285946650867744,27,0.896531207390823,0.543714985734465
"PCBP3",0.00997610553375576,0.00914990540344817,1.09029602972685,0.285980530716607,27,0.896531207390823,0.543663532221151
"SLITRK3",2.69562310579991e-05,2.47287535110374e-05,1.09007641836729,0.286075379940044,27,0.896531207390823,0.543519516596239
"ST6GALNAC6",0.00892795686108623,0.00819046992771644,1.09004207815649,0.286090213371115,27,0.896531207390823,0.543496998369563
"MRPL14",0.0254069973109121,0.0233103454249811,1.08994512297892,0.28613209663528,27,0.896531207390823,0.543433422831785
"RBP4",0.000129632578155046,0.000119068458842839,1.08872307086927,0.286660382650671,27,0.896531207390823,0.542632323743713
"LIMK1",0.00375612548203369,0.00345011974583538,1.08869423635736,0.286672856074887,27,0.896531207390823,0.542613426743008
"CCL15 3",0.0565171719044448,0.0519201528838648,1.0885401672615,0.286739510894146,27,0.896531207390823,0.542512459892642
"PSME1",0.00356443929813054,0.00327706179870321,1.0876936466505,0.287105938655961,27,0.896531207390823,0.54195782422645
"GABARAPL2",2.52762674834612e-05,2.32457964452674e-05,1.08734787999089,0.28725570478704,27,0.896531207390823,0.541731337633829
"DDHD2",0.00694015193246392,0.00638326966348631,1.08724091231224,0.28730204832921,27,0.896531207390823,0.541661277680514
"FBLIM1",0.0100546001360725,0.00924857603914208,1.08715115640712,0.28734093903338,27,0.896531207390823,0.541602493292239
"NT5M",0.0634993845278704,0.0584166072603911,1.08700911445992,0.287402492672415,27,0.896531207390823,0.541509469503183
"PCDHGC3",0.00125403209761077,0.00115369475552351,1.08697044136404,0.28741925322825,27,0.896531207390823,0.541484143332186
"SLPI",0.000366013370691516,0.000336741431253506,1.08692705061283,0.287438059204429,27,0.896531207390823,0.541455728170693
"CCL23",0.00119175032978219,0.00109695888026476,1.08641294694159,0.28766094381153,27,0.896531207390823,0.541119098966663
"SH3GLB1",0.0272708182615058,0.0251160251557973,1.08579355580121,0.287929639017433,27,0.896531207390823,0.540713627240075
"BMPR2",0.00780764934829779,0.0071952127476707,1.08511723309715,0.288223236483946,27,0.896531207390823,0.540271009400033
"B3GALT5",0.00149579392432482,0.00137889547666133,1.08477687369497,0.288371070386267,27,0.896531207390823,0.540048310533054
"SUN5",0.0499152489489502,0.0460341610562826,1.08430886549496,0.288574436634686,27,0.896531207390823,0.539742143513546
"TNFSF8",0.00115471185686053,0.00106500084557069,1.08423562447199,0.288606271748717,27,0.896531207390823,0.539694235417632
"CCL23 2",0.0124559444993463,0.0114909489993161,1.08397874710676,0.288717946513137,27,0.896531207390823,0.539526219827687
"NPTN",5.71719353234963e-05,5.27650249833288e-05,1.08351953479715,0.288917661267281,27,0.896531207390823,0.539225909327547
"TRIL 2",0.000127083861510552,0.000117290043231872,1.08350084976368,0.288925789613842,27,0.896531207390823,0.539213691153046
"MXI1",0.0449363884623251,0.0415317004594038,1.08197805448032,0.289588784256768,27,0.896531207390823,0.538218262328897
"MAN1A2",3.12199587820447e-05,2.88600251324128e-05,1.08177171152153,0.28967870540841,27,0.896531207390823,0.538083429074917
"PWWP3A",0.0124300882351376,0.0114918646981089,1.08164241066839,0.289735062935619,27,0.896531207390823,0.537998944499316
"C3",2.36056407197389e-05,2.18291406924225e-05,1.08138204120573,0.289848572253339,27,0.896531207390823,0.537828834551528
"LY86",0.000169636855665794,0.000157051114877973,1.08013786338034,0.290391416034405,27,0.896531207390823,0.537016225520117
"POR",0.0131839942238018,0.0122064755056363,1.08008197925062,0.290415815704632,27,0.896531207390823,0.536979736159907
"VWC2 2",4.76645605852241e-05,4.41334417322365e-05,1.08001004939545,0.290447223281878,27,0.896531207390823,0.536932771086952
"CR1",0.000357612643282273,0.000331465130298528,1.0788846566159,0.290938932477711,27,0.896531207390823,0.536198159024892
"SENP7",0.100371917401838,0.093060294600534,1.07856866166919,0.291077104451947,27,0.896531207390823,0.535991953960825
"MSMP",8.5413803493028e-05,7.92064712465519e-05,1.07836900380468,0.291164430994536,27,0.896531207390823,0.535861680067446
"CSNK1A1L",0.00958474289500331,0.00889066647482678,1.07806798535765,0.291296126048268,27,0.896531207390823,0.535665291023029
"PDLIM3",0.00485700763135631,0.00450766231465399,1.07750032995298,0.291544589900787,27,0.896531207390823,0.535295013231223
"PRXL2A",0.00837498190659501,0.00777274486088241,1.07748061418347,0.2915532222454,27,0.896531207390823,0.535282154395009
"NAGS",0.0488849080874826,0.0453946813499449,1.07688624820674,0.291813544775398,27,0.896531207390823,0.534894553824702
"IL31",0.027456741728722,0.0254970954759123,1.07685762696622,0.291826084588863,27,0.896531207390823,0.53487589172049
"TTC17",0.0690457179522836,0.064123170359026,1.07676706509825,0.291865764957095,27,0.896531207390823,0.53481684356005
"DBNDD1",0.0129864667828281,0.0120648543346547,1.07638819521642,0.29203181136714,27,0.896531207390823,0.534569837768314
"ADM",0.0116183819572997,0.0108046703422805,1.07531110059277,0.292504234838505,27,0.896531207390823,0.533867841876908
"IGSF9B",0.00439352924700156,0.00408917336532356,1.07442968406744,0.292891237004393,27,0.896531207390823,0.53329362175496
"C4A|C4B 2",1.07714421896651e-05,1.0026116284306e-05,1.07433844613649,0.292931317516258,27,0.896531207390823,0.533234195073527
"MAP1LC3B",0.000103545025456752,9.63861380736922e-05,1.07427299740536,0.292960071326381,27,0.896531207390823,0.533191567305589
"DHRS4",0.036707172867209,0.0341813673303856,1.07389422173811,0.293126519583183,27,0.896531207390823,0.532944888529736
"KRTAP2-4",0.0157883945523759,0.0147024854295636,1.0738588810725,0.293142053032824,27,0.896531207390823,0.532921874874285
"CBR4",0.0233172158872891,0.0217223393866283,1.0734210285676,0.293334553024233,27,0.896531207390823,0.532636776760655
"VIP",0.0421001557100463,0.0392323373025155,1.07309833175162,0.293476482894212,27,0.896531207390823,0.532426694274886
"ETV4",0.0149803024998945,0.0139648368341796,1.07271589906654,0.293644749325047,27,0.896531207390823,0.532177760390736
"GSTM1",0.00882644706999748,0.00822958356932478,1.07252657387155,0.293728075858371,27,0.896531207390823,0.53205453966172
"DUSP23",0.0692127896317368,0.0645356287396314,1.072474088863,0.2937511787408,27,0.896531207390823,0.532020382015193
"CACYBP",0.00167135674261189,0.0015594553780248,1.07175669542326,0.294067091041723,27,0.896531207390823,0.531553574536357
"MRAP2",0.014445250755274,0.0134807183342664,1.07154903745417,0.294158580661274,27,0.896531207390823,0.531418478639819
"MB21D2",0.000517792172547605,0.000483296381473118,1.07137605907444,0.294234806657792,27,0.896531207390823,0.531305953480413
"SFTPD",0.000315511905115237,0.000294523397100765,1.0712626168959,0.294284804596828,27,0.896531207390823,0.531232162127782
"GP5",0.000939807330961831,0.000877406006600244,1.07112023839839,0.294347564335046,27,0.896531207390823,0.531139553533571
"AOC2",0.0518794678873983,0.0484554079864783,1.07066414345073,0.294548672816154,27,0.896531207390823,0.530842929777146
"PRLR 2",0.0219827072763826,0.0205465567906902,1.06989737990276,0.29488698627799,27,0.896531207390823,0.530344392969959
"MPC1",0.0456367160252789,0.0426658127826526,1.06963193828653,0.295004169473714,27,0.896531207390823,0.53017184582987
"AP1AR",0.00013728730043204,0.000128383090249987,1.06935656529777,0.295125771996175,27,0.896531207390823,0.529992863875131
"LPL",0.000383413468253817,0.000358712720114735,1.06885941522002,0.29534539971492,27,0.896531207390823,0.529669789302509
"PDK2",0.0483983848202645,0.0452883137444137,1.06867270646027,0.295427912681438,27,0.896531207390823,0.52954847398401
"CLCA2",0.0220572199398855,0.0206411221832151,1.06860565739115,0.295457547947328,27,0.896531207390823,0.529504910778231
"IGLON5",2.54955556297115e-05,2.38598039628274e-05,1.06855679407226,0.295479146556603,27,0.896531207390823,0.529473164038126
"POLM",0.0404931888879288,0.0379075705161196,1.06820849599712,0.295633134085736,27,0.896531207390823,0.529246892522926
"FLT1",0.00626594910005552,0.00587058999566186,1.06734571903094,0.2960148255018,27,0.896531207390823,0.528686537345165
"GNMT",0.0125479539302742,0.0117608920423543,1.06692195499164,0.296202426252159,27,0.896531207390823,0.528411388408973
"SLAMF8",0.0154450183124584,0.0144879617032894,1.06605874786042,0.296584829922403,27,0.896531207390823,0.527851066556053
"ARNT",0.0038669062170802,0.00362833867877894,1.06575117689442,0.296721169520267,27,0.896531207390823,0.52765146791348
"CPNE7",0.0139202675665027,0.0130651871954488,1.06544723456789,0.296855944302749,27,0.896531207390823,0.527454250251362
"CHAC1",0.0333856718426973,0.0313377318974063,1.06535061158847,0.296898798175919,27,0.896531207390823,0.527391560391908
"PADI4",0.0338259014929338,0.0317568410281348,1.06515322046566,0.296986358011292,27,0.896531207390823,0.527263499425177
"PGM1",0.0246315795086589,0.0231301421047203,1.06491258882634,0.297093123486811,27,0.896531207390823,0.527107400253873
"ZNF483",0.00716726614249799,0.00673175739249734,1.06469465915186,0.297189839853852,27,0.896531207390823,0.526966042054236
"EFNA5",3.62761981526763e-05,3.40901218576757e-05,1.06412638547106,0.297442142596874,27,0.896531207390823,0.526597499160908
"DSCAML1",0.000980869686902295,0.000921987145232528,1.06386481847848,0.297558324413289,27,0.896531207390823,0.526427895521228
"NONO",0.0693342317855111,0.0651762897478157,1.06379531657576,0.297589200909826,27,0.896531207390823,0.526382832771211
"EEF1B2",0.0701045978305292,0.0659155189260023,1.0635522403947,0.297697206333799,27,0.896531207390823,0.526225240863884
"DNER 2",7.85512785348704e-05,7.388870251306e-05,1.06310269179495,0.2978970263369,27,0.896531207390823,0.525933831970995
"CHST5",0.0111791274079052,0.0105161217552236,1.06304659342235,0.297921968190788,27,0.896531207390823,0.525897471567524
"CNMD",0.0151636321592301,0.0142680785771669,1.06276623563711,0.298046640029684,27,0.896531207390823,0.525715769740534
"FBLN7",2.03753502947702e-05,1.91728689256475e-05,1.0627178631318,0.298068154458307,27,0.896531207390823,0.525684421423994
"C1QTNF4 3",3.67526672891448e-05,3.46125450453328e-05,1.06183082581789,0.298462873321483,27,0.896981402129135,0.525109684348416
"BLVRA",0.011463712400444,0.0108069580320281,1.06077143692698,0.298934771168663,27,0.897147169472146,0.524423566230713
"BEX5",0.0399599380377402,0.0376862576949889,1.06033181541009,0.299130752722512,27,0.897147169472146,0.524138936179195
"TKT",1.17416638666976e-05,1.10792360368491e-05,1.05979002772802,0.299372404654095,27,0.897270213778567,0.523788234249431
"HAVCR2",0.0063349534182945,0.00597836330408221,1.05964677890499,0.299436320585723,27,0.897270213778567,0.523695522385535
"OLFM3 2",0.027102930679727,0.0255829053958952,1.05941566293232,0.299539462160199,27,0.897270213778567,0.523545954344947
"CXCL5",0.0449392919637488,0.0424556476979892,1.0584997379719,0.299948464972182,27,0.898127898593596,0.522953356283008
"SPA17",0.0472906995876767,0.0447167215700644,1.05756186784801,0.300367676512861,27,0.898298137697992,0.522346804914889
"ID1 2",0.0422952313545637,0.040000854383658,1.05735819912494,0.300458767596646,27,0.898298137697992,0.522215118449589
"GLO1",0.000270926633100936,0.00025637030654317,1.05677851992315,0.300718136723397,27,0.898298137697992,0.521840378213551
"SMCO2",0.0170382736399495,0.0161379242593427,1.05579090384475,0.301160395777532,27,0.898324175701469,0.521202140791948
"CHST15 2",4.10795001958644e-05,3.89195355242059e-05,1.05549821298137,0.301291552339638,27,0.898324175701469,0.521013044973548
"ACBD6 2",1.86315253512901e-05,1.76759227251897e-05,1.05406238989372,0.301935537919015,27,0.898324175701469,0.520085767355167
"ADGRB1",4.6726552083182e-05,4.43309675141943e-05,1.0540386258933,0.301946204556007,27,0.898324175701469,0.520070425074517
"EFNA2",4.39297513658073e-05,4.16810405330325e-05,1.05395044854969,0.301985785895519,27,0.898324175701469,0.520013498276025
"MSR1",0.0536724188642135,0.0509399868026993,1.0536402192662,0.302125071763603,27,0.898324175701469,0.519813233426551
"GFPT2",0.0445198337150324,0.042260611435346,1.05345928993817,0.302206325836455,27,0.898324175701469,0.519696449172663
"BMP7",0.00588589903768266,0.00558813019889702,1.05328595222145,0.302284185037075,27,0.898324175701469,0.519584573731202
"NXPH1",0.000535215405069928,0.000508273049335755,1.05300764179683,0.302409225107015,27,0.898324175701469,0.519404964652437
"SYT12",0.0230376822060312,0.0218834346978783,1.05274526252795,0.302527141006853,27,0.898324175701469,0.519235656843731
"NHLRC3",0.021855825538839,0.0207668212063939,1.05243962576756,0.302664538164631,27,0.898324175701469,0.519038460383398
"NUDT21",0.00233857049207266,0.00222419362144391,1.05142397205262,0.303121435362707,27,0.898324175701469,0.51838335122532
"LILRA6",0.0113535700626644,0.0108019201370892,1.05106961712123,0.303280958206848,27,0.898324175701469,0.518154856439413
"NTN4",0.000437495560183634,0.000416331798811283,1.05083388161264,0.303387113963701,27,0.898324175701469,0.518002869341331
"SCN2B",0.0003548708524643,0.000337764051818789,1.05064719159246,0.303471202279943,27,0.898324175701469,0.517882514751165
"SPOCK1",0.000103252722201614,9.83966996746562e-05,1.04935147767165,0.304055266309163,27,0.898324175701469,0.517047470102971
"OBP2B",0.000103421642739736,9.8627527818638e-05,1.0486082843921,0.304390629933223,27,0.898324175701469,0.516568720597027
"VOPP1",0.0193981660870849,0.0185067620072198,1.04816639882856,0.304590152868777,27,0.898324175701469,0.516284141130905
"COLGALT2",0.00804885610778018,0.00768088400849067,1.0479075193536,0.304707086526123,27,0.898324175701469,0.516117445339509
"GABARAPL1",4.09194459739467e-05,3.90493867945821e-05,1.04788959143461,0.304715185584871,27,0.898324175701469,0.516105902024852
"GSTM3",0.0126749931918634,0.0121134162845218,1.04635991153537,0.305406787120162,27,0.898324175701469,0.515121315753463
"COMT",0.00843100836049713,0.00806201604618335,1.04576923590824,0.305674139808517,27,0.898324175701469,0.514741301259257
"VSNL1 2",0.000517549972274006,0.000495007476445529,1.04553970778451,0.305778073658047,27,0.898324175701469,0.51459365963895
"CLINT1",0.00263268646730233,0.00252138607187587,1.04414254392373,0.306411267031385,27,0.898324175701469,0.513695269327968
"GSR",6.83395699599246e-05,6.54528962360035e-05,1.04410307090939,0.306429169544749,27,0.898324175701469,0.513669895797423
"RRBP1",0.0583324973736146,0.0558936381872288,1.04363393161519,0.306641998361406,27,0.898324175701469,0.513368363482038
"NEGR1",3.0484879669203e-05,2.9228416741542e-05,1.04298771769855,0.306935328587846,27,0.898324175701469,0.512953120927179
"SPINK13",0.0658643196716083,0.0632533142870152,1.04127855455519,0.307712104174609,27,0.898324175701469,0.511855419992876
"DPP4",0.0160853763238302,0.0154725459897537,1.03960759492861,0.308472850431882,27,0.898324175701469,0.510783053434564
"TREML2",0.00654788626301678,0.00630543690691186,1.03845084166002,0.309000263691268,27,0.898324175701469,0.510041149961528
"HOXA11",0.032367623079053,0.0311821867057957,1.03801646062997,0.309198479792847,27,0.898324175701469,0.509762650003393
"LRRC32",0.00510715253789401,0.00492247647413465,1.03751690124468,0.309426548177305,27,0.898324175701469,0.509442427442468
"RPE",0.030137090167802,0.0290700001307331,1.03670760344926,0.309796274452224,27,0.898324175701469,0.508923809283624
"MGAT2",0.000300440937516526,0.000290237557012309,1.03515527283667,0.310506320016473,27,0.898324175701469,0.507929555808347
"QPCT",0.00098944970709151,0.000955916398424814,1.035079750407,0.310540893486415,27,0.898324175701469,0.507881201780166
"None 12",0.00559967945551235,0.00541147189158443,1.03477936644568,0.310678433166979,27,0.898324175701469,0.507688893773236
"PFN2",0.00693774435134955,0.00670573541659795,1.03459858171221,0.310761231358685,27,0.898324175701469,0.50757316637431
"HIBCH",0.00583920056550592,0.00564597336157676,1.03422389578459,0.310932884174118,27,0.898324175701469,0.507333344665925
"CNTN4",3.11799449039785e-05,3.0157891419341e-05,1.03389008437049,0.311085867261529,27,0.898324175701469,0.507119718591556
"EMC4",0.000236569214814055,0.000228912617876708,1.03344768413539,0.311288696886482,27,0.898324175701469,0.506836648572065
"TMPRSS11D",0.0526307729332589,0.0509681468343253,1.03262088583166,0.311668011583781,27,0.898324175701469,0.506307769765366
"RIPK2 2",0.0037659492871866,0.00364757059408591,1.0324541198168,0.311744558887221,27,0.898324175701469,0.506201117852233
"SSPN",0.00409486266085362,0.00397051540689326,1.03131766061013,0.312266555366607,27,0.898324175701469,0.505474527449368
"SULT2B1",0.0228586641446276,0.0221782564234021,1.03067904474707,0.31256015128942,27,0.898324175701469,0.505066391570371
"LRRC4C",0.000318431663660925,0.000309174295674077,1.02994223037418,0.312899132400351,27,0.898324175701469,0.50459564105407
"IL23R",0.00579889811689939,0.00563180551410523,1.02966945544829,0.313024691197179,27,0.898324175701469,0.504421404217917
"NUP210L",0.0336871061931941,0.0327264901275153,1.0293528594706,0.313170465026874,27,0.898324175701469,0.504219202810395
"RRAS2",0.0225425807473726,0.0219051733425372,1.02909848714128,0.313287622870857,27,0.898324175701469,0.504056762555477
"CXCL11 2",0.0030756067860038,0.00299034763681855,1.02851145068737,0.313558114706973,27,0.898324175701469,0.503681955447207
"SORD",0.011090314239256,0.010783860880723,1.02841777744748,0.313601292092309,27,0.898324175701469,0.5036221566145
"HS3ST1",0.0118143138946611,0.0114888527283147,1.02832843052678,0.313642479187996,27,0.898324175701469,0.503565121920088
"VAV3",0.0430356736220518,0.0418544118965881,1.02822311130263,0.313691034036472,27,0.898324175701469,0.503497894193973
"CAPN2",0.00528466807679551,0.00513965384672918,1.02821478535147,0.313694872736097,27,0.898324175701469,0.503492579678468
"LACC1",0.0123901011956816,0.0120576876171873,1.02756860096628,0.313992897618121,27,0.898324175701469,0.503080175366732
"CELA1",0.00652716236642886,0.00635752325677523,1.02668320709214,0.314401568386657,27,0.898324175701469,0.502515296156893
"PRG3",0.0455918141145218,0.0444371861891421,1.02598337168481,0.314724853470214,27,0.898324175701469,0.502068959982317
"PCSK9",2.9868893124127e-05,2.91182032613799e-05,1.02578077555159,0.314818484882628,27,0.898324175701469,0.501939775528866
"SPTLC2",0.022425726568539,0.02187360272724,1.02524155934364,0.315067782571703,27,0.898324175701469,0.501596003575217
"PROCR",0.000484600164331477,0.000472685772265609,1.02520573447507,0.315084350480825,27,0.898324175701469,0.501573166704143
"CRH",0.00563591139466047,0.00549924467287506,1.02485190783736,0.315248017130345,27,0.898324175701469,0.501347636402963
"PCDHGA12",0.000388477304228337,0.000379547578056634,1.02352729061644,0.315861260401422,27,0.898324175701469,0.500503635967553
"DIRAS3",0.0234241134117146,0.022906165972889,1.02261170374119,0.316285624842484,27,0.898324175701469,0.499920546286796
"OLAH",0.0241385599222065,0.0236156329743535,1.02214325351435,0.31650289981624,27,0.898324175701469,0.499622306599478
"RGS14",0.0363274892362364,0.0355819155915516,1.02095372416829,0.317055090050192,27,0.898324175701469,0.498865270191997
"AMPH",0.000802603067217357,0.000786287574733103,1.02075003218739,0.317149712879357,27,0.898324175701469,0.498735677439992
"SCARA5",0.0201254523179559,0.0197215530520922,1.02048009428045,0.31727513977816,27,0.898324175701469,0.498563955886166
"RGN",0.0190716384423379,0.018690617350035,1.02038568791855,0.317319013924698,27,0.898324175701469,0.498503903962716
"DCK",0.0162328141753657,0.0159107721815615,1.02024050059477,0.31738649610765,27,0.898324175701469,0.498411555182597
"COLEC11",0.00130781098428087,0.00128229965627805,1.01989498154969,0.317547131393536,27,0.898324175701469,0.498191806167184
"BMP1",0.0163017912854165,0.0159903700125743,1.01947555138482,0.317742204665334,27,0.898324175701469,0.497925095415523
"RPN2",0.0101665424917808,0.00997438754383153,1.01926483677367,0.317840237611068,27,0.898324175701469,0.497791123282617
"SORBS3",0.060277223606921,0.0591470146780062,1.01910846954944,0.317912999548491,27,0.898324175701469,0.497691713303379
"TXNDC12 2",0.00458245463805789,0.0044979017737975,1.01879829051692,0.318057368583428,27,0.898324175701469,0.497494538468042
"SELENOH",0.0440735114370292,0.0432703992028959,1.01856031487871,0.318168162320022,27,0.898324175701469,0.497343280442133
"DSCAM",0.000670009989910853,0.00065780813028512,1.0185492684933,0.318173305810056,27,0.898324175701469,0.497336259716779
"IL12RB2",0.0119116318314569,0.0117099285360526,1.0172249809026,0.318790347992542,27,0.898324175701469,0.496494836200127
"HLA-E",0.00047371893207341,0.000465704454374763,1.0172093644872,0.318797629303102,27,0.898324175701469,0.496484916838062
"nodH",0.00918933224158999,0.0090376985063231,1.0167779147712,0.318998842749035,27,0.898324175701469,0.496210892455734
"RELT 2",0.00024248726672578,0.000238640254661611,1.0161205496098,0.319305584979323,27,0.898324175701469,0.49579348514208
"UNC5B 3",5.39872089799031e-05,5.31439083419267e-05,1.01586824650815,0.319423369972164,27,0.898324175701469,0.49563331274775
"ECI1",0.00428094680061284,0.00421764903864171,1.0150078305215,0.319825272710644,27,0.898324175701469,0.495087221124156
"CXCL8",0.000204674840840726,0.000201660533544094,1.0149474329144,0.319853497777513,27,0.898324175701469,0.495048895666547
"OPHN1",0.0203255561755169,0.0200284805576821,1.01483265877205,0.3199071389009,27,0.898324175701469,0.494976068291403
"VWA2",0.00996372931849501,0.00981981431652591,1.01465557263409,0.319989914554182,27,0.898324175701469,0.494863709562879
"SSR1",0.0442287473609676,0.0436096298396655,1.01419680753032,0.320204424955492,27,0.898324175701469,0.494572670791253
"EFNA4",0.00399289085154622,0.00393704543653137,1.01418460008022,0.320210134304026,27,0.898324175701469,0.494564927249112
"SERPINE2",7.62905229405401e-06,7.52381509606382e-06,1.01398721215853,0.320302461209313,27,0.898324175701469,0.494439724197506
"ALDOC",1.50096731812063e-05,1.48028735618511e-05,1.01397023479875,0.320310403120156,27,0.898324175701469,0.494428955983981
"UBE2N|UBE2V1",0.000958825790659815,0.000945804491948769,1.01376743166467,0.32040528381453,27,0.898324175701469,0.494300330563541
"EWSR1",0.0082354997652576,0.00812534792295472,1.01355656931215,0.320503955649678,27,0.898324175701469,0.494166606063335
"ADI1",0.0232025184442055,0.0229010703611359,1.0131630564998,0.320688154072729,27,0.898324175701469,0.493917082216444
"MAP3K11",0.010414422078046,0.0102793530635085,1.01313983610671,0.320699025540834,27,0.898324175701469,0.493902359693891
"ST3GAL6",0.000140086672259664,0.000138345124151082,1.01258843142661,0.320957260687607,27,0.898324175701469,0.493552795269014
"MAGEA10",0.00344952564594815,0.00340689199924661,1.01251394136092,0.320992157098592,27,0.898324175701469,0.493505578717916
"ASPRV1",0.00110009841442535,0.00108711648571451,1.01194161700372,0.321260361989608,27,0.898324175701469,0.493142855622258
"COL2A1",0.000500629657116882,0.000494858979505577,1.01166125674242,0.321391802164575,27,0.898324175701469,0.49296520510875
"DDAH1",0.000211488556161675,0.000209089476304613,1.01147393881062,0.321479642437254,27,0.898324175701469,0.492846523383901
"RAB22A",0.00716908047427609,0.00708929238852276,1.01125473197896,0.321582457705981,27,0.898324175701469,0.492707650002203
"RCAN3",0.00245634991854696,0.002430722009936,1.01054333177805,0.32191628486524,27,0.898324175701469,0.492257052987509
"ARF4",0.0191569773884188,0.0189589615953841,1.01044444296374,0.321962707794335,27,0.898324175701469,0.492194428729832
"KLK8 2",0.00234954167856441,0.00232531468598972,1.01041880168764,0.321974745738003,27,0.898324175701469,0.492178191089109
"KIAA0040",0.0065337016283774,0.00646687386928291,1.0103338584369,0.322014626715304,27,0.898324175701469,0.492124401107045
"POSTN 2",0.00113325159122783,0.00112197386103106,1.01005168711008,0.322147131105991,27,0.898324175701469,0.491945731927087
"CCL19",0.00204263484400766,0.00202244225824677,1.00998425822965,0.322178800515061,27,0.898324175701469,0.491903039715148
"ERLEC1",0.00138799060129966,0.00137654218570252,1.0083167924064,0.322962646997463,27,0.898324175701469,0.490847704111487
"CADM3",6.89330390110406e-05,6.83847468901668e-05,1.00801775462815,0.323103358809441,27,0.898324175701469,0.490658527266094
"EPHA7 2",0.00116689987805625,0.0011576550502114,1.00798582258434,0.323118386893638,27,0.898324175701469,0.490638327964276
"CDH7",0.00061450816461991,0.000609703577285478,1.00788020197589,0.323168098255013,27,0.898324175701469,0.490571517438382
"PGK1",0.0142776228411923,0.0141722027769748,1.00743850944532,0.323376042425119,27,0.898324175701469,0.490292158294736
"BMP6",0.00395032626975553,0.00392135616441749,1.00738777711673,0.323399932590837,27,0.898324175701469,0.490260074953522
"APOL1 3",0.00255395166731708,0.00253540458208066,1.00731523693201,0.323434094330076,27,0.898324175701469,0.490214201501477
"GAD1",0.0105348077485705,0.0104586071441853,1.00728592281311,0.323447900093531,27,0.898324175701469,0.490195664065161
"ELAVL2",0.00406493537627843,0.00403650447545277,1.00704344588209,0.323562112536761,27,0.898324175701469,0.49004233773819
"PSENEN",0.0173552044909762,0.0172428095573752,1.00651836542223,0.323809533559386,27,0.898324175701469,0.489710368951133
"C17orf78 2",0.029434997092815,0.0292541767554357,1.00618100925864,0.323968566760004,27,0.898324175701469,0.489497125425854
"XPNPEP1",0.00248972888465382,0.0024748181982047,1.00602496234266,0.324042147151868,27,0.898324175701469,0.48939849879017
"CXCL6",0.00722923934642666,0.00719504162285497,1.00475295701738,0.324642363167729,27,0.898324175701469,0.488594808941307
"PTRH2",0.0227247746374078,0.0226287614432261,1.00424297168993,0.324883223370994,27,0.898324175701469,0.488272714587672
"KLK3",0.0268803910542115,0.0267794457197228,1.00376950798554,0.325106945245646,27,0.898324175701469,0.48797375259049
"CCDC50",0.00667655157655681,0.00665620691780189,1.00305649433772,0.325444060281698,27,0.898324175701469,0.487523650410077
"CD82",0.0362102056230485,0.0361197968770245,1.00250302476317,0.325705908625394,27,0.898324175701469,0.487174362834794
"RALA",0.00279889395349764,0.00279197340522781,1.00247873001114,0.325717405884392,27,0.898324175701469,0.487159032722932
"AGR3 2",0.0247550225907417,0.0246965021154071,1.00236958558184,0.325769060895585,27,0.898324175701469,0.487090164104734
"CABP2",0.0338919535573333,0.0338264426001582,1.00193667888608,0.325973999201802,27,0.898324175701469,0.486817039360021
"KLK3 2",0.0191610008590175,0.019138936869824,1.00115283253942,0.326345298769834,27,0.898324175701469,0.486322639235893
"RABGAP1L",0.0147099838709514,0.014694968054258,1.00102183391198,0.326407379833204,27,0.898324175701469,0.486240030725144
"ENO1",1.45593982316101e-05,1.4552808508255e-05,1.00045281454445,0.326677136126846,27,0.898324175701469,0.485881260386583
"NTRK2",4.08745501643198e-05,4.08601578087821e-05,1.00035223445795,0.326724834330093,27,0.898324175701469,0.485817853579012
"EPS8L3",0.0480019409607104,0.048042797967569,0.999149570620634,0.327295546699446,27,0.898324175701469,0.485059903818224
"PLXNA1",0.000698839151708797,0.000699440969930751,0.999139572533171,0.327300294070249,27,0.898324175701469,0.485053604490257
"ZWINT",0.0106876785002683,0.0106990592273768,0.99893628711959,0.327396829940413,27,0.898324175701469,0.48492553001281
"LST1",0.0118960910660793,0.0119152696493222,0.998390419704518,0.327656147647301,27,0.898324175701469,0.484581679182732
"PEAR1",0.000350426859598201,0.000351029222328822,0.998284009728237,0.327706714833991,27,0.898324175701469,0.484514659668976
"VIT",0.00257760731493357,0.00258330441962982,0.997794644466614,0.327939335737266,27,0.898324175701469,0.48420648735918
"PDE11A",0.0084624726196245,0.00848154619564714,0.997751167583993,0.327960008069623,27,0.898324175701469,0.484179111573677
"LRIG1",4.13002636082959e-05,4.14316055264925e-05,0.996829910004027,0.328398257307193,27,0.898324175701469,0.483599156192907
"MADCAM1",0.00620449392993478,0.00622464304337795,0.996763009010675,0.328430098303641,27,0.898324175701469,0.483557049700554
"IRAG1",0.0155952138909045,0.0156472498299956,0.996674435465883,0.328472257446217,27,0.898324175701469,0.483501304785506
"RPN1",0.00238469327694562,0.00239291901612367,0.996562466542903,0.328525557624034,27,0.898324175701469,0.48343083887944
"RBL1",0.0629513081875636,0.0631705675680212,0.996529089591898,0.328541447089234,27,0.898324175701469,0.483409834303017
"PSMG4",0.035011597541475,0.0351340232881711,0.996515464634037,0.328547933552461,27,0.898324175701469,0.483401260019915
"PSPH",0.0177170019255274,0.0177827494889217,0.996302733531997,0.328649220334801,27,0.898324175701469,0.483267393673269
"FSTL3",3.96409885740666e-05,3.97918656304837e-05,0.996208344242562,0.328694168396256,27,0.898324175701469,0.483208000986198
"POFUT1",0.000891577198005236,0.000894980639033063,0.996197190330839,0.32869948015438,27,0.898324175701469,0.483200982764323
"C11orf87",0.00524503830071477,0.00526592301561311,0.996033987804907,0.328777207831804,27,0.898324175701469,0.483098297141637
"PAIP1",0.0363645724180611,0.0365114875040914,0.995976195546296,0.328804735301682,27,0.898324175701469,0.483061936568174
"SEMA6D",3.90528853189188e-05,3.9243170753173e-05,0.995151119784609,0.329197906253768,27,0.898324175701469,0.482542935626617
"PIN4",0.00330005665594519,0.00331741143840891,0.994768577010743,0.329380307869334,27,0.898324175701469,0.482302368855785
"PTPRD",2.86861147060148e-05,2.88587281853377e-05,0.994018673372772,0.329738073681577,27,0.898324175701469,0.481830903523671
"UBQLN4",0.000472018021229623,0.000474910456311002,0.993909514850763,0.329790173542382,27,0.898324175701469,0.481762288776091
"GHRL 3",0.013767326703521,0.0138555729618495,0.993630991762557,0.329923134405383,27,0.898324175701469,0.481587230400895
"CCN5",8.75755535370342e-05,8.82363767491137e-05,0.992510762154724,0.330458279514798,27,0.898324175701469,0.480883362563277
"ZG16B",4.11711346813945e-05,4.14964941018832e-05,0.992159351590285,0.330626274661131,27,0.898324175701469,0.480662636285076
"SKIL",0.00977097834481259,0.00985115335478857,0.991861358047277,0.33076877922427,27,0.898324175701469,0.480475489598656
"CYP2C19",0.0508315693828227,0.051277925768979,0.991295350202595,0.331039567939069,27,0.898324175701469,0.4801200935035
"EMG1",0.0201282875175583,0.0203140236805844,0.990856751673298,0.331249506241352,27,0.898324175701469,0.479844760411562
"TADA2A",0.0113358509985562,0.0114537783305456,0.989704067200696,0.331801682233335,27,0.898324175701469,0.479121416434616
"LOXL3",6.93313243800698e-05,7.00728962957182e-05,0.98941713622741,0.331939230209206,27,0.898324175701469,0.478941417502343
"TRMT112",0.0118519741781597,0.0119943542399343,0.988129409976852,0.332557017303622,27,0.898324175701469,0.478133883661774
"FAF2",0.00158282988950959,0.00160271715006568,0.987591534441826,0.332815296374658,27,0.898324175701469,0.477796721508586
"TNFRSF1B 2",3.55846589512796e-05,3.60509670759635e-05,0.987065308852843,0.333068114265695,27,0.898324175701469,0.477466941794825
"SCAND1",0.0448775617250161,0.045468954719261,0.986993477244059,0.333102634979041,27,0.898324175701469,0.477421931847006
"VAPA",0.000144084078568232,0.000146068590267343,0.98641383684556,0.333381287234451,27,0.898324175701469,0.477058780869428
"CD48",0.00321973623015356,0.00326668800427596,0.985627101804352,0.333759751930642,27,0.898324175701469,0.476566036045969
"TFB2M",0.0606838296074141,0.061577917218652,0.985480385637871,0.333830363340497,27,0.898324175701469,0.476474164866116
"L1CAM",9.93118765731317e-05,0.000100809733115701,0.98514174677112,0.333993382139036,27,0.898324175701469,0.476262138365001
"F3",0.032877217937614,0.0334121952360566,0.983988561821125,0.334548927194102,27,0.898324175701469,0.475540358444627
"NECTIN2",0.0184349375341647,0.0187362377077004,0.983918854028422,0.334582529055231,27,0.898324175701469,0.475496740399934
"ELANE",0.000224941249295692,0.000228825383079011,0.983025773928332,0.335013232486982,27,0.898324175701469,0.474938038686791
"CAT",0.000812881870233697,0.000826918281108849,0.98302563724153,0.335013298435563,27,0.898324175701469,0.474937953194341
"BIN3",0.0187570443484162,0.0190872158300669,0.982701956922883,0.335169492445088,27,0.898324175701469,0.474735518280778
"TAT",0.0111431635665298,0.0113395043647423,0.982685239857309,0.335177560723303,27,0.898324175701469,0.474725063968521
"UNC5D 3",0.000851851437921497,0.000866875216010489,0.982669041851105,0.335185378610743,27,0.898324175701469,0.474714934335225
"FEN1",0.0265009868419557,0.0269698706659543,0.982614531978808,0.335211688445755,27,0.898324175701469,0.474680846429019
"PCLAF",0.000424463855420994,0.000432317928630447,0.981832645168489,0.335589230659075,27,0.898324175701469,0.474191984495251
"INHBA",0.00106837762416598,0.00108883163262431,0.981214718744864,0.335887808288652,27,0.898324175701469,0.473805759448168
"TBX3",0.0463331330821612,0.0472386353769898,0.98083131979571,0.336073155085581,27,0.898324175701469,0.473566176801039
"GPT2",0.0425554284884329,0.0433876624032156,0.980818650540596,0.336079280983218,27,0.898324175701469,0.473558260610015
"TALDO1",0.001468626904629,0.00149804668094507,0.98036124194908,0.336300500391401,27,0.898324175701469,0.473272486485356
"MPP5",0.0690860672564763,0.0704971436770958,0.979983920666592,0.33648306146432,27,0.898324175701469,0.473036793246044
"ITGB2",0.00840927011320057,0.00858415888573228,0.979626568559629,0.33665602310772,27,0.898324175701469,0.472813611170647
"NKIRAS2",0.0468692751470234,0.0478500325855039,0.979503515766097,0.336715595808701,27,0.898324175701469,0.472736767731902
"XCL2",0.000116932658905709,0.000119394936607863,0.979377034134699,0.336776835984719,27,0.898324175701469,0.472657787570186
"TGFBR3",1.39036674403055e-05,1.42016671985058e-05,0.97901656516556,0.336951410390603,27,0.898324175701469,0.472432721445196
"CRYGC",0.0411798052437099,0.0420923068578835,0.978321415900191,0.337288244072371,27,0.898324175701469,0.471998795553973
"HSD17B7",0.0449776523136388,0.0459806570185818,0.978186377272997,0.337353703490116,27,0.898324175701469,0.471914517770455
"CDA",0.00187082026648157,0.00191317605319673,0.977861009370051,0.337511459816818,27,0.898324175701469,0.47171147660862
"CD300C",0.00199963905959454,0.00204581677547621,0.977428225032066,0.33772137549011,27,0.898324175701469,0.47144145057687
"UROS",0.0343996237609499,0.0352285221057522,0.976470816961495,0.338186068295157,27,0.898324175701469,0.470844287297593
"AMIGO2",0.00200919297761327,0.00205828013416951,0.976151372332007,0.338341212558728,27,0.898324175701469,0.470645098585901
"BAMBI",0.00375119203975407,0.00384804030803647,0.97483179475014,0.338982603807624,27,0.898324175701469,0.469822588711993
"PPP2R3A",0.0541917885204709,0.0555925769821464,0.974802598877088,0.33899680404855,27,0.898324175701469,0.469804396164534
"NPNT",0.00164846801322477,0.00169292468768518,0.973739721096988,0.339514040503614,27,0.898324175701469,0.46914226089112
"CTNNBIP1",0.00235950783875699,0.00242356429137247,0.973569319847009,0.339597014101286,27,0.898324175701469,0.469036136935258
"ASPN",0.000300380952906271,0.000308635117437939,0.973255912677119,0.339749657685719,27,0.898324175701469,0.468840972168031
"HK1",0.00735973466416171,0.00756250972321218,0.97318680352528,0.339783323273475,27,0.898324175701469,0.468797940322884
"GDI2",2.86777731656254e-05,2.94838698839659e-05,0.972659738307319,0.340040150596472,27,0.898324175701469,0.468469800154817
"GPX3",5.10013642110086e-05,5.24537033015767e-05,0.972311981821037,0.340209676969385,27,0.898324175701469,0.468253337417646
"DUSP19",0.0207813789076496,0.0213990142490426,0.971137205938324,0.340782788473901,27,0.898324175701469,0.467522347765576
"NDRG4",0.000341172534053361,0.000351381685314491,0.970945693279398,0.340876279604551,27,0.898324175701469,0.467403218763104
"NUBP1",0.00095387489010204,0.000982490662138175,0.970874255462277,0.340911158013513,27,0.898324175701469,0.46735878409116
"PPP1R42",0.049243827331047,0.0507381715294612,0.970547929628358,0.341070512386037,27,0.898324175701469,0.467155826361011
"RNF34",0.0212312655458907,0.0218806246710553,0.970322642295324,0.341180556246683,27,0.898324175701469,0.46701572708068
"SEMA3C",0.000918919967902575,0.000947072727122933,0.970273920456054,0.341204358089684,27,0.898324175701469,0.466985430370241
"ARHGAP1",0.0106335558893679,0.0109694595115013,0.969378288713205,0.341642097618378,27,0.898324175701469,0.466428620310601
"IFNL3",0.0404313273420353,0.0417266653599763,0.968956589107561,0.341848335032574,27,0.898324175701469,0.466166530983854
"ZFYVE27 2",0.0385965490198771,0.0398428687149715,0.96871912753044,0.341964505739569,27,0.898324175701469,0.466018969269642
"POGLUT3",0.00560618481994195,0.00578837368874693,0.968525033351049,0.34205948019072,27,0.898324175701469,0.465898368585544
"AMT",0.017555526223462,0.0181459202150798,0.967464091949046,0.342578937909401,27,0.898324175701469,0.465239341402343
"SH2B3",0.00991766875957384,0.0102574812998014,0.966871736804029,0.3428691992492,27,0.898324175701469,0.464871526832908
"ANTXR2",0.00440399450021656,0.00455535847900272,0.966772323301481,0.342917929430493,27,0.898324175701469,0.464809807246791
"CCDC25",0.0245841444788133,0.0254406480620801,0.966333263949222,0.343133202251791,27,0.898324175701469,0.464537256711869
"PTPRJ",0.00018388284492704,0.000190448648946874,0.96552454398526,0.343529961089466,27,0.898324175701469,0.464035379802713
"DNAJB13",0.0145460314094145,0.0150654206273944,0.96552441310298,0.343530025325595,27,0.898324175701469,0.464035298594676
"LRRC37A2",0.0324693715493075,0.0336419569859606,0.965145147853842,0.343716200299802,27,0.898324175701469,0.463799997874411
"HCE003300",0.0120430748712472,0.0124784841557931,0.965107197387934,0.343734833310806,27,0.898324175701469,0.463776455211831
"IFNB1 2",0.0116057899323886,0.0120274024905865,0.964945668150053,0.343814148978911,27,0.898324175701469,0.463676254766404
"VSIG2",0.0027246148743911,0.00282390459126954,0.964839563919614,0.34386625606303,27,0.898324175701469,0.463610439835577
"PLA2G12A",0.00191335073915119,0.00198545243160102,0.963685006348055,0.344433597397615,27,0.898324175701469,0.462894492373065
"IGFBP3",0.00225369309575039,0.0023392035327925,0.963444635815835,0.344551793411199,27,0.898324175701469,0.462745485216538
"ERAP1",3.63534697314075e-05,3.77372766398917e-05,0.963330504167292,0.344607924319157,27,0.898324175701469,0.462674740096018
"FASLG",0.0194713961534708,0.0202129993888401,0.963310579439349,0.344617724103038,27,0.898324175701469,0.46266239002729
"PIEZO1",0.0526035243014729,0.0546373000270504,0.962776789398988,0.344880333763322,27,0.898324175701469,0.462331569858706
"CEACAM8",0.016594114683392,0.0172461432892796,0.962192787398856,0.345167801369307,27,0.898324175701469,0.461969723790669
"MAPK1",0.0342515479865148,0.0356040586590192,0.962012458033018,0.34525659896424,27,0.898324175701469,0.461858011905399
"NXPH2",0.000566771812302475,0.000589183765680777,0.961961013381952,0.345281934117251,27,0.898324175701469,0.461826144264048
"MYL4",6.34302149083864e-05,6.59542009169683e-05,0.961731232074823,0.345395110787464,27,0.898324175701469,0.461683814345438
"RETN",0.00420037766578864,0.00436903263381096,0.961397640585896,0.345559462854098,27,0.898324175701469,0.461477209744506
"MMP8 2",0.0072051558166026,0.00749612404093395,0.961184176950319,0.345664658715022,27,0.898324175701469,0.4613450211219
"EFCAB1",0.00463068786440532,0.0048193261015976,0.960857963703733,0.345825459924577,27,0.898324175701469,0.461143036806089
"PGP",0.00615729925286676,0.00642340111577297,0.958573058398488,0.346953182001185,27,0.898324175701469,0.459729125123637
"NAGPA",0.00085384612697527,0.000891681141334717,0.957568896990674,0.347449573555301,27,0.898324175701469,0.459108217018616
"LAG3 2",0.000523624499977567,0.000546898865878594,0.957443016701751,0.347511834307757,27,0.898324175701469,0.459030401183097
"EFNB2",6.01491665219216e-05,6.29050361653783e-05,0.956189999856109,0.34813199047559,27,0.898324175701469,0.45825606677988
"MPDZ",0.0766845417593707,0.0801991409617005,0.956176597901364,0.34813862754265,27,0.898324175701469,0.458247787121006
"RNASE3 2",0.00017893553146086,0.000187175803230464,0.955975763814632,0.348238097083115,27,0.898324175701469,0.458123719008712
"TSG101",0.00159721617370226,0.00167111533456515,0.955778539437481,0.348335797447992,27,0.898324175701469,0.458001892078483
"KLK14 3",0.00474640722680196,0.00496670525763752,0.955645036415882,0.348401942225296,27,0.898324175701469,0.457919432609904
"ABRAXAS1",0.0395359216185995,0.0413885310726922,0.955238579237351,0.348603375716199,27,0.898324175701469,0.45766841169585
"NMB",0.00144295962886493,0.00151069966556408,0.955159825448261,0.348642413875634,27,0.898324175701469,0.457619780187428
"GALE",0.00410511340511065,0.00430003075124979,0.954670708789119,0.34888493440025,27,0.898324175701469,0.457317783914183
"HSPE1",0.00063486877857222,0.000665330979152557,0.9542149673849,0.349111008637636,27,0.898324175701469,0.457036456212469
"CTNNB1 3",0.0182482727072843,0.0191288337794796,0.953966818764458,0.349234146274341,27,0.898324175701469,0.456883299864741
"GHRL",0.0257264016903009,0.026974178519379,0.953741804289549,0.349345829452183,27,0.898324175701469,0.456744437057455
"NUDT16L1",0.00241151372061857,0.00252859021243345,0.95369890651352,0.349367123967765,27,0.898324175701469,0.456717965269378
"SPINK5",0.0122034281988914,0.0128029322952465,0.953174469525414,0.349627525892206,27,0.898324175701469,0.456394383038481
"CHP1",0.000488424738600056,0.000512593460357075,0.952850116854431,0.349788644115521,27,0.898324175701469,0.456194293994051
"SENP8",0.0275109565874819,0.0288727365646543,0.95283509153616,0.349796108969914,27,0.898324175701469,0.456185025795862
"BMP8B",0.030569309715957,0.0321192374998939,0.95174456479728,0.350338189085271,27,0.898324175701469,0.455512519248059
"CHRD",1.45225873908245e-05,1.52622382946688e-05,0.951537193328798,0.350441333432063,27,0.898324175701469,0.455384675840724
"IFNL1 2",0.0394307605934959,0.0414447864435558,0.951404603017973,0.350507293138995,27,0.898324175701469,0.455302941072304
"SENP1",0.0441601122333893,0.0464649500030048,0.95039620682974,0.351009213319825,27,0.898324175701469,0.454681483985895
"C1orf185",0.0809555170311138,0.0851934845284321,0.950254793300491,0.351079639260051,27,0.898324175701469,0.45459435655975
"THBS1",2.70204270974347e-05,2.84490842784042e-05,0.949781962505767,0.351315184676227,27,0.898324175701469,0.454303078563866
"RNF128 2",0.0222067475328932,0.0234013564132016,0.948951297556648,0.35172924595333,27,0.898324175701469,0.45379151900725
"LCE3C",0.00846193485836263,0.00891764728466862,0.948897684360149,0.351755981765697,27,0.898324175701469,0.453758508461105
"TNC 7",8.2767874573601e-05,8.73770216019972e-05,0.947249895408534,0.352578366526201,27,0.898324175701469,0.452744338623558
"FCRLB",0.0363385966167969,0.0383661148741501,0.947153412223157,0.35262655969092,27,0.898324175701469,0.452684979918713
"MET 2",5.8646645610422e-05,6.1921084761104e-05,0.947119157176993,0.352643671083946,27,0.898324175701469,0.452663906057245
"None 8",0.0141063445139106,0.0149029236597043,0.946548800491577,0.352928662756914,27,0.898324175701469,0.452313069405202
"FKBP7",0.000819296375404547,0.000866278290556944,0.94576579412813,0.353320161344477,27,0.898324175701469,0.451831579913496
"LAP3",0.00084161670099199,0.00089005451332558,0.945578825107456,0.353413687828274,27,0.898324175701469,0.451716634135509
"WRNIP1",0.0318035625288748,0.033637102102711,0.945490560743387,0.353457845594543,27,0.898324175701469,0.451662373995322
"SULF2",0.00299275341276179,0.00316618192022154,0.945224718026432,0.3535908663663,27,0.898324175701469,0.451498961809268
"CAMP",0.0043552912570649,0.0046084787580922,0.945060503841379,0.353673051639206,27,0.898324175701469,0.451398030290583
"TIMP4",2.29263472460659e-05,2.42773051800082e-05,0.944353052205533,0.354027260712877,27,0.898324175701469,0.450963295258548
"TNFRSF11B",0.000133762708569976,0.000141718263463341,0.943863587522559,0.35427246653127,27,0.898324175701469,0.450662599002382
"SCO1",0.0121330448792617,0.0128597710772414,0.943488403206033,0.354460498656214,27,0.898324175701469,0.450432155887103
"DNPEP",0.0288769442356491,0.0306078299155777,0.943449578597937,0.354479960305695,27,0.898324175701469,0.450408311608296
"CST6 2",6.59278875885172e-05,6.99117022377626e-05,0.943016483339272,0.354697106927292,27,0.898324175701469,0.450142353819112
"KAT5",0.0227395262307781,0.0241211735390704,0.942720560172812,0.354845529016411,27,0.898324175701469,0.449960662425327
"Adamts1",0.00336345085043123,0.00357005757317825,0.942127901718096,0.355142905572933,27,0.898324175701469,0.449596856484821
"CAMLG",0.0308642488887979,0.0327706763183814,0.941825203390321,0.355294854013324,27,0.898324175701469,0.449411082659284
"C1QBP",0.00281522429350411,0.00298915128971729,0.941813919953969,0.355300518911491,27,0.898324175701469,0.449404158229128
"TIGAR",0.0126430270965071,0.0134271996767592,0.94159820371113,0.355408831814472,27,0.898324175701469,0.449271784294833
"MGAT4B",0.00233698577296945,0.00248440215111955,0.940663238403786,0.355878541058383,27,0.898324175701469,0.448698198511755
"BMP4",0.0028302718487039,0.00301002424473467,0.940282077014761,0.356070148591973,27,0.898324175701469,0.44846443420332
"CPLX3",0.00196358791667029,0.0020907545081018,0.939176698680434,0.356626205770869,27,0.898324175701469,0.447786746961226
"INHBA|INHBB",0.00971997747909478,0.0103543694306836,0.938731956993063,0.356850095395308,27,0.898324175701469,0.447514182808831
"ADAM10",0.0226889012593484,0.0241823584920407,0.93824187027978,0.357096921157942,27,0.898324175701469,0.447213894220213
"HABP2",0.001276645196913,0.00136098845111,0.938027942758653,0.357204698712364,27,0.898324175701469,0.447082836985534
"SMURF2",0.0172405276009692,0.0183825609529703,0.937874088658111,0.357282224467274,27,0.898324175701469,0.446988590312564
"APOA5 2",0.00380417974343787,0.00405851618852491,0.937332652311168,0.357555138948485,27,0.898324175701469,0.446656975696301
"AOC1",0.00442999521902521,0.00472686437259858,0.937195330736734,0.357624378901411,27,0.898324175701469,0.446572883440226
"HES6",0.0224444016199817,0.0239521308501328,0.937052396733096,0.357696458249684,27,0.898324175701469,0.446485360019422
"RPS14",0.0463046023740809,0.0494320169328052,0.93673301732811,0.357857551264678,27,0.898324175701469,0.44628981416897
"FSTL4",0.000155088889956487,0.00016566914223776,0.936136252422382,0.358158685615537,27,0.898324175701469,0.445924512412211
"TFF3",3.73692075356074e-05,3.99552566286902e-05,0.935276373841986,0.358592887451047,27,0.898324175701469,0.445398328748728
"MAP2K3",0.027423614935623,0.0293257475969008,0.935137794697558,0.358662896825694,27,0.898324175701469,0.445313548156215
"TESC",0.00501821338928319,0.00537120209060172,0.934281247407136,0.359095821844412,27,0.898324175701469,0.444789647952381
"MDH1",5.60211740339627e-06,5.99733751498766e-06,0.934100738768877,0.359187100827522,27,0.898324175701469,0.444679268162911
"KIR2DL5A",0.00830754131928829,0.00889486428358023,0.933970553617537,0.359252942004713,27,0.898324175701469,0.444599666642085
"DYTN",0.0170733724024901,0.0182821956410192,0.933879755896663,0.359298867740315,27,0.898324175701469,0.444544151386801
"CST3",1.5576391925479e-05,1.66807457011946e-05,0.933794699859462,0.359341892866856,27,0.898324175701469,0.44449214883953
"IL22",0.00810053479576005,0.00868415943969946,0.932794342619806,0.359848175766451,27,0.898324175701469,0.443880694606534
"GUCA1A",0.05222245491417,0.0560159875622281,0.932277679763409,0.360109845949906,27,0.898324175701469,0.443565004195901
"ANXA13",0.043234880325237,0.0463759045900014,0.932270339683215,0.360113564335583,27,0.898324175701469,0.443560519825196
"PPA2",0.0177701842545621,0.0190645665922044,0.932105336285403,0.360197159581639,27,0.898324175701469,0.443459716232988
"KIRREL3",0.00132551296590027,0.00142284637280636,0.931592469316195,0.360457074561234,27,0.898324175701469,0.443146446315326
"UBQLN2",0.000245773322684104,0.000263913416196013,0.931264981623989,0.360623106805025,27,0.898324175701469,0.442946449448308
"BMPR1A",4.26088522376981e-05,4.57691839188759e-05,0.930950665697266,0.360782508999169,27,0.898324175701469,0.442754525534964
"UNC5B",2.33111540273615e-05,2.50507646267262e-05,0.930556586783434,0.360982428447384,27,0.898324175701469,0.442513937745504
"TEX30",0.0322481492365204,0.0346673499632427,0.93021673911368,0.361154895132868,27,0.898324175701469,0.442306494288986
"DBNL",0.00126538779359811,0.00136292022435198,0.928438635650708,0.362058144843246,27,0.898324175701469,0.441221678204987
"MAP1LC3A",3.39255543014564e-05,3.65470355505298e-05,0.928271029111269,0.362143363814958,27,0.898324175701469,0.441119468726281
"CTSS",7.93989311757235e-05,8.55403758251472e-05,0.928204142310792,0.362177375901341,27,0.898324175701469,0.441078682205517
"TREML1 2",0.0452596120772694,0.0487659800436334,0.928098072401566,0.362231317038211,27,0.898324175701469,0.441014005074053
"MUC1",0.043346728304072,0.046724144892995,0.927715818092384,0.362425754177447,27,0.898324175701469,0.440780948689101
"ZBTB33",0.0233942757910432,0.0252175624573506,0.927697743610588,0.362434949644151,27,0.898324175701469,0.440769929908727
"LHCGR",0.0577776016919037,0.0622848780472825,0.927634499790509,0.362467126417055,27,0.898324175701469,0.440731375197993
"CSF1R",1.12239414429989e-05,1.21054619042603e-05,0.9271799400772,0.362698450147988,27,0.898324175701469,0.440454300205655
"CXorf38",0.0336551521082847,0.0363007757969138,0.927119362312528,0.36272928534858,27,0.898324175701469,0.440417379760466
"PCDH12",0.00615660339208425,0.00664430964127839,0.926597904744803,0.362994788883335,27,0.898324175701469,0.44009960960702
"COL28A1",8.21188212438496e-05,8.8750750466988e-05,0.925274668797249,0.363669102210753,27,0.898324175701469,0.439293595589208
"CEP76",0.0278232616085136,0.0300906366874297,0.924648484428272,0.363988491688838,27,0.898324175701469,0.438912347326341
"ZNF843",0.0231737438296871,0.0250773356887052,0.924091144185007,0.364272923231085,27,0.898324175701469,0.438573109099442
"TNFRSF18",0.0216269539444899,0.0234321021558953,0.922962600649502,0.364849312421269,27,0.898324175701469,0.437886467862541
"UBE2V1",0.000121216857530293,0.000131354760669486,0.922820436141616,0.364921963973016,27,0.898324175701469,0.437799996473079
"FN1 2",4.02782281826906e-05,4.36653154897172e-05,0.922430714881147,0.365121175743669,27,0.898324175701469,0.43756297876778
"CGA|CGB3|CGB7",0.00232264530675356,0.00251908010370336,0.922021218515038,0.365330573468112,27,0.898324175701469,0.437313981407345
"SCARB1",0.00880860037397282,0.0095545006076569,0.921932054398917,0.365376178466077,27,0.898324175701469,0.437259770880518
"PRTN3 2",0.0116637933977596,0.0126531469754497,0.921809682633919,0.365438774403795,27,0.898324175701469,0.437185374289971
"SCP2",0.00194932466398818,0.00211567002861333,0.921374617792278,0.365661377466361,27,0.898324175701469,0.436920909060501
"ASCC2",0.0425016558296994,0.0461428717477307,0.921088224895529,0.365807960796101,27,0.898324175701469,0.436746847541399
"PRKAR1B",0.00359779946460418,0.00390604630802891,0.921084693033175,0.365809768737889,27,0.898324175701469,0.436744701122278
"ADAM23",0.000113204789436125,0.000123015191684915,0.920250481957404,0.366236962722785,27,0.898324175701469,0.436237826346586
"HSDL2",0.000909755950505536,0.000988687336021019,0.920165473310154,0.366280513618803,27,0.898324175701469,0.436186185493075
"UFM1",0.00492401498535181,0.00535299018642334,0.919862509339259,0.366435753374429,27,0.898324175701469,0.436002158542163
"UCHL1",0.000571808292807428,0.000621774686698724,0.919639067076548,0.366550273828712,27,0.898324175701469,0.435866451721244
"SEL1L2",0.0254849219978061,0.0277223764905814,0.91929066782801,0.366728885495795,27,0.898324175701469,0.43565488137463
"C5",1.52207553698279e-05,1.65630212474452e-05,0.918960082368767,0.366898417897506,27,0.898324175701469,0.435454160961044
"CHIT1 2",0.00024430691956162,0.00026586105994854,0.918927050125008,0.366915360496978,27,0.898324175701469,0.435434106615711
"STX6",0.00223597911185931,0.00243537177144785,0.91812639781482,0.367326182081849,27,0.898324175701469,0.434948115138442
"RXRA",0.0333437373724684,0.0363576654480389,0.917103366279722,0.367851550651116,27,0.898324175701469,0.434327408881226
"KAT2A",0.00945036314138557,0.010304727785237,0.91709003268622,0.367858401272874,27,0.898324175701469,0.434319320945975
"NHLRC2",0.023066087066468,0.0251548015589396,0.916965574640785,0.367922350214827,27,0.898324175701469,0.434243829238349
"NPPB",0.0422993150850752,0.0461353941299055,0.916851711854267,0.367980861540931,27,0.898324175701469,0.434174768128944
"MRPL28",0.0582810983133163,0.0635722362268829,0.916769674505658,0.368023022355395,27,0.898324175701469,0.434125012388533
"NMS",0.00281501545744851,0.00307148719410964,0.916499167845147,0.368162064337832,27,0.898324175701469,0.433960963516762
"CSMD2",0.000702871882594874,0.000768031655933359,0.915160042121833,0.36885089357989,27,0.898618311614754,0.433149160080496
"PYCR2",0.0120246258447941,0.0131461836000668,0.91468567689356,0.369095104907194,27,0.898618311614754,0.432861714560212
"AUH",0.00832632065438073,0.00911780349303222,0.913193694154921,0.369863898363534,27,0.898746820028598,0.431958057185997
"RAC1",0.000198264948467998,0.00021716585503723,0.912965569260452,0.369981540244841,27,0.898746820028598,0.431819943959486
"LGALS13",0.0114769942338849,0.0125726426889604,0.912854561910235,0.370038794620586,27,0.898746820028598,0.431752742402098
"PUF60",0.00219106107218303,0.00240092436610241,0.912590626809264,0.370174948148264,27,0.898746820028598,0.43159297577521
"LEG1",0.0030079851161705,0.00329626477025291,0.912543538163565,0.37019924276118,27,0.898746820028598,0.431564473927191
"FJX1",0.000586708720008617,0.000643540920626128,0.911688287728126,0.370640678012369,27,0.898746820028598,0.431046918350009
"MAZ",0.0494532945620363,0.0542480409545511,0.911614386286652,0.370678838314287,27,0.898746820028598,0.431002206702196
"NAPA",0.00020678171340446,0.000226956062579428,0.911109009622038,0.370939867750253,27,0.898746820028598,0.430696487206697
"RBP1",0.00441303320808829,0.00484406121252764,0.911019290316845,0.370986220844028,27,0.898746820028598,0.430642220634376
"ANKRD27",0.0475262396417769,0.0522121993895622,0.910251630795654,0.371382984754547,27,0.898746820028598,0.430177997732714
"KLB",0.00956271462630154,0.0105153488649832,0.90940536059113,0.371820702032314,27,0.898746820028598,0.429666433477241
"ERBB3",7.21274001143162e-05,7.93279013748472e-05,0.909231164120849,0.371910843970621,27,0.898746820028598,0.429561158538194
"STOML1",0.00832566259043508,0.00915873354301118,0.90904081348542,0.372009361685621,27,0.898746820028598,0.429446130878187
"HYPK",0.0290470925217989,0.0319548042363328,0.909005491223515,0.372027644933782,27,0.898746820028598,0.429424787010292
"NR3C2",0.00600209951836888,0.00660841967991506,0.908250354712039,0.372418654482498,27,0.898746820028598,0.428968573297825
"TRAPPC13",0.00987725505136715,0.0108785367949396,0.907958049648903,0.372570082500824,27,0.898746820028598,0.42879202202824
"TACSTD2 2",0.0355445125600347,0.0391514236296575,0.90787279911603,0.372614253981008,27,0.898746820028598,0.428740535626327
"HNRNPM",0.00391476543615578,0.00431235011464393,0.90780324697245,0.372650294090003,27,0.898746820028598,0.428698531694927
"PAFAH1B2",0.00388401327397549,0.00428002392671322,0.907474663805947,0.372820588306651,27,0.898746820028598,0.428500112570523
"ADH4",0.00191815154139212,0.00211419080042678,0.907274566233528,0.372924317572363,27,0.898746820028598,0.428379296329887
"SLITRK2",4.03230896846189e-05,4.4458988887694e-05,0.906972711108598,0.373080833162431,27,0.898746820028598,0.428197062043625
"EVA1C 2",0.00748324519947014,0.00825528948301795,0.906478835765118,0.373337006648787,27,0.898746820028598,0.427898958943811
"MYDGF",0.0123168442010954,0.0135906633889817,0.906272479022694,0.373444078248946,27,0.898746820028598,0.427774422834429
"MEIS2",0.029752790001408,0.0328408687442281,0.905968421028361,0.373601880500453,27,0.898746820028598,0.427590946443779
"SOS1",0.0238048642037236,0.0262794825572872,0.905834586043727,0.373671353039303,27,0.898746820028598,0.427510195417249
"UBC 2",0.000234829320278702,0.000259309484127805,0.905594799467355,0.373795845308661,27,0.898746820028598,0.427365530056037
"SULT1B1",0.0475188843952654,0.0525261826752716,0.904670432440096,0.37427601245605,27,0.898746820028598,0.42680800615248
"PCDHA4",0.00710331347367071,0.00785422538594297,0.904393893048167,0.374419740864101,27,0.898746820028598,0.426641261637103
"S100A14 2",0.0382069165734178,0.042276151075188,0.903746334557915,0.374756444150737,27,0.898746820028598,0.42625089047423
"BCAT2",0.0103265491437679,0.0114347852775034,0.903082033738246,0.375102059017379,27,0.898746820028598,0.425850551905178
"PDE9A",0.049990709135641,0.0553627250031118,0.902966917412956,0.37516197166399,27,0.898746820028598,0.42578119037161
"CRLF2",0.0468681243629032,0.0519247150297087,0.902616881692804,0.375344187368372,27,0.898746820028598,0.425570305289504
"LY75",0.000383709800363725,0.000425136459533511,0.902556795022376,0.375375472108074,27,0.898746820028598,0.425534108582366
"SAMM50",0.0128212735143105,0.0142098560559793,0.902280323164536,0.375519442029873,27,0.898746820028598,0.425367573046738
"ALPI",0.00574253709160172,0.00636960133457911,0.901553612221663,0.375898041917115,27,0.898746820028598,0.424929936554895
"CCNB2",0.0166523637285373,0.0184804411422527,0.901080423370645,0.376144696908246,27,0.898746820028598,0.424645056720564
"SPINK6",2.84732726093352e-05,3.16165742914355e-05,0.900580573558476,0.376405364305221,27,0.898746820028598,0.424344195894207
"UMOD",0.000187664127455234,0.000208384202806782,0.900567916989563,0.37641196613226,27,0.898746820028598,0.424336578808527
"SDCBP2 2",0.0138250174986527,0.0153572551428375,0.900227115462136,0.376589761035519,27,0.898746820028598,0.424131492036359
"SFRP2",0.0117377970089688,0.0130430485643737,0.899927417354701,0.376746157849697,27,0.898746820028598,0.423951168033062
"GDPD1",0.0224664314142961,0.0249707060790292,0.899711499674564,0.376858860365764,27,0.898746820028598,0.423821269531841
"TPSAB1",0.000347671111479236,0.000386634836486806,0.899223449801838,0.377113688954565,27,0.898746820028598,0.423527702732197
"TPSB2 2",0.00052358168947373,0.000582303522952347,0.899155970788411,0.377148931069352,27,0.898746820028598,0.423487118841156
"NCF2",0.0143590489467022,0.0159811478056453,0.898499226797082,0.377492039805051,27,0.898746820028598,0.423092201929338
"ERN1",0.0409967125853464,0.0456515835657891,0.898034840922123,0.377734776287224,27,0.898746820028598,0.422813029855073
"TMED2",0.00459299866946218,0.00511879977880447,0.89728039148562,0.378129347715723,27,0.898746820028598,0.422359614474617
"PSAP",0.000353483859304181,0.00039400161089925,0.897163487472569,0.37819051173318,27,0.898746820028598,0.422289371190644
"HS6ST1",2.65287601879503e-05,2.957172501862e-05,0.897098839220448,0.37822433838464,27,0.898746820028598,0.422250528145514
"NECTIN1",4.0996928242602e-05,4.57326305140413e-05,0.896448067425615,0.378564959322563,27,0.898746820028598,0.421859587617688
"PRPF18",0.0488098804123542,0.0544626757094713,0.896207903422306,0.378690714334568,27,0.898746820028598,0.42171534384326
"COMTD1",0.0151179936701964,0.0168856577153228,0.895315653383026,0.379158154453565,27,0.898746820028598,0.421179599321086
"CLSTN2",1.71783467055551e-05,1.9189229826997e-05,0.895207721228455,0.379214724461922,27,0.898746820028598,0.421114807862427
"PDIA4 3",0.0269179665030472,0.0300895192649549,0.89459609726628,0.379535396300015,27,0.898746820028598,0.420747714627733
"MET",0.00109652723785272,0.00122651433237423,0.894019098602878,0.379838076370619,27,0.898746820028598,0.420401502135099
"CYLD",0.0196458915985542,0.0219799963107887,0.893807775068241,0.379948971157804,27,0.898746820028598,0.42027472715349
"DLK2",8.21969373313222e-05,9.19769788068964e-05,0.893668594006472,0.380022019770304,27,0.898746820028598,0.420191238152474
"OXLD1",0.0193254055213652,0.0216288045275787,0.893503175208947,0.380108851060949,27,0.898746820028598,0.420092017473522
"LMO4",0.00580802484539629,0.00650675742280509,0.892614318929447,0.380575649131135,27,0.898746820028598,0.419559003191147
"DNAJB12",0.000457263114755032,0.000512531479218379,0.892165912330629,0.380811279235648,27,0.898746820028598,0.419290196744347
"FOLH1 2",0.00119700587437329,0.0013419805660599,0.891969604215462,0.380914465747613,27,0.898746820028598,0.419172534099169
"CUTA",0.000483636847726196,0.00054320020598933,0.890347320184366,0.381767892915985,27,0.898746820028598,0.418200599032323
"MDH2 2",8.39629611513885e-05,9.43230956527237e-05,0.890163332430491,0.381864760987385,27,0.898746820028598,0.41809041707797
"BAG3",0.0149295117598298,0.0167726574449459,0.890110097868153,0.381892791539273,27,0.898746820028598,0.418058539124097
"ST6GAL2",6.32978017164073e-05,7.11170801786214e-05,0.89005062577689,0.381924108032952,27,0.898746820028598,0.418022926975654
"FN1 4",4.48416151522284e-05,5.03984104572338e-05,0.889742647544,0.382086308286392,27,0.898746820028598,0.417838524578551
"ASGR2",0.0223646789093332,0.0251447677920543,0.889436684971113,0.382247491342095,27,0.898746820028598,0.417655356144184
"RASA1",0.0699174838371563,0.0786431349615061,0.889047516625313,0.382452571635416,27,0.898746820028598,0.417422414508153
"DNAJB11",0.00021259410928089,0.00023934703826008,0.888225360239805,0.382886059135974,27,0.898746820028598,0.416930446006815
"GRB2",0.000152368852380627,0.000171789506332372,0.886950871643054,0.383558672898419,27,0.898746820028598,0.416168192687659
"CA9",0.0216899380635282,0.0244643571288486,0.886593420349933,0.383747456235408,27,0.898746820028598,0.415954490333225
"ARG2",0.0247604410700344,0.0279299823849577,0.886518320304051,0.383787127035658,27,0.898746820028598,0.415909596435199
"IL1R2",0.000387451973871449,0.000437578414688048,0.88544581009021,0.384353959725733,27,0.898746820028598,0.41526864034422
"SEMG1",0.00276303843876221,0.0031213094817801,0.885217712274539,0.384474581802949,27,0.898746820028598,0.415132366779619
"SNRPF",0.00436346378402772,0.00493080199700744,0.884939972579704,0.384621488528529,27,0.898746820028598,0.414966455696438
"RELT",0.00420113098230023,0.00474830162566253,0.884764977775407,0.384714068408214,27,0.898746820028598,0.414861931914288
"FIS1",0.00412681025743616,0.00466623173072324,0.884398910209402,0.384907780856692,27,0.898746820028598,0.414643309614761
"CRACR2A",0.028688886866097,0.0324421151976765,0.884309999249114,0.384954839532373,27,0.898746820028598,0.41459021618573
"B3GALT6",0.0206649669680908,0.023395568559718,0.883285521159395,0.385497343133419,27,0.898746820028598,0.413978610781562
"PNLIPRP1",0.0169440815238035,0.0191837176465268,0.883253279474286,0.385514424481773,27,0.898746820028598,0.413959367663244
"PSAPL1",0.00131220158341901,0.00148589896489828,0.883102831630845,0.385594136851678,27,0.898746820028598,0.41386957838
"SNX11",0.00680964998630672,0.00771159863170455,0.883039990996203,0.38562743511382,27,0.898746820028598,0.413832076183381
"TOX3",0.0109102944370089,0.0123679559441724,0.882142084452497,0.386103425186873,27,0.898746820028598,0.413296345661213
"C3 6",1.60381791128923e-05,1.8185736072534e-05,0.881909813764142,0.386226616351332,27,0.898746820028598,0.413157800633776
"EPHA5",0.000119388700585171,0.000135454089572184,0.881396057972459,0.386499191320571,27,0.898746820028598,0.412851410427108
"AMIGO1",0.00597046043504688,0.00677867717086475,0.880770729237315,0.386831129738417,27,0.898746820028598,0.412478583891979
"DMBT1",0.0195948731621631,0.0222506687995128,0.880641986032895,0.386899492397155,27,0.898746820028598,0.412401840062315
"ATP5PB 2",0.00188219366278753,0.00213730238665555,0.880639854490962,0.386900624312003,27,0.898746820028598,0.412400569490337
"INHBA|INHBC",0.0126572084121786,0.0143729212052684,0.880628804083274,0.386906492455425,27,0.898746820028598,0.412393982571576
"ROR2",0.000331712525018046,0.000376951865949955,0.879986425275012,0.387247716512911,27,0.898746820028598,0.412011134469379
"HSPB6",0.000799879262564162,0.000909329285955841,0.879636535321052,0.387433655814581,27,0.898746820028598,0.411802655429817
"ECM1",9.06199307914295e-06,1.03060363013421e-05,0.87928984666616,0.387617950823704,27,0.898746820028598,0.411596118713222
"APMAP",0.0937021552786295,0.106568817564374,0.879264285934558,0.387631540807287,27,0.898746820028598,0.411580892505548
"ART3",9.87509279816134e-05,0.000112313716390359,0.879241923029179,0.387643430841625,27,0.898746820028598,0.411567571357589
"POSTN",0.00317258140309713,0.00360990138232417,0.878855422098683,0.387848965075245,27,0.898746820028598,0.411337363076854
"SHISA2",0.0130037106891092,0.0148035821335492,0.878416492156921,0.388082465538494,27,0.898746820028598,0.41107597924377
"LRCH4 2",0.0267744248232271,0.0305002925390896,0.877841574434495,0.388388445741823,27,0.898746820028598,0.410733698499378
"KLK14",0.00571343843264459,0.00651045326533128,0.877579209894515,0.388528132039992,27,0.898746820028598,0.410577529894199
"MVD",0.0114883420651481,0.0131034326510252,0.876742939892874,0.388973589649555,27,0.898746820028598,0.410079885200879
"DYRK2",0.0460055435667381,0.052491861313443,0.87643193469606,0.389139337507508,27,0.898746820028598,0.409894864804296
"CELA2A",0.0120913024844829,0.0137993972024085,0.876219613590985,0.389252518615224,27,0.898746820028598,0.409768568696502
"C7 2",3.01717481324101e-05,3.44360040651949e-05,0.87616867727418,0.389279674181002,27,0.898746820028598,0.409738271908561
"ASL",0.000388205182398699,0.000443846029858175,0.874639303460132,0.390095595379951,27,0.898746820028598,0.408828953335943
"SLITRK5",3.57045241139618e-05,4.09011048739696e-05,0.872947667892583,0.390999366954779,27,0.898746820028598,0.407823945745486
"C5 2",0.00243550575396645,0.00279049877006566,0.872785102108879,0.391086290192119,27,0.898746820028598,0.407727408282776
"AIPL1",0.0161258303540185,0.0184872981677001,0.872265390417766,0.391364261344081,27,0.898746820028598,0.407418835831093
"SYT1",0.000113399344053657,0.000130093390501202,0.871676444258778,0.391679416756651,27,0.898746820028598,0.407069250570808
"TNXB",0.00027551924637653,0.000316082526119894,0.871668705507694,0.391683558985301,27,0.898746820028598,0.407064657688323
"TPT1",0.00383356350333244,0.00439910364887959,0.871441959388434,0.391804939184991,27,0.898746820028598,0.406930093488638
"CMC4",0.00104434819252556,0.00119903674955094,0.870989311142201,0.392047320189935,27,0.898746820028598,0.406661510384969
"SHISAL2A",0.0421620959697351,0.0484154149884243,0.870840330085278,0.392127116655388,27,0.898746820028598,0.406573124018077
"CDH3",0.0036439806704019,0.00419028162500858,0.86962667345645,0.392777558465164,27,0.898746820028598,0.405853333800483
"APLP2 2",6.48003690799545e-05,7.45482722795346e-05,0.869240387449514,0.39298472836388,27,0.898746820028598,0.405624326256034
"TMPRSS5",0.00115308874269691,0.00132702200981833,0.868929629023086,0.393151442878344,27,0.898746820028598,0.405440126120184
"FLNA",0.00380477947917583,0.00437917229055347,0.868835301909292,0.393202056126566,27,0.898746820028598,0.405384219827474
"ZYX",0.00150196763950902,0.00172891416997776,0.868734646051481,0.393256069817464,27,0.898746820028598,0.405324565416979
"IGSF11 2",0.0109358080273055,0.0125935689274541,0.868364487485779,0.393454744377105,27,0.898746820028598,0.405105213489373
"ESRRA",0.0253721004412269,0.0292235661437668,0.868206854577829,0.39353936998886,27,0.898746820028598,0.405011813969138
"TGFBR1",0.0573690924687375,0.0660902523876523,0.868041661155099,0.393628067029372,27,0.898746820028598,0.404913942452592
"LDHB",5.6870089285059e-06,6.55489033152181e-06,0.867597875918328,0.393866411513529,27,0.898746820028598,0.404651053758785
"FGF19 2",0.00182467834130176,0.00210394068005366,0.867267009284325,0.394044170913747,27,0.898746820028598,0.404455092618897
"GATAD1",0.00011719841334284,0.00013522752804194,0.866675706047749,0.394361979176772,27,0.898746820028598,0.404104962467338
"HPCAL1",0.00466955377426346,0.00538865555013808,0.866552655076238,0.394428136165906,27,0.898746820028598,0.404032112631041
"MANSC1",1.56986704676106e-05,1.8133903892954e-05,0.865708264490716,0.394882305527273,27,0.898746820028598,0.403532326339512
"GKN2",0.135016391700257,0.156066245507555,0.86512231559848,0.39519766487502,27,0.898746820028598,0.403185630215203
"MIF 2",0.00137787819835659,0.00159289476297444,0.86501521028524,0.395255326711945,27,0.898746820028598,0.403122268527907
"NOTCH3",2.77678908740354e-05,3.21091890528933e-05,0.864795770092277,0.395373482654481,27,0.898746820028598,0.402992461787699
"ACP6",0.000269538155246217,0.000311721875488414,0.864675136526425,0.395438446548157,27,0.898746820028598,0.402921108638946
"LRP10",0.00032298333980568,0.000373673555989879,0.864346257925802,0.395615589843921,27,0.898746820028598,0.402726602692189
"LCP1",0.000352567626164189,0.000408212239086842,0.863687053952306,0.395970808836647,27,0.898746820028598,0.402336829297849
"CD74",0.0608254175858514,0.0704304623142939,0.863623716033834,0.396004949898172,27,0.898746820028598,0.402299385539066
"SPOCK1 2",1.97737610865888e-05,2.29007610576587e-05,0.8634543208762,0.396096268299445,27,0.898746820028598,0.402199249149843
"DLD 2",3.0579366548753e-05,3.54680153342203e-05,0.862167399573929,0.396790468862396,27,0.898746820028598,0.401438768398357
"TREM1",0.00557489784509944,0.0064667401290069,0.862087811460515,0.39683342642758,27,0.898746820028598,0.401391753096413
"TCEAL5",0.00178698809659199,0.00207306630710575,0.862002382879321,0.396879539689118,27,0.898746820028598,0.401341289677252
"INHA",0.00638242779845423,0.00740709225271951,0.861664413064509,0.397062005120442,27,0.898746820028598,0.401141668604706
"SCUBE3",0.000310080559992751,0.00035993742470049,0.861484632365679,0.397159088211953,27,0.898746820028598,0.401035495017795
"WNT5A",0.0219135293089295,0.025455707998281,0.860849335261441,0.397502275657089,27,0.898746820028598,0.400660380711945
"AP1G2",0.00239118973651422,0.0027785686770425,0.860583276660052,0.397646056830723,27,0.898746820028598,0.400503319775161
"TSC22D3",0.0274950897036593,0.0319528074120152,0.860490577529671,0.397696160334998,27,0.898746820028598,0.400448602007162
"DYNLL2",1.01144311519983e-05,1.17664450619843e-05,0.859599573084021,0.398177950500671,27,0.898746820028598,0.399922793130864
"VANGL1",0.0160270486725978,0.0186461523982861,0.859536505454659,0.398212067003254,27,0.898746820028598,0.399885583702074
"LRFN4",0.000662076388716676,0.000770361347084625,0.859436148013208,0.398266359321911,27,0.898746820028598,0.399826375935337
"CCDC134 2",0.0344291595944215,0.0401803375271797,0.856865863088685,0.399658468126884,27,0.898746820028598,0.398310980587722
"ROBO2",0.000202090343190563,0.000235851249631442,0.856855087714668,0.399664310776445,27,0.898746820028598,0.398304631637008
"NT5E",0.000491696311071095,0.000573998117686714,0.856616591449279,0.39979364275567,27,0.898746820028598,0.39816411601601
"DEAF1",0.00411051716159299,0.00480012021263161,0.856336295656946,0.399945675949138,27,0.898746820028598,0.397998994266359
"PSMB1",0.000877022816435133,0.00102436131843337,0.856165496151715,0.400038336142382,27,0.898746820028598,0.397898387728754
"DDRGK1",0.000129511780040708,0.000151272334591069,0.856149806842169,0.400046848413687,27,0.898746820028598,0.397889146631611
"CCL3",0.0356018953411986,0.0415898854610228,0.856022923519806,0.400115693499762,27,0.898746820028598,0.397814414212894
"RSPO3 2",0.00287766367656856,0.00336367892259914,0.855510809083099,0.400393636296367,27,0.898746820028598,0.397512833648601
"CD96",0.0208174020120208,0.0243455050845249,0.855081952078838,0.400626486993874,27,0.898746820028598,0.397260341175708
"MDP1",0.00102374520806564,0.00119813361799088,0.85444994839752,0.400969794792408,27,0.898746820028598,0.396888341716625
"RNF13",0.0367381803206557,0.0430185527361705,0.854007817184555,0.401210074245722,27,0.898746820028598,0.396628170530991
"CP",0.029244118129319,0.0342481915034084,0.853887952781642,0.40127523123548,27,0.898746820028598,0.396557646320819
"TRAPPC6B",0.0212426483251068,0.0248911307504583,0.853422391215219,0.401528369376869,27,0.898746820028598,0.396283764884503
"ENTPD1",0.00164451350310868,0.00192696923195707,0.853419699617352,0.40152983316542,27,0.898746820028598,0.396282181648597
"NFKBID",0.0202299030011248,0.023719533501983,0.852879463225259,0.401823702092436,27,0.898746820028598,0.395964449408687
"HCE004359",0.0152126238643973,0.0178396148969771,0.852743960688023,0.401897432009699,27,0.898746820028598,0.395884768795724
"CLEC11A 2",5.12878404864902e-05,6.01800168597452e-05,0.852240380823106,0.40217151637187,27,0.898746820028598,0.395588691373715
"FLRT2",0.000108755311368293,0.000127798737152041,0.850988936134066,0.402853157411501,27,0.898746820028598,0.394853228169819
"SEMA5A",0.000201901546398117,0.000237375079901132,0.850559150868788,0.403087423634137,27,0.898746820028598,0.394600751664614
"FXN",0.0293937359671575,0.0345694449678562,0.850280818638794,0.403239182422651,27,0.898746820028598,0.39443727447134
"GAGE2B",0.00490641981650913,0.00577616517436238,0.849425123486145,0.403705971864639,27,0.898746820028598,0.393934826193657
"GPHN",0.000609306292890568,0.000717397237226141,0.849329020622503,0.403758418276594,27,0.898746820028598,0.393878409619458
"SELENOM",2.44451076418795e-05,2.8787985950512e-05,0.849142683475733,0.40386012075757,27,0.898746820028598,0.393769029201891
"NEU1",0.000251550646153771,0.000296520267249318,0.848342167256525,0.404297226131991,27,0.898746820028598,0.393299238334153
"CHKB 2",0.00489151616600269,0.00576734353211044,0.848140246678308,0.404407528110407,27,0.898746820028598,0.393180768544987
"ACP3",0.0212742445347446,0.0250843855984568,0.848107060515502,0.404425658349651,27,0.898746820028598,0.39316129886201
"PSG9",0.018378374891815,0.0216806345203803,0.847686209300699,0.404655622215562,27,0.898746820028598,0.392914421216735
"LRP11 3",5.09459646148651e-05,6.01343472550025e-05,0.847202421584895,0.404920078682035,27,0.898746820028598,0.392630687433592
"GSC2",0.046952731324809,0.0554267108576225,0.847113794022866,0.404968537702506,27,0.898746820028598,0.392578716125962
"RUFY1",0.0197887503661479,0.0233625537164727,0.847028565725463,0.4050151415715,27,0.898746820028598,0.392528740296374
"TP53I13",0.00137847765478294,0.00162897855971655,0.846222098234862,0.405456296160153,27,0.898746820028598,0.39205595121703
"ACADL",0.0451641330551511,0.0533814553121824,0.846064102056131,0.405542759047686,27,0.898746820028598,0.391963348507209
"PYY",0.0248055510886723,0.0293358164540348,0.845572207868807,0.405812021345703,27,0.898746820028598,0.391675092032157
"SCP2 2",0.00383420108523997,0.00453944350358562,0.844641216971069,0.406321954693489,27,0.898746820028598,0.391129710913476
"DPYSL2",0.00224817538362933,0.00266257957372118,0.844359885360088,0.406476128781626,27,0.898746820028598,0.390964954234309
"IGFBP6 2",1.8052443044552e-05,2.13951163136248e-05,0.843764660118061,0.406802443521439,27,0.898746820028598,0.390616447084863
"COL11A2",0.00142295430546794,0.00168670971494744,0.843627266065921,0.406877789319546,27,0.898746820028598,0.390536016804944
"ESAM 3",0.000690199682774048,0.00081828047268789,0.843475685673982,0.406960925039452,27,0.898746820028598,0.390447288205793
"STK16",0.0121603630036424,0.0144194630599561,0.843329807294462,0.40704094358628,27,0.898746820028598,0.390361903602174
"DLL1 2",0.000308831954080391,0.000366385565340141,0.84291517815032,0.407268434127243,27,0.898746820028598,0.390119249171561
"MPZL1",0.00333151124850626,0.00395345414003255,0.842683671165293,0.407395487799535,27,0.898746820028598,0.389983785435548
"CDCP1 3",0.0200535744225784,0.0238129187304559,0.842130049221163,0.407699423484101,27,0.898746820028598,0.389659902670607
"CD320",0.00170239609944797,0.002023334031621,0.841381636864027,0.408110525989485,27,0.898746820028598,0.389222203756018
"WFDC10B",0.0497726218345486,0.0591687319797398,0.841198047840394,0.408211411345362,27,0.898746820028598,0.389114858965731
"INHBA 3",9.85419821784726e-05,0.000117264743605102,0.840337676516998,0.408684410285807,27,0.898746820028598,0.388611928610846
"HAPLN4",0.000939426746965718,0.00111805808745399,0.840230715655346,0.408743237422238,27,0.898746820028598,0.388549419590376
"EHD3",0.000106984787689217,0.000127395107946359,0.839787252539274,0.408987193636378,27,0.898746820028598,0.38829029057488
"SMNDC1",0.0294870193744027,0.0351317925983277,0.839325784241545,0.409241152376599,27,0.898746820028598,0.388020701080486
"THBS2 2",5.12895111113887e-05,6.11207108640881e-05,0.839151089479952,0.409337317692854,27,0.898746820028598,0.387918660609305
"TMEM25",0.0213326317153982,0.0254243849307333,0.839061860238399,0.409386441772871,27,0.898746820028598,0.387866544577105
"LILRA3",4.78600055024635e-05,5.70484614926454e-05,0.838935954629268,0.409455763911989,27,0.898746820028598,0.387793010940574
"VWC2",2.80539680790933e-05,3.34492223221557e-05,0.838703148578471,0.409583963679948,27,0.898746820028598,0.387657055503041
"CNOT1",0.0114019500417856,0.0136091717842762,0.837813661442584,0.410074012511725,27,0.898746820028598,0.387137752244746
"LINGO1",9.50638552542499e-06,1.13552552019984e-05,0.83717938138035,0.410423684788189,27,0.898746820028598,0.386767584845529
"FETUB",8.88684033553521e-06,1.06170769109206e-05,0.837032679531057,0.410504586810679,27,0.898746820028598,0.386681985888174
"PKD2",0.0141022554243945,0.0168537115135167,0.836744797315683,0.410663375122973,27,0.898746820028598,0.386514027828736
"VTI1B",0.00347023193768764,0.00415121582247383,0.835955557622544,0.411098897604843,27,0.898746820028598,0.386053687814093
"C4A|C4B",1.42340506146084e-05,1.70367922294774e-05,0.835488889157217,0.411356553917987,27,0.898746820028598,0.385781578927273
"SNCG",3.70977161511649e-05,4.44081536220144e-05,0.835380738116852,0.411416280623206,27,0.898746820028598,0.385718526338622
"BOLA2",0.0356954503973103,0.042732175359025,0.835329587071244,0.411444530828614,27,0.898746820028598,0.385688706208279
"IFNA2",0.0994966294968919,0.119187224608952,0.834792737420774,0.411741101133906,27,0.898746820028598,0.385375778363924
"GPC1",0.000180052655561357,0.000215718777570944,0.834663804369754,0.411812347279927,27,0.898746820028598,0.385300636165902
"MDGA2",2.79765052477773e-05,3.35363608439706e-05,0.834214105040772,0.412060903970677,27,0.898746820028598,0.385038589055272
"PPT1",7.97522636785546e-05,9.56154408951173e-05,0.834093980343997,0.412127314964168,27,0.898746820028598,0.384968600362372
"FAAH2",0.0135228754231525,0.0162154628663376,0.833949393527657,0.41220725878115,27,0.898746820028598,0.384884364762429
"PIK3AP1",0.0132190367562571,0.015853359245813,0.833831905988528,0.41227222626007,27,0.898746820028598,0.384815921536931
"TMED9",4.22054265632926e-05,5.06514771010669e-05,0.833251643956571,0.412593190153087,27,0.898746820028598,0.384477944330253
"CHAD",1.80450729805262e-05,2.1662144181389e-05,0.833023399227009,0.412719483603558,27,0.898746820028598,0.384345028525583
"RNASE3",0.000783849562747842,0.00094155765619942,0.832502988624017,0.413007530520652,27,0.898746820028598,0.384042029617814
"PLEKHB1",0.000140899276155314,0.000169270126504678,0.832393045747621,0.413068399990415,27,0.898746820028598,0.383978027571741
"INHBA 2",0.00021150038997631,0.000254307005487495,0.831673471090086,0.413466929040254,27,0.898746820028598,0.383559221564164
"CRIM1 2",0.00137441903328939,0.00165321274417497,0.831362471727915,0.413639247576505,27,0.898746820028598,0.383378260539759
"SUMO3",0.000637421210591632,0.000767011773677094,0.831044884142783,0.413815263053559,27,0.898746820028598,0.383193494971175
"MMP17",0.0117269883728432,0.0141215898858729,0.830429751013716,0.41415631991133,27,0.898746820028598,0.382835707040357
"STX8",7.278619322381e-05,8.76556052550646e-05,0.830365531240279,0.414191936346104,27,0.898746820028598,0.382798360378539
"TOLLIP",0.000360850637268649,0.000434879763595713,0.829771048174396,0.414521729283353,27,0.898746820028598,0.382452698743359
"FKBP3",0.000327398549797965,0.000394577256493264,0.829745111787896,0.414536121394228,27,0.898746820028598,0.382437620388256
"NOG 2",0.00847411087662901,0.0102176985375381,0.829356126088135,0.414752007314811,27,0.898746820028598,0.382211503402128
"ABO",6.96135488125587e-05,8.39871027152562e-05,0.82885998637876,0.415027465707004,27,0.898746820028598,0.38192316157636
"GP6",0.00499751070796276,0.00603128894070528,0.828597461851722,0.415173266580826,27,0.898746820028598,0.381770618912529
"RPS27A",4.99039213268163e-05,6.0229946026065e-05,0.82855663369215,0.415195944609336,27,0.898746820028598,0.381746897072866
"NUMB",0.00893923778243277,0.0107961651724507,0.828001205950757,0.415504534454272,27,0.898746820028598,0.38142423234263
"KLK9",0.0117558136021302,0.0141985326234564,0.827959755693995,0.415527569545508,27,0.898746820028598,0.381400156225792
"ZC3H8",0.02489358234271,0.0300759856221787,0.827689660961697,0.415677688496139,27,0.898746820028598,0.381243285628628
"ALB",1.18838902155296e-05,1.43625491162117e-05,0.827422076636495,0.415826445662646,27,0.898746820028598,0.38108789393641
"FLT3LG",0.0109620936225521,0.0132493045022982,0.827371249611681,0.415854705511387,27,0.898746820028598,0.381058379990218
"MAGEA6",0.0434881558597781,0.0525637374291841,0.827341395165575,0.41587130515774,27,0.898746820028598,0.381041044630445
"BPIFA2",0.00187770125557871,0.00227000535745826,0.827179217621399,0.415961486243371,27,0.898746820028598,0.380946878715324
"PTGES3",0.00420091547049195,0.0050786870801186,0.827165644234543,0.415969034469887,27,0.898746820028598,0.380938997881426
"MARCKSL1",0.000446005693575995,0.000539432781380213,0.826804949515356,0.416169649988775,27,0.898746820028598,0.380729594770737
"STX7",0.000549371694403451,0.000664865233116278,0.826290302214331,0.416455997575182,27,0.898746820028598,0.380430879058701
"ART3 2",1.68889544595006e-05,2.04432830480523e-05,0.826137094506923,0.416541265514225,27,0.898746820028598,0.380341967852915
"B4GALT1",1.92915578263172e-05,2.33628230795832e-05,0.825737444511835,0.416763742638145,27,0.898746820028598,0.380110070555722
"WAS 2",0.0154580209876742,0.0187366053580241,0.825017162516805,0.417164896878232,27,0.898746820028598,0.37969224323083
"CASTOR1",0.0233783506174252,0.0283407621733634,0.824901972445815,0.417229073291157,27,0.898746820028598,0.379625436750791
"UBE2N|UBE2V2",5.31481211889317e-05,6.44351829207086e-05,0.824830764496062,0.417268748815877,27,0.898746820028598,0.379584140390251
"CAPZB",0.0407033158643099,0.049381643826043,0.824260043017112,0.417586827674057,27,0.898746820028598,0.379253209140603
"LILRB1",0.000155342492629664,0.000188554248694663,0.823861003955523,0.417809313191741,27,0.898746820028598,0.379021883592899
"ABHD14B",0.0380348495435354,0.046183284869082,0.82356310624839,0.417975455309454,27,0.898746820028598,0.378849220465729
"SPANXN3",0.0380732450549853,0.0462387981950275,0.823404728090006,0.418063802042382,27,0.898746820028598,0.378757434109023
"ACVR2A",0.0065988348133703,0.00801529193578737,0.823280657302981,0.418133019537389,27,0.898746820028598,0.378685535303801
"ULBP3",0.0151141339622899,0.018361397345082,0.82314726260952,0.418207446706331,27,0.898746820028598,0.378608238293396
"ARAF",0.0359464932283626,0.0436852503343418,0.822851945525064,0.418372247426964,27,0.898746820028598,0.378437131954066
"STX10",0.0247276902747437,0.0300523212698841,0.822821307301934,0.418389347307961,27,0.898746820028598,0.378419381655759
"EEF1A1 3",0.0101788158609312,0.0123712581194976,0.822779361857216,0.418412758711367,27,0.898746820028598,0.378395080944176
"CALCB",0.000545424944615184,0.000663101237578676,0.822536460053689,0.418548347853698,27,0.898746820028598,0.378254368033209
"C2",4.4163869121806e-05,5.37188137412634e-05,0.822130386842144,0.418775081453316,27,0.898746820028598,0.378019168228363
"KIR3DL1",0.000880681092884367,0.00107147740813112,0.821931555626971,0.418886128105301,27,0.898746820028598,0.377904021560657
"PTCHD3",0.0574593741354248,0.0699276794475421,0.821697138949525,0.419017072740762,27,0.898746820028598,0.377768281458408
"RNF215",0.014115497927419,0.0171802746705391,0.821610724980107,0.419065349836098,27,0.898746820028598,0.377718247057102
"NT5C3B",0.00696515387259003,0.00848474667004622,0.820902985492682,0.419460874941559,27,0.898746820028598,0.377308541603844
"GZMA",0.0159834575123129,0.0194710050871565,0.820885077106574,0.419470886186802,27,0.898746820028598,0.377298176449566
"RBP1 2",0.0022238526788855,0.00271221859113234,0.819938586866279,0.420000210485585,27,0.898746820028598,0.376750491952802
"CYP3A4",0.00040065919876749,0.000488808809085506,0.819664440002764,0.420153604751176,27,0.898746820028598,0.376591906030477
"LCK",0.0403602763875594,0.0492632582107614,0.819277446385849,0.42037019994706,27,0.898746820028598,0.376368078698198
"ALDH1A1",0.000524929565762252,0.000640810046802924,0.819165630097697,0.420432794994624,27,0.898746820028598,0.376303415075529
"ACBD6",0.0527830517557813,0.0644407665433464,0.819094101251519,0.420472840073524,27,0.898746820028598,0.37626205167854
"SRY",0.0314764635489712,0.0384389703648835,0.81886854018668,0.420599134907603,27,0.898746820028598,0.376131624909899
"SCARA3 2",0.0163001460710062,0.0199206498878396,0.818253729812122,0.42094349591345,27,0.898746820028598,0.375776196468149
"DUPD1",0.0270171057883675,0.0330683090910956,0.817008989299743,0.421641223990401,27,0.898746820028598,0.375056934616391
"CSF3 2",0.0218952070066227,0.0268049334713273,0.816834969206082,0.421738826688723,27,0.898746820028598,0.374956414540168
"UPB1",0.0109517028328341,0.0134135384402342,0.816466354618573,0.421945618070441,27,0.898746820028598,0.37474351892892
"CALY",0.000279425452974058,0.000342305766047532,0.816303669670751,0.422036903763074,27,0.898746820028598,0.374649571787324
"TRAF4",0.0354651978097053,0.0434718163448988,0.815820473852066,0.422308106753694,27,0.898746820028598,0.374370581647309
"PPBP 2",0.000182336326644627,0.000223528689711767,0.815717780477053,0.422365759352837,27,0.898746820028598,0.374311296740509
"MARK3",0.0485558025689958,0.0595479335165251,0.815407012495592,0.422540255932104,27,0.898746820028598,0.374131908971472
"ANKRD16",0.0487681835925566,0.0598107891103955,0.815374354993762,0.422558595758409,27,0.898746820028598,0.374113059376899
"SBDS",0.0045009174627161,0.00552169301333098,0.81513359251403,0.422693818614843,27,0.898746820028598,0.373974103155351
"SLTM",0.0237712547850107,0.0291745267849002,0.814794870891067,0.422884105180724,27,0.898746820028598,0.373778638244048
"EXOC7",0.03920344770024,0.0481337805067579,0.814468493592267,0.423067507307896,27,0.898746820028598,0.373590328341041
"RCVRN",0.0455865369130851,0.0559761126077863,0.814392689833627,0.423110110999597,27,0.898746820028598,0.373546596273849
"LACTB2",0.00117850581021094,0.00144729794558003,0.814280027004828,0.423173435374389,27,0.898746820028598,0.373481602864226
"PDILT",0.0126833121351205,0.0155786268376344,0.81414827297105,0.423247497805575,27,0.898746820028598,0.373405600714464
"MMP16 2",0.0010630450861518,0.00130712148234368,0.813271834723234,0.423740371798598,27,0.898746820028598,0.372900156687964
"PLG 3",2.13849711470835e-05,2.62978016477775e-05,0.813184745763371,0.42378936661469,27,0.898746820028598,0.372849944459815
"WTAP",0.000166515069121699,0.000205016314267615,0.812203993211687,0.424341364570722,27,0.898746820028598,0.372284631374553
"ARPP19",0.0124314256054713,0.0153100558768004,0.811977807625698,0.424468732089588,27,0.898746820028598,0.372154295952648
"HSPBP1",0.018582365609907,0.0228923871124247,0.81172686442217,0.424610068626003,27,0.898746820028598,0.372009711778903
"MMP12",0.0013272397137363,0.00163552202913977,0.811508307493957,0.424733188295676,27,0.898746820028598,0.371883802276257
"TNFSF15",0.0257570897425153,0.0317405215670407,0.811489177583694,0.424743965800869,27,0.898746820028598,0.371872782295291
"PRDX6",3.39188939481643e-05,4.18096840677789e-05,0.811268841285129,0.424868112195976,27,0.898746820028598,0.371745862972643
"CD40LG",0.0237653063665526,0.0293068417381097,0.810913252916262,0.42506851251829,27,0.898746820028598,0.371541064748317
"TXNRD1",4.29836829274664e-05,5.30312161049948e-05,0.810535493705526,0.425281471904755,27,0.898746820028598,0.37132353763586
"ACVRL1 2",0.00514840084377531,0.00635245982600899,0.81045783598601,0.425325259146914,27,0.898746820028598,0.371278824710439
"MMP10",0.00582238533806303,0.00719181264315793,0.809585236289806,0.425817465761119,27,0.898746820028598,0.370776529069347
"PHEX",0.0129988824501705,0.0160592202826539,0.80943422042794,0.42590268494359,27,0.898746820028598,0.370689622071098
"MUL1 2",0.00992983292534659,0.0122793210084972,0.808663029370696,0.426338037422402,27,0.898746820028598,0.370245918336425
"PTGFRN",0.00131431808739622,0.0016263008893932,0.808164157056212,0.426619807252317,27,0.898746820028598,0.369958984843722
"SOX6",0.0116169779158349,0.0143866732278121,0.807481877976985,0.427005354149978,27,0.898746820028598,0.369566679393682
"MMP9",0.000497414241932417,0.000616038535436168,0.807440141029876,0.427028946137874,27,0.898746820028598,0.369542685345295
"TLDC2",0.0259746910368946,0.0321803985548353,0.807158773768256,0.42718801121366,27,0.898746820028598,0.369380944033836
"IL5RA 2",0.0180454948372077,0.0223751640888631,0.806496648048699,0.42756247456943,27,0.898746820028598,0.369000418062351
"CGB2",0.0093208683767085,0.0115594313700224,0.806343156366733,0.427649310311601,27,0.898746820028598,0.368912224039647
"SHOX",0.0470620373370714,0.0583763285610645,0.806183576410465,0.42773960196003,27,0.898746820028598,0.368820539042898
"PSMB5",0.00667148980640825,0.00827585773326749,0.806138773941224,0.427764953681774,27,0.898746820028598,0.368794799582386
"UBE2N|UBE2V1 2",0.00018744044776199,0.000232604072321326,0.805834764161197,0.427937003790908,27,0.898746820028598,0.368620158369142
"ARC",0.0873203614675413,0.10838492585114,0.805650424003335,0.428041349351761,27,0.898746820028598,0.368514275547811
"CYB561D1",0.00843015157278224,0.0104749171665093,0.804794103741013,0.428526274549777,27,0.898746820028598,0.368022544704253
"EGFR 2",6.56729721194619e-05,8.16077568420008e-05,0.804739336808511,0.428557300021815,27,0.898746820028598,0.367991102749908
"ELL2",0.0281578842114875,0.035026614169807,0.803899688247905,0.42903313452756,27,0.898746820028598,0.367509165654937
"RNF43",0.0133389338455427,0.0165949885228131,0.803792893692318,0.429093679074206,27,0.898746820028598,0.367447882958384
"TAFA3",0.00457100212858333,0.0056876447780214,0.803672224089473,0.429162096078103,27,0.898746820028598,0.367378642230424
"LRP1B",0.0192125519781309,0.0239140657160382,0.80339964798398,0.429316665478424,27,0.898746820028598,0.367222252482973
"MTMR6",0.0186227363158829,0.0231818830415928,0.803331475811094,0.42935532915489,27,0.898746820028598,0.367183142272192
"GRHPR",0.00568451256874677,0.00707978374760236,0.802921780015087,0.429587732311283,27,0.898746820028598,0.366948129230259
"DNAJB1",0.0177859497124928,0.0221775415212236,0.801980223798565,0.430122131249101,27,0.898746820028598,0.366408210940244
"PPBP 3",0.000250236172471339,0.000312129209361199,0.801707001352006,0.430277280702077,27,0.898746820028598,0.366251584724344
"QPRT",0.0276021778515904,0.0344326458751282,0.80162813951885,0.430322068828213,27,0.898746820028598,0.366206380795097
"TPI1",1.40595606811034e-05,1.75440960261625e-05,0.8013841613804,0.430460649899798,27,0.898746820028598,0.366066542961701
"CFP",1.52595564883895e-05,1.9066259825189e-05,0.800343466851829,0.431052079273072,27,0.898746820028598,0.365470255652412
"SUMO3 2",0.000158414346767869,0.000198043779302084,0.799895595439194,0.431306759565764,27,0.898746820028598,0.365213735410489
"NUDC",0.0548630679131605,0.068703139517633,0.798552559582516,0.432071026295602,27,0.898746820028598,0.364444855516654
"CFHR1",1.37604663433181e-05,1.72331639856043e-05,0.798487518299767,0.432108059744933,27,0.898746820028598,0.364407633086812
"FZD10 2",0.0219252051683052,0.0274641492966582,0.798320928548587,0.432202922137711,27,0.898746820028598,0.364312301164038
"UBE2I",0.000608630026227725,0.000762663115456118,0.798032596428539,0.432367139395336,27,0.898746820028598,0.364147320550319
"TIMM10B",0.010995969294868,0.0137797702929697,0.797979143417076,0.432397587342653,27,0.898746820028598,0.364116737953454
"EIF3G",0.00163723459730958,0.0020537010925422,0.797211728257353,0.43283486817037,27,0.898746820028598,0.363677760738768
"ZNF566",0.0248927381126504,0.0312305394383406,0.797063981613155,0.43291908684425,27,0.898746820028598,0.363593266281092
"PDHX",0.00762438089419556,0.00956673863689918,0.796967617029707,0.432974022090334,27,0.898746820028598,0.363538160000601
"PNPO",0.00417887421948256,0.0052475813366517,0.796342915219862,0.433330254091985,27,0.898746820028598,0.363180988495005
"MDH2",3.68424737589887e-05,4.62655526477348e-05,0.79632624383646,0.433339763299401,27,0.898746820028598,0.363171458232677
"OLR1 3",0.000144405834783958,0.000181423854761733,0.795958364866674,0.433549630746856,27,0.898746820028598,0.36296117932797
"NLRP10",0.0109412930133535,0.0137463110723243,0.795943941308135,0.433557860362833,27,0.898746820028598,0.362952935651508
"CXCL12 3",1.04147314792318e-05,1.30866523831452e-05,0.79582854150274,0.433623707209698,27,0.898746820028598,0.362886981938079
"MGAT1",0.0210490330082945,0.0264792535001721,0.794925469034,0.43413920995739,27,0.899104145996619,0.362370988408889
"GTF2E2",0.032396726432011,0.0407826422538643,0.794375367597504,0.434453409561805,27,0.899132808389924,0.362056790113165
"GLRX3",0.00121951214214826,0.00153544787620744,0.794238711092203,0.434531484805838,27,0.899132808389924,0.361978750441894
"SMIM24",0.000990266605599499,0.00124694070053576,0.794156935589656,0.434578209285893,27,0.899132808389924,0.361932053956939
"ADAM17",0.0180598458302793,0.0227559393437701,0.793632183556666,0.434878112742897,27,0.899132808389924,0.361632449667808
"TIMP1 2",1.6646201922704e-05,2.09752532288345e-05,0.793611487837513,0.43488994324665,27,0.899132808389924,0.361620635201956
"OLR1 2",0.0001186825018842,0.000149786182856421,0.792346127132194,0.43561364861457,27,0.899690148315677,0.360898521420551
"TRAPPC3",0.00594420539584407,0.00750634395030674,0.791890890584779,0.435874194962566,27,0.899690148315677,0.360638841735011
"EDA2R",0.000512290969591847,0.000647360876476465,0.791352996770839,0.436182171530419,27,0.899690148315677,0.360332089706876
"DEFB119",0.00837422687735172,0.0105841105352767,0.791207428289842,0.436265541117423,27,0.899690148315677,0.360249088854952
"SNX12",0.000284681296478365,0.000360042554817223,0.790687913607558,0.436563155589588,27,0.900050369493488,0.359952920022527
"SIGLEC7",0.000227976857829142,0.000288597955146089,0.789946199423828,0.436988276534844,27,0.900286990747118,0.359530214069674
"XBP1",0.0535545333364587,0.0678039337330112,0.789844045735433,0.437046846757992,27,0.900286990747118,0.359472008800624
"SERPINB2",0.00192818679599349,0.00244258328903218,0.789404727630595,0.437298786192293,27,0.900305464881007,0.359221728122147
"DNAJB6",0.0336541798729537,0.0426809699871131,0.788505506859734,0.437814746348346,27,0.900601786461434,0.358709614741909
"PTH1R",0.02211106978408,0.0280497321686694,0.7882809593732,0.437943646471431,27,0.900613886465548,0.358581769863606
"VIT 2",7.13347670881426e-05,9.06454052657621e-05,0.786965063248349,0.438699494044089,27,0.901914910389434,0.357832866470339
"EIF1",0.00266712888245402,0.00339102723963924,0.786525348801909,0.438952242149138,27,0.901953524585257,0.357582728275785
"LTBP4",4.31865444086607e-05,5.49547135023187e-05,0.785856965787631,0.439336599007659,27,0.901953524585257,0.357202616254384
"WFIKKN2",1.33409993020792e-05,1.69784634821426e-05,0.785760108157658,0.439392314455955,27,0.901953524585257,0.357147543725386
"KLK7",1.07113312408054e-05,1.36611412107328e-05,0.784072946438044,0.440363511348063,27,0.901953524585257,0.356188673979818
"BAG6",0.00107869257838927,0.00137621117770937,0.783813266351096,0.440513109364181,27,0.901953524585257,0.356041162757473
"WFIKKN2 2",5.81997897334271e-05,7.42699221448605e-05,0.783625296117999,0.440621415636022,27,0.901953524585257,0.355934398545838
"MESD",0.000260583381033536,0.000332654087805998,0.783346396709568,0.440782144086466,27,0.901953524585257,0.355776006900794
"UBXN4",0.0122502015286373,0.0156406872424545,0.783226551285154,0.440851221405908,27,0.901953524585257,0.355707951629988
"ZFAND2B",0.00662727998404462,0.00846355280324552,0.783037589309215,0.44096014996334,27,0.901953524585257,0.355600656412007
"SNCA",0.0488996749714518,0.0624513206303307,0.783004658314667,0.440979134957983,27,0.901953524585257,0.355581958801967
"PET117",0.00124357153079242,0.0015890881461238,0.782569257612183,0.441230193832921,27,0.901953524585257,0.355334775999875
"TREML1",0.0412323290961993,0.0526973268065706,0.782436825449336,0.441306573522409,27,0.901953524585257,0.35525960343147
"MMACHC",0.00331248651000614,0.00423642361740695,0.781906345813845,0.44161260595493,27,0.901953524585257,0.354958538044876
"PTPN9",0.0426935223715496,0.054611369651168,0.781769852033669,0.4416913697399,27,0.901953524585257,0.354881086390139
"NEFL",0.000585441024324748,0.000749123057885045,0.781501808231066,0.441846069343223,27,0.901953524585257,0.354729004131276
"KLRK1 2",0.0136342821967083,0.0174571645619765,0.781013557402396,0.442127944436915,27,0.901953524585257,0.354452034899111
"SCGB1D2",0.00678023260755733,0.00868232593870469,0.780923528490439,0.442179931501553,27,0.901953524585257,0.354400971924455
"CNTN2",1.21811754139847e-05,1.55986927542145e-05,0.78091001636618,0.442187734378378,27,0.901953524585257,0.354393308264919
"UBE2N",0.000905415354767721,0.00116021242323231,0.780387570963314,0.442489496194789,27,0.901953524585257,0.354097034115952
"BCL2A1",0.00174883458556824,0.00224122075425157,0.780304475697325,0.442537503115728,27,0.901953524585257,0.354049918850783
"TREM2",9.88296314437552e-06,1.2676841012011e-05,0.779607722066693,0.442940165386752,27,0.90228698994078,0.353654936525082
"TNFRSF10D",0.00230184531479258,0.00295261740831177,0.779594846359968,0.442947608502549,27,0.90228698994078,0.353647638751675
"IRF1 2",0.0503906522867572,0.0646654273272309,0.779251825426931,0.443145928034157,27,0.902291117819845,0.353453236973268
"FANCL",0.0296680250251004,0.0381036989242619,0.778612729542898,0.443515568580054,27,0.902291117819845,0.353091130669377
"DYNC1LI2",0.00582932659898421,0.00748764743392739,0.778525785358278,0.443565869831119,27,0.902291117819845,0.353041878019399
"NRG1",0.00310658482378375,0.00399625675197169,0.777373681571138,0.444232741801304,27,0.902962935824138,0.352389435297676
"FAM162B",0.0144620395978006,0.0186218304624375,0.776617509592964,0.444670766487352,27,0.903225064541993,0.35196142096831
"SRXN1",0.00245867954642696,0.0031678261765578,0.77614092737203,0.444946968589207,27,0.903225064541993,0.351691747719115
"ACYP1",0.00025309733742755,0.000326175549548337,0.775954352734349,0.445055125746141,27,0.903225064541993,0.351586192783986
"MCL1",0.0507108207816172,0.065366907085627,0.775787367684215,0.44515194032193,27,0.903225064541993,0.351491729287118
"NOTCH1",4.3730349099466e-05,5.64081478643118e-05,0.77524880279101,0.445464276208031,27,0.903225064541993,0.351187118266394
"IDI1",0.00036563787778519,0.000471682653727926,0.775177706653795,0.445505517674488,27,0.903225064541993,0.351146912770218
"IL17B",0.000885078260885967,0.00114200538525999,0.775021092115487,0.445596374821409,27,0.903225064541993,0.351058351051253
"ACP7",0.000785406784331198,0.00101347376209307,0.774965089090363,0.445628866702046,27,0.903225064541993,0.351026684433622
"PIGR",2.48736999746881e-05,3.21102129687923e-05,0.774635160435176,0.445820314048498,27,0.90324640918565,0.350840146537323
"C1orf43",0.0323744392475278,0.0418275904442387,0.773997232536904,0.446190624729463,27,0.90324640918565,0.350479559267413
"HSH2D",0.0197082599599107,0.0254650058532714,0.773935025716039,0.446226745099389,27,0.90324640918565,0.350444403346243
"JTB",0.00147865824299069,0.00191097566766124,0.773771360888313,0.446321785463854,27,0.90324640918565,0.350351914244335
"PSG4",0.0128250253117452,0.0165853976854589,0.773272100854684,0.446611781896936,27,0.90324640918565,0.350069824154566
"TNNI2",0.00579984710509308,0.00750142300206817,0.77316625172238,0.446673279242834,27,0.90324640918565,0.350010026987504
"TKFC",0.00486222724930375,0.0062915386321653,0.772820057790914,0.446874450347825,27,0.90324640918565,0.349814475033426
"LYRM1",6.55747653284342e-05,8.49552901975588e-05,0.771873831234567,0.447424575546723,27,0.90324640918565,0.34928016522998
"SHANK3",0.00889076602651719,0.0115246175057362,0.771458664210934,0.447666077743865,27,0.90324640918565,0.349045813382498
"VWF",4.70405897694599e-05,6.10007993256558e-05,0.771147104455654,0.44784736332419,27,0.90324640918565,0.348869978325986
"SPART",0.0239841711293987,0.0311093051565154,0.770964539668462,0.447953611866118,27,0.90324640918565,0.348766957326983
"PCMT1",0.0159131478471119,0.0206437321562338,0.770846459675006,0.448022339819998,27,0.90324640918565,0.348700330156633
"NAT1",0.00800330071118596,0.010387674414819,0.77046125933332,0.448246588207203,27,0.90324640918565,0.348483007350663
"CD300C 2",0.000104658244353075,0.00013584954662388,0.770398186479318,0.448283313168318,27,0.90324640918565,0.348447426946831
"TCEA2",0.0131985290706003,0.0171374658863466,0.770156402243554,0.448424111869806,27,0.90324640918565,0.348311043332934
"PECR",0.016049325048049,0.0208412078256139,0.770076532144374,0.448470628638911,27,0.90324640918565,0.348265994621543
"CDHR3",0.0276054509120683,0.0358643995347722,0.769717359558844,0.448679848580595,27,0.90324640918565,0.348063435362796
"NLGN3",0.00169565102008096,0.00220361732830923,0.769485245145526,0.448815087724197,27,0.90324640918565,0.347932551918506
"DOHH",0.0215680050968998,0.0280378993956413,0.769244685293816,0.448955273415829,27,0.90324640918565,0.347796922863578
"TATDN3",0.00852851544025048,0.0110872482668405,0.769218406135754,0.448970589130799,27,0.90324640918565,0.347782107541342
"CAPNS1",0.000278821032403452,0.000362722818967826,0.768688976328737,0.449279212283457,27,0.903447819539295,0.347483675329612
"ENAH",0.00251464334393685,0.00327793334777115,0.767142915107378,0.450181195910003,27,0.904322407398985,0.346612649457841
"ALDOB",0.00607977276626749,0.00793910064502275,0.765801195640349,0.450964846587781,27,0.904322407398985,0.345857310733951
"MYZAP 3",0.0028676762517622,0.00374825106975684,0.765070481777581,0.451391974952107,27,0.904322407398985,0.345446166270658
"RCAN2",0.0107437676140315,0.0140438825533778,0.765014060264087,0.451424965438434,27,0.904322407398985,0.345414426533547
"RAB3D 2",0.0211890735880876,0.0277270219702417,0.764203007839391,0.451899359578186,27,0.904322407398985,0.344958274140931
"DNAJC11",0.0103813227089218,0.0135967612017819,0.763514380730706,0.45230238034484,27,0.904322407398985,0.344571126673916
"CADM2",2.38496161552231e-05,3.1245916491611e-05,0.763287457470685,0.452435234951196,27,0.904322407398985,0.344443580251893
"GRB10",0.029037371018672,0.0380648117970619,0.762840262378844,0.452697118475967,27,0.904322407398985,0.344192269882857
"PRPF6 2",0.013913274698731,0.0182781292138759,0.761197961559913,0.453659651168215,27,0.904322407398985,0.343269845495365
"GIP",0.00036417961476398,0.000478440628060984,0.761180370989647,0.453669967415334,27,0.904322407398985,0.34325996972562
"CYB5R2",0.000319084443558802,0.000419677600983653,0.760308491115376,0.454181470034662,27,0.904322407398985,0.342770588359033
"CEL",4.28573094019704e-05,5.63710489871503e-05,0.760271631839593,0.454203101730056,27,0.904322407398985,0.342749904331061
"CTSH 2",8.14571643147953e-05,0.000107147714526208,0.760232401362802,0.45422612569505,27,0.904322407398985,0.342727890109922
"NGFR",9.53021212981215e-05,0.000125378280106266,0.76011667425448,0.454294048816124,27,0.904322407398985,0.342662952340661
"INHBA|INHBB 2",0.00210653576954845,0.00277248396938149,0.759800883544295,0.454479425145185,27,0.904322407398985,0.34248577305405
"IKBKB",0.00201029846854448,0.00264615809668043,0.759704596284846,0.454535956952609,27,0.904322407398985,0.342431755371773
"SEMA4D",4.02679555623621e-05,5.30252462028306e-05,0.759411006001373,0.45470835450641,27,0.904322407398985,0.342267066285983
"GEMIN6",0.0146230300933266,0.0192561713563947,0.759394472695661,0.454718064101275,27,0.904322407398985,0.342257792696861
"PNMA2",0.00172318778439929,0.0022698284506866,0.759170933767284,0.454849355059476,27,0.904322407398985,0.342132416748107
"ATOX1",0.00416775705392267,0.00549030199528489,0.759112532881062,0.454883659342104,27,0.904322407398985,0.342099663928495
"NXPH1 2",0.00136220859578219,0.00179582257697445,0.75854297258986,0.455218296232706,27,0.904322407398985,0.34178029100398
"KCNRG",0.0200159559343313,0.0264065232034787,0.757992855784002,0.4555416489515,27,0.904322407398985,0.341471910495761
"UBE2W",0.0169772082359915,0.0224060102840829,0.757707776651874,0.455709269324307,27,0.904322407398985,0.341312137589472
"RAB6B",0.00288802844824251,0.00381334948901519,0.757346908947585,0.455921504535737,27,0.904322407398985,0.341109922865051
"MAGEA3 2",0.00402233107318538,0.00531739599671974,0.756447531022087,0.456450707557773,27,0.904373564013122,0.340606115372879
"CAPN1|CAPNS1",0.00018069669462272,0.000238970564625616,0.756146242972682,0.456628070368005,27,0.904373564013122,0.340437394573295
"TMPO",0.00361157959424762,0.00477693513579665,0.756045349492759,0.456687473713463,27,0.904373564013122,0.340380900308323
"NETO1",0.000219846857838329,0.000290790638883668,0.756031413811362,0.456695679026979,27,0.904373564013122,0.340373097400262
"AASDHPPT",0.00119864888081156,0.00159137370889622,0.753216465818674,0.458354918505923,27,0.905073642395729,0.338798103970228
"NADK",0.0258689156188522,0.0343817381384735,0.752402787627093,0.458835199436995,27,0.905073642395729,0.338343272691276
"C1GALT1|C1GALT1C1",0.000236828791159025,0.000314794098218402,0.752329197082705,0.458878651674714,27,0.905073642395729,0.338302146435943
"IGHG1",1.56303270258665e-05,2.0779907645175e-05,0.752184624338106,0.458964023152985,27,0.905073642395729,0.338221356202391
"SKP1",0.000986357394126053,0.00131211186118207,0.751732701537696,0.459230948429309,27,0.905073642395729,0.337968851709464
"MEMO1",0.0130017357112109,0.0173018013659252,0.751467170165124,0.459387825836764,27,0.905073642395729,0.337820518157039
"REXO2",0.000245966226866374,0.000327673731735425,0.750643713683387,0.459874530945605,27,0.905073642395729,0.337360642124316
"SERPINF2",1.77008816607055e-05,2.35953703618321e-05,0.750184523034169,0.460146069160217,27,0.905073642395729,0.337104283621816
"SPATA5",0.0227730639366234,0.0303628530074778,0.750030437884569,0.460237207335616,27,0.905073642395729,0.337018274221588
"CXCL9 2",0.0145873878465605,0.0194598908868482,0.749613033874677,0.460484146982517,27,0.905073642395729,0.336785316599652
"STXBP6",0.00406349001903664,0.00542147947035378,0.749516813861785,0.460541082682617,27,0.905073642395729,0.336731622391042
"ERP29",0.000892308573792102,0.00119111535219436,0.74913699344755,0.460765872355827,27,0.905073642395729,0.336519695375692
"INHBC 2",0.00134613724413376,0.00179706123711525,0.749077002125236,0.460801383058794,27,0.905073642395729,0.336486226082455
"GREM2",0.0103376990353093,0.0138136007719773,0.748371058781482,0.461219374490246,27,0.905073642395729,0.336092457540669
"NELL1",0.000941600688002584,0.00125935268749435,0.747686249732013,0.461625066935629,27,0.905073642395729,0.335710616368265
"ERP29 2",0.000253081579532587,0.000338597326266694,0.747441163588069,0.461770311468424,27,0.905073642395729,0.335573992553343
"EFNA3",1.67893565392199e-05,2.24757630457534e-05,0.746998289003235,0.462032839312732,27,0.905073642395729,0.335327155557601
"TAFA5",8.98133225591112e-05,0.000120252187494389,0.74687475072586,0.46210608627738,27,0.905073642395729,0.335258311465553
"SORCS1",2.08094671125525e-05,2.78627574398005e-05,0.746855983565619,0.462117214098423,27,0.905073642395729,0.335247853492305
"HCE000414",0.00012065078623695,0.000161548552202442,0.746839167495342,0.46212718517278,27,0.905073642395729,0.335238482848403
"CXCL13",0.00123022639868592,0.0016474662325865,0.74673846076619,0.462186901806798,27,0.905073642395729,0.335182366415616
"CRLF1",0.00208962181306315,0.00279907777226754,0.74653939014004,0.462304959273883,27,0.905073642395729,0.335071447739229
"C9",6.36489664227762e-06,8.52782585873074e-06,0.746368036556619,0.462406593634552,27,0.905073642395729,0.334975981770302
"HCE003167",0.00103890022433091,0.00139203642249906,0.746316840234555,0.462436962098581,27,0.905073642395729,0.334947460500354
"CXCL16",4.79741658127352e-05,6.43664623808902e-05,0.745328608069943,0.463023389643652,27,0.905073642395729,0.334397070026103
"ITM2C 2",0.0225500443125432,0.0302788717237201,0.744745197849554,0.46336979790096,27,0.905073642395729,0.334072276615122
"STAU1",0.000901309563134958,0.00121212531671446,0.743577871616454,0.464063374527398,27,0.905073642395729,0.333422706237982
"VPS4B",0.013329655719104,0.0179308197543079,0.743393548189647,0.464172947863155,27,0.905073642395729,0.333320173953571
"SUGT1",4.86024531438185e-05,6.54509490280834e-05,0.742578279849913,0.464657777401546,27,0.905073642395729,0.332866789269833
"YAE1",0.0100289723622184,0.0135116943335099,0.742243875170107,0.464856729952519,27,0.905073642395729,0.332680877171239
"SSNA1",0.0253254116591427,0.0341242013734549,0.742153974007529,0.464910224814296,27,0.905073642395729,0.332630902232495
"JPH3",0.0388314045245492,0.0523541228892502,0.741706715375465,0.465176415938376,27,0.905073642395729,0.332382311758424
"PPP1R1A",0.00416780957402392,0.00562261781149331,0.741257847101827,0.46544365541973,27,0.905073642395729,0.332132885297807
"MSR1 2",0.0117431152415656,0.0158440293686979,0.741169747183489,0.465496117460809,27,0.905073642395729,0.332083936964869
"STAR",0.00172993565905097,0.00233582973153574,0.740608630712818,0.465830334821756,27,0.905073642395729,0.331772233670088
"LRRC75A",0.062365691914345,0.0842279033170236,0.740439800330872,0.465930922798879,27,0.905073642395729,0.3316784654366
"KPNA4",0.0178812678325348,0.024192235278417,0.739132520279658,0.46671022434227,27,0.905073642395729,0.330952684808458
"MTFR1",0.01838005804645,0.024873237139942,0.738949174288814,0.466819582684054,27,0.905073642395729,0.330850933960768
"NSDHL",0.0116973953554728,0.0158388249583398,0.738526714338968,0.467071620071035,27,0.905073642395729,0.330616520254474
"TYMP",0.00347175697093479,0.00470795119489484,0.737424163338707,0.467729773224952,27,0.905073642395729,0.330004984301979
"FOLR3",0.0277257322068446,0.0377118557427093,0.735199360010405,0.469059498742704,27,0.905073642395729,0.328772064882556
"TNFAIP1",0.0326018079992354,0.0443580053728286,0.734970107993304,0.469196644592057,27,0.905073642395729,0.328645102354387
"STAB1",0.0136637485511343,0.0185979227412128,0.734692188007407,0.469362936716163,27,0.905073642395729,0.328491207483828
"PEBP1",2.59439566017608e-05,3.532713510648e-05,0.734391750804665,0.469542740796212,27,0.905073642395729,0.328324869325238
"SPON1",8.40649995906902e-05,0.000114471187493064,0.734376933023287,0.46955160990949,27,0.905073642395729,0.328316666087825
"ITGAM",0.0139859703494152,0.0190495601649374,0.734188623166104,0.469664330446065,27,0.905073642395729,0.328212421887607
"PTH",0.020751512641027,0.0282730714122083,0.733967397403683,0.469796774407659,27,0.905073642395729,0.328089969384219
"ISLR2",2.34160849446975e-05,3.19621579975744e-05,0.732619022359959,0.47060449608946,27,0.905073642395729,0.327343927951509
"ISLR2 2",2.27431838071471e-05,3.1044777877945e-05,0.73259289844378,0.470620153215847,27,0.905073642395729,0.327329479108508
"GJA8",0.0294028912739748,0.0401582532170508,0.732175553429963,0.470870326437646,27,0.905073642395729,0.327098677300837
"MAPK12",0.0122583166013384,0.0167559850905204,0.731578390355184,0.471228425145324,27,0.905073642395729,0.326768520191617
"CTSH",0.000401290099883883,0.000548952791481684,0.731010218202474,0.471569286879766,27,0.905073642395729,0.32645448808288
"CRYBA2",0.0235253303246591,0.0321875937548285,0.730881920029517,0.471646276356366,27,0.905073642395729,0.326383589963235
"CSH1|CSH2 2",0.0190070409841986,0.0260117359796507,0.730710207079913,0.471749329780376,27,0.905073642395729,0.32628870816969
"CBLN2",9.00220153745805e-06,1.23322458649634e-05,0.729972596721722,0.472192155942201,27,0.905073642395729,0.32588123169887
"FZD5",0.00478503842360009,0.0065559576804645,0.729876344055513,0.472249959378861,27,0.905073642395729,0.325828070762481
"FBXL4 2",0.0166553320929543,0.0228244084129275,0.729715828407667,0.472346364411629,27,0.905073642395729,0.325739423002904
"MOB4",0.00143069327977572,0.00196142224416898,0.729416261097765,0.472526314052372,27,0.905073642395729,0.325574001483749
"TNFRSF1B",7.58259402345436e-05,0.000103958402730388,0.729387314955147,0.472543704079303,27,0.905073642395729,0.325558018767988
"CALCOCO2",0.000236649469211544,0.000324488416970888,0.72930020559956,0.472596039181413,27,0.905073642395729,0.325509922502347
"NCMAP",7.41598956937261e-05,0.000101702878482708,0.729181875676556,0.472667136952767,27,0.905073642395729,0.325444591765654
"NPTX2",2.21325037876317e-05,3.03560628254729e-05,0.729096652450577,0.472718346648721,27,0.905073642395729,0.325397541988013
"RANBP3",0.00330639362505684,0.00453534020193477,0.72902880001071,0.472759120748038,27,0.905073642395729,0.32536008373658
"FUBP1",0.00191214745192653,0.00262305424379343,0.728977472139962,0.472789966216443,27,0.905073642395729,0.325331748842264
"ARHGAP1 2",0.0150437969259532,0.0206424890963867,0.728778242570879,0.472909704300422,27,0.905073642395729,0.325221773992859
"FLRT3 2",0.0039504973048852,0.00542094805615611,0.728746570518963,0.472928741011714,27,0.905073642395729,0.325204292067252
"DUSP21",0.0271041350741223,0.0371999439785384,0.728606878810338,0.473012709042207,27,0.905073642395729,0.325127190355738
"KIR3DL3 2",0.00115842922784858,0.00159003966641682,0.728553665871192,0.473044697379512,27,0.905073642395729,0.325097821401407
"RAB3B",0.0180299703268889,0.0247603201134183,0.728180017233219,0.473269347464288,27,0.905073642395729,0.324891622847044
"TMIGD2",0.00299824701522163,0.00411867475652135,0.727964015724796,0.47339924320936,27,0.905073642395729,0.324772440682943
"FAHD1",0.00298690826034559,0.00410495164798784,0.72763543069008,0.473596882637291,27,0.905073642395729,0.324591164937751
"DLL1",0.000154297909256968,0.000212110946564705,0.727439633625409,0.473714674793292,27,0.905073642395729,0.324483161434099
"CD5L",4.09182710951434e-05,5.6265721272474e-05,0.727232676836958,0.4738391992522,27,0.905073642395729,0.324369014287096
"CBLN4",2.59176948012201e-05,3.56582829510443e-05,0.726835188245121,0.474078418908486,27,0.905073642395729,0.324149814270337
"ADCYAP1 3",0.0183682109301192,0.0252900635021556,0.726301494994412,0.474399721020727,27,0.905073642395729,0.323855575038386
"FREM1",0.000374746803469641,0.000516014602819866,0.726232942675965,0.474441001124,27,0.905073642395729,0.323817786354455
"ESAM",3.41812869771512e-05,4.71614576112437e-05,0.724771639988542,0.475321450530422,27,0.905073642395729,0.323012586216944
"DHRS3",0.00663338669015169,0.00915467521265025,0.724590063117197,0.475430918798505,27,0.905073642395729,0.322912578125424
"TEPSIN",0.0237191086948024,0.0327539092194032,0.724161153892169,0.475689555968341,27,0.905073642395729,0.322676383654958
"TCP11L1",0.0221393892691643,0.0305727539093709,0.72415423663808,0.475693727822354,27,0.905073642395729,0.322672574857372
"CCM2",0.00803436736118701,0.0111015773016021,0.723714040168649,0.475959257785303,27,0.905073642395729,0.322430221389406
"MVB12B",0.000505714865173514,0.00069954232279412,0.722922471872155,0.476436954805258,27,0.905073642395729,0.321994559856017
"RNASE6",1.11192321983259e-05,1.53899809095223e-05,0.722498115085121,0.476693161082984,27,0.905073642395729,0.321761078669198
"PRKCD",0.0233750542235274,0.0323536103291856,0.722486732877575,0.476700034216309,27,0.905073642395729,0.32175481690041
"GGA1",0.000454477127467129,0.000629074305207502,0.722453808246418,0.476719916042268,27,0.905073642395729,0.321736704069221
"EPHA4 2",1.45504082497528e-05,2.01528468215914e-05,0.722002622188533,0.476992417216073,27,0.905073642395729,0.321488524916684
"DERL1",0.0275113246724845,0.0381059096310853,0.721970028765351,0.477012106048565,27,0.905073642395729,0.321470598898308
"RDH12",0.00158011857524756,0.00218954124986559,0.721666502215733,0.477195481143428,27,0.905073642395729,0.321303677582932
"FABP9",0.0121897864119293,0.0168975448234396,0.721393938545445,0.477360184939674,27,0.905073642395729,0.321153806908838
"GALNT2",0.0243233193495422,0.0337277145172597,0.721167137995523,0.47749726031384,27,0.905073642395729,0.321029115879177
"PTPN11",0.000511025645723123,0.000708630326715062,0.721145605060458,0.477510275733952,27,0.905073642395729,0.321017278223617
"IGBP1",0.00877511630709244,0.0121721752771901,0.720916032447913,0.477649051966995,27,0.905073642395729,0.320891079900664
"MZT2A",0.0124745315505565,0.017308592761097,0.720713215842389,0.477771673711655,27,0.905073642395729,0.320779602420789
"LGALS7",0.0066003350711586,0.00916260358651408,0.720355847422371,0.477987781027074,27,0.905073642395729,0.320583205271445
"WNT10B",0.00601286074013738,0.008351549130627,0.71996951057701,0.478221469854907,27,0.905073642395729,0.320370930039141
"ITGA2",0.025827716102169,0.0358842800015618,0.71975015525029,0.478354183779734,27,0.905073642395729,0.320250423259829
"DBI",1.07600357011573e-05,1.49516443000609e-05,0.719655677008949,0.478411351396418,27,0.905073642395729,0.320198524273952
"HCE004331",0.0877671061371882,0.122012506123212,0.719328771499523,0.478609188440491,27,0.905073642395729,0.32001896796517
"TNFRSF21 2",3.7371392799928e-05,5.19612019152098e-05,0.719217250996437,0.478676689389332,27,0.905073642395729,0.319957721287804
"RHOQ",0.000607133863443588,0.000845972879243072,0.717675327827078,0.479610547426667,27,0.905931229491557,0.319111274616494
"PON2",0.0132394401823052,0.0184605248902874,0.717175717428862,0.479913360016215,27,0.906019984658312,0.318837159839286
"SEZ6L2",0.0149256910969422,0.0208227978812088,0.71679565743716,0.480143787469837,27,0.906019984658312,0.318628686054635
"FN1 3",3.58697656280393e-05,5.00453654584309e-05,0.716745003247778,0.48017450354791,27,0.906019984658312,0.318600903967503
"THAP11",0.000302879317687768,0.000422830629419598,0.716313570054086,0.480436165393008,27,0.906153739390613,0.318364308014668
"MBL2",0.00939574891061387,0.0131185239468113,0.716219976325741,0.480492940351641,27,0.906153739390613,0.318312988825509
"GZMM",0.0213532652964448,0.0298312753913621,0.715801286277819,0.480746969703606,27,0.906165953965011,0.318083444572894
"WWC1",0.00263824000294923,0.00368741282335999,0.715471830611373,0.480946912958652,27,0.906309485140358,0.317902858514946
"NIF3L1",0.000522134191383331,0.000730931597472338,0.714340703273663,0.481633748033452,27,0.906981693708805,0.317283089708707
"TXNL1",0.00151088244469632,0.00211527510924805,0.714272312897122,0.481675293694828,27,0.906981693708805,0.317245629141615
"GAPDHS",0.0344077189752645,0.0482601031064413,0.712964058517978,0.482470427824605,27,0.907857678072531,0.316529300820043
"SEZ6L",6.43876450202962e-06,9.03185756844032e-06,0.712894822935246,0.482512529078025,27,0.907857678072531,0.316491405141322
"LPO",0.00538782052337865,0.00758000557433232,0.710793741580228,0.483791176247091,27,0.909140583707456,0.315342056896306
"LAT2",0.0489122932592447,0.0688372028705283,0.710550272521109,0.483939469294899,27,0.909140583707456,0.315208956114248
"AMN",0.0401424840156224,0.0566093631915116,0.70911385948326,0.484814897342162,27,0.909988640627061,0.314424043680688
"SLC5A8",0.0381029618916641,0.0537420220578682,0.708997548522378,0.484885823370336,27,0.909988640627061,0.31436051318709
"ANGPT1",0.000544051393898878,0.000768269098496753,0.70815212399328,0.485401539543096,27,0.910412517034671,0.313898850554536
"SST",0.000963465358667757,0.00136076948371509,0.708029809749526,0.485476178352932,27,0.910412517034671,0.313832075464915
"CD300LF",0.0329159257837115,0.0466348162716486,0.705822996963807,0.486823955109949,27,0.911520257343589,0.312628059620082
"ARHGEF10",0.00875024318977206,0.0123988931657723,0.70572776721131,0.486882163447755,27,0.911520257343589,0.312576135205809
"RNF8",0.00146222237236317,0.00207209117872884,0.705674724825667,0.486914586863188,27,0.911520257343589,0.312547214775734
"DLD",3.27914993954259e-05,4.64755898367572e-05,0.705563920987429,0.48698232232833,27,0.911520257343589,0.312486803579211
"CYTH2",0.0286949820515868,0.0406798219759753,0.705386126530579,0.48709102109482,27,0.911520257343589,0.312389876022388
"TFPI2",0.00337810966406692,0.00479159682651885,0.70500707517188,0.487322809348833,27,0.911520257343589,0.312183260807288
"NMES1",0.00165030350256598,0.00234368693625748,0.70414844108884,0.487848093949115,27,0.911864807700239,0.311715387484522
"ZRANB1",0.0218495870233025,0.0310562966899396,0.70354772951343,0.488215782512079,27,0.911864807700239,0.31138818528934
"CRTAM",0.00582649942821008,0.00828511918020687,0.703248716340687,0.488398864085156,27,0.911864807700239,0.311225354805211
"PARK7",1.93392565655735e-05,2.75078764827488e-05,0.703044329056146,0.4885240301471,27,0.911864807700239,0.311114068785316
"ATP1B4",0.026783276638124,0.038109092028376,0.702805425492195,0.488670357110243,27,0.911864807700239,0.310984004605763
"ACAD8",0.0124782825567244,0.0177647271499794,0.702419038095883,0.488907070049472,27,0.911864807700239,0.310773682389935
"STARD7",0.0498925202395492,0.0710508141279966,0.702208987354723,0.489035781164542,27,0.911864807700239,0.310659363792917
"ARHGEF7",0.0116760145748605,0.0166305691749171,0.702081477311721,0.489113923920522,27,0.911864807700239,0.310589973662514
"LILRA5",0.00651335147751488,0.00927914427382376,0.70193449797832,0.48920400701256,27,0.911864807700239,0.310509994366094
"HBQ1",0.0209400814273968,0.0298402824805392,0.701738713132264,0.489324017546776,27,0.911864807700239,0.310403467191127
"EIF4EBP2 2",0.0314880187743601,0.0448769763255482,0.701651968393291,0.489377194977519,27,0.911864807700239,0.310356272675659
"IFNW1",0.0323133872653695,0.0460780853934804,0.701274521053376,0.489608621271377,27,0.911864807700239,0.310150943522582
"PTPRN",0.0152775609128299,0.021803389049825,0.700696615462746,0.489963076671177,27,0.911864807700239,0.309836646914676
"NUDT9",0.000340764746291343,0.000486447367818511,0.700517196381418,0.490073152225075,27,0.911864807700239,0.309739088876632
"SEPTIN5",0.000535288993148,0.000764170063449503,0.7004841183279,0.490093447510721,27,0.911864807700239,0.309721103912508
"HTR7",0.00686957860762681,0.00980883802852706,0.70034580932502,0.490178313223301,27,0.911864807700239,0.309645906988054
"GSTA2",0.00531330595801409,0.00759581577984862,0.699504320801207,0.49069482704899,27,0.911864807700239,0.309188520368219
"RAP1GAP",0.0137636826796307,0.0196843641802149,0.699219063090938,0.490869991414648,27,0.911864807700239,0.30903351701682
"CBR1",0.00269900412191043,0.00386204982915847,0.698852744346525,0.491094984112009,27,0.912051339087777,0.308834501591468
"MEOX2 2",0.0529891829522675,0.0758494843046389,0.698609666737402,0.491244314631393,27,0.912097293283396,0.308702462852652
"GPT",0.0167215511112913,0.023958722964799,0.697931652528358,0.491660977622772,27,0.912408115887533,0.308334259628528
"GNAQ",0.00620718640877881,0.0089012225914115,0.697340881551252,0.492024190677233,27,0.912546387904011,0.308013544347746
"SHANK1",0.0363185280606867,0.0521791093381537,0.696035799026764,0.492827112119055,27,0.912546387904011,0.307305408149211
"RP9",0.000532644008520355,0.000765988829048798,0.695367854361258,0.493238337475106,27,0.912546387904011,0.306943174763224
"PTGR2",0.000600585813018176,0.00086410032753685,0.695041760636949,0.493439170440302,27,0.912546387904011,0.306766378091416
"PCDH1",0.00367102980896075,0.00528410867782097,0.694730186827759,0.493631104344304,27,0.912546387904011,0.30659748264683
"THAP4",0.00325085951369115,0.00468008327742494,0.694615741000195,0.493701615250454,27,0.912546387904011,0.306535451890836
"CRIM1",0.00866136046252013,0.0124701406312701,0.694567985929597,0.493731039187748,27,0.912546387904011,0.306509569308264
"RAF1",0.00676045681407513,0.00973514063867887,0.694438536122943,0.493810803746974,27,0.912546387904011,0.306439412669846
"JARID2",0.0178750277399184,0.0257432111520158,0.694358898521432,0.493859878588508,27,0.912546387904011,0.306396254695681
"RAD23A",0.000780004560115573,0.00112349904071428,0.694263663651798,0.493918568523503,27,0.912546387904011,0.30634464653392
"CNTN3",2.27718987966828e-05,3.28093209456903e-05,0.694067970330059,0.494039179932596,27,0.912546387904011,0.306238607850048
"TTC1",0.000690117800203903,0.000994670843356352,0.693815250354795,0.494194963237177,27,0.912546387904011,0.306101685177257
"PF4",0.000180091778002754,0.000259622513070975,0.693667802042734,0.494285867168608,27,0.912546387904011,0.306021806893935
"FAM174A",0.00441237026213259,0.00636444575565865,0.693284290813468,0.494522351593838,27,0.91262872095248,0.305814074229616
"GZMK",0.00080667084711531,0.00116478995250588,0.692546192882132,0.494977665292053,27,0.912990186798571,0.305414397145733
"HDGFL2",0.0229084370483268,0.0330840044703472,0.692432413036922,0.495047874298212,27,0.912990186798571,0.305352799979222
"CD86",0.0190194858710559,0.0274748222532791,0.692251461928417,0.495159543639564,27,0.912990186798571,0.305254845998927
"CST6",0.000400514213513171,0.000579523758850045,0.691109220971226,0.495864777773975,27,0.912990186798571,0.304636739383162
"UBE2K",0.000215636677717301,0.000312024677969531,0.691088535434232,0.4958775545293,27,0.912990186798571,0.304625549229925
"UNC5D",2.44352322480769e-05,3.53619655389592e-05,0.691003225517993,0.495930249543558,27,0.912990186798571,0.304579400865608
"GABBR1",0.00250388853280272,0.00362685574557531,0.690374447855394,0.496318736496209,27,0.912990186798571,0.30423932947058
"PLXND1",4.1889618968002e-05,6.07146412825828e-05,0.689942624762223,0.496585635820146,27,0.912990186798571,0.304005846952761
"LRP12 2",0.000572731046853753,0.000830345845835528,0.689749999625093,0.496704718900028,27,0.912990186798571,0.303901714008184
"AHSG 2",4.69234180780409e-05,6.80440508863388e-05,0.68960353575101,0.496795275362515,27,0.912990186798571,0.303822543052381
"UBL4A",0.00112483804765434,0.00163130174601262,0.689534018095534,0.496838260375018,27,0.912990186798571,0.303784967521615
"PGLYRP1 2",0.003063560360075,0.00444941044888242,0.688531749379177,0.497458229178689,27,0.913527064779069,0.303243380443498
"ALG2",0.0255096666186981,0.0370606125020979,0.68832285535632,0.497587498824201,27,0.913527064779069,0.303130539209253
"MAPK11",0.0224585492780087,0.032633843533655,0.688198104977963,0.49766470700447,27,0.913527064779069,0.303063157119528
"ARHGAP30",0.00142741311642473,0.0020759549361622,0.687593498086031,0.498038994884638,27,0.913728452291408,0.302736652018968
"ADH1B",0.0202739304912842,0.0295782349497982,0.685434087791047,0.499377095607482,27,0.914588762604038,0.301571380846102
"DTNA",0.022071890535484,0.0322587436565699,0.684214201596433,0.50013390514526,27,0.914588762604038,0.300913702704142
"EPHB2 2",0.000566059761291315,0.000827657608367061,0.683929870962137,0.500310394769435,27,0.914588762604038,0.300760473842337
"NEUROG1",0.0379718735644148,0.0556072290641746,0.68285858158105,0.500975679863866,27,0.914588762604038,0.300183356682234
"AP2A2",3.16203572242732e-05,4.63237536416464e-05,0.682594883585721,0.501139516110599,27,0.914588762604038,0.300041350695674
"UNC5B 2",1.95996350370532e-05,2.87221484418024e-05,0.682387498858816,0.501268385930851,27,0.914588762604038,0.299929684672264
"MAG",1.19198437685459e-05,1.74728261422989e-05,0.68219323373738,0.501389120059645,27,0.914588762604038,0.299825094289501
"CFI",9.98084065926977e-06,1.4651445369604e-05,0.681218842748176,0.501994942248593,27,0.914588762604038,0.299300658481659
"PGLYRP2",1.16346180085124e-05,1.70859004089132e-05,0.680948485597106,0.50216310811039,27,0.914588762604038,0.299155196307692
"ZNF18",0.00615899925365461,0.00904622197456203,0.680836626712644,0.50223269511951,27,0.914588762604038,0.299095018329998
"PLEKHA7",0.0269107557099022,0.0395366388429358,0.680653603782773,0.502346564695418,27,0.914588762604038,0.298996563323681
"VEGFB",0.00597969558392261,0.00878656307824855,0.680550009220962,0.502411023524862,27,0.914588762604038,0.29894084020339
"CYB5A",0.0176604225285295,0.0259694681603559,0.680045598911773,0.502724945082626,27,0.914588762604038,0.298669564656642
"PSMD4",0.0421318783530514,0.062046182586244,0.679040620984027,0.503350724478625,27,0.914588762604038,0.298129301966982
"PIH1D1",0.0127186140708886,0.0187433026858106,0.678568461710705,0.503644879133834,27,0.914588762604038,0.297875577428843
"PLXNA4",9.09560202482926e-05,0.000134077348244769,0.678384689427518,0.503759395069036,27,0.914588762604038,0.297776841220876
"PTP4A3",0.012120970044277,0.0178775619645052,0.677999050896447,0.503999749417502,27,0.914588762604038,0.297569679480315
"DPP10",0.0143621567302611,0.0211845675530772,0.677953736571551,0.504027996388299,27,0.914588762604038,0.297545339865454
"DCP1A",0.0159951024564031,0.0236088676656727,0.677504007515788,0.504308385875504,27,0.914588762604038,0.297303810129232
"KL",0.000117037699346227,0.00017279113751489,0.677336239748648,0.504413005242992,27,0.914588762604038,0.297213724572282
"STK17B 3",0.0178106757439504,0.026303414834965,0.677124086575817,0.504545320572614,27,0.914588762604038,0.29709981735454
"ZNF263",0.0297649478800523,0.0439838432092165,0.676724581307512,0.504794536034803,27,0.914588762604038,0.296885354601436
"ME1",0.000169295759460469,0.000250433562740388,0.676010665694873,0.505240055240444,27,0.914588762604038,0.296502226049579
"CLEC9A",0.0233536380991178,0.034686092711361,0.673285350801954,0.506942807375232,27,0.914588762604038,0.295041034438675
"ITPA",0.00192660438399927,0.00286220148836999,0.673119761773469,0.507046368915246,27,0.914588762604038,0.294952323027206
"CSF1 2",0.000834548018551296,0.00124019939753844,0.672914387966735,0.50717482875659,27,0.914588762604038,0.294842308760755
"FCN3 2",0.00109278678655034,0.00162545971157765,0.67229398475198,0.50756299664407,27,0.914588762604038,0.294510047213807
"CD300LG",0.000834793865000845,0.00124188040424628,0.67220149552766,0.507620878578777,27,0.914588762604038,0.294460523564967
"PSG8",0.00707987100366897,0.0105340991187366,0.672090790476451,0.507690165240483,27,0.914588762604038,0.29440124948324
"OXCT1",0.00212421022602832,0.00316101397868016,0.672002794152546,0.507745243011178,27,0.914588762604038,0.294354136743783
"METTL24",0.00185044769564268,0.00275603109420944,0.671417568375976,0.508111626256587,27,0.914588762604038,0.294040867751948
"MCEE",0.00538564072488952,0.00802651597850528,0.670981125473626,0.508384959071149,27,0.914588762604038,0.293807306837603
"A1BG",8.96604792672117e-05,0.000133852497766379,0.669845395217813,0.50909662058704,27,0.914588762604038,0.293199785825109
"PSG6",0.0101476214506462,0.0151684058339272,0.668997227642012,0.509628453005935,27,0.914588762604038,0.292746332951917
"APOL1",1.65093089061891e-05,2.4683117942532e-05,0.668850221622189,0.509720662579262,27,0.914588762604038,0.292667761031127
"ACYP2",3.22129878224809e-05,4.81859548433183e-05,0.668514049938924,0.509931561188803,27,0.914588762604038,0.292488107416814
"SLC6A14",0.00881501748869951,0.0131925975371273,0.668179065107673,0.510141763398086,27,0.914588762604038,0.292309120948553
"TRIAP1",0.0112869335141674,0.0169065412859192,0.667607485368274,0.510500539366002,27,0.914588762604038,0.292003794725837
"KIAA2013",0.00806379358076513,0.0120789934175037,0.66758820888832,0.510512641495396,27,0.914588762604038,0.291993499289669
"ANTXR1",0.016471738899191,0.0246756229069435,0.667530824300123,0.510548669539482,27,0.914588762604038,0.291962851216772
"ARRDC3",0.0280107980982627,0.0419683878698999,0.667426115701534,0.510614412880446,27,0.914588762604038,0.291906930726238
"NR4A1",0.0312899065920617,0.0469107846475236,0.667008808894727,0.510876473755035,27,0.914588762604038,0.291684096444028
"SULT1C4",0.0451473654075257,0.0677757332933007,0.666128763404886,0.511429370213184,27,0.914588762604038,0.29121433505967
"CASP8",0.0192435683097467,0.0288910741517191,0.666073134169075,0.511464330914124,27,0.914588762604038,0.291184648222238
"APOBEC2",0.00979585206461093,0.0147102626381241,0.665919589989055,0.511560834024468,27,0.914588762604038,0.291102713251586
"CHST1",0.0029133071959,0.00437613570284747,0.665725972346873,0.511682537835081,27,0.914588762604038,0.290999403921511
"UFC1",0.000863645809272473,0.00129741125977123,0.66566850161664,0.511718665763411,27,0.914588762604038,0.290968741147483
"UNC5A",0.000124520260322575,0.000187074336809181,0.665619146091573,0.511749693343077,27,0.914588762604038,0.290942408908641
"IL17C",0.00868550901261523,0.013053695775956,0.66536781319918,0.511907711088241,27,0.914588762604038,0.29080832843403
"VSIG1",0.027429953198581,0.0412604437222068,0.664800247502378,0.512264649726354,27,0.914588762604038,0.290505612810922
"FGF19",0.0018879405828494,0.00284032723590529,0.664691222540654,0.512333230629517,27,0.914588762604038,0.290447474279849
"DNAJB8",8.67201356341775e-05,0.000130589693298438,0.664065696486437,0.512726808784066,27,0.914588762604038,0.290113974148061
"ADGRF1",0.000545302642529662,0.000821456404061794,0.663824202761515,0.512878800257204,27,0.914588762604038,0.289985252038935
"IFNGR2 3",0.00574097246023353,0.00866230226237579,0.662753652128847,0.513552883923675,27,0.914588762604038,0.289414827600002
"HES3",0.0209001994042008,0.0315382613179633,0.662693456480959,0.513590801282229,27,0.914588762604038,0.289382763342911
"NTS",0.0108116198346967,0.0163255426409551,0.662251789877668,0.513869055235034,27,0.914588762604038,0.289147534378083
"HSF2BP",0.0124893811900563,0.01886342411758,0.662095127173472,0.513967774145424,27,0.914588762604038,0.289064110478592
"CPPED1",0.000356870829051809,0.000539140451975828,0.661925529319787,0.514074655765678,27,0.914588762604038,0.288973806622039
"IGFBP5 2",1.37396392222818e-05,2.07672034964616e-05,0.661602763444913,0.51427809870278,27,0.914588762604038,0.288801970361118
"PAK6",0.00377211538566567,0.00570193704061959,0.661549813474577,0.514311477901213,27,0.914588762604038,0.288773783410706
"OGT",0.0553741729648578,0.0837083543949602,0.661513099440307,0.514334622809093,27,0.914588762604038,0.28875423984607
"UNC5C",1.3038228005869e-05,1.97356021847561e-05,0.660645055763223,0.514882013889046,27,0.914588762604038,0.288292278895566
"ANXA8",0.0148541135233436,0.0224973296234079,0.66026118530478,0.515124186175895,27,0.914588762604038,0.2880880585913
"EMILIN3",0.00268679744194387,0.00407168547177255,0.659873524261738,0.515368813509571,27,0.914588762604038,0.287881865432946
"magainins 2",0.0162729441064128,0.0246661270953542,0.659728381496817,0.51546042000354,27,0.914588762604038,0.287804676712159
"CPLX1",6.05751208623975e-05,9.18912835432926e-05,0.659204208785034,0.515791324962626,27,0.914588762604038,0.287525966487621
"TNFAIP8",0.00149908858295683,0.00227429585376652,0.65914405132215,0.515829309242721,27,0.914588762604038,0.287493985034934
"LACRT",0.000582209316346725,0.000883909328595114,0.658675383901751,0.516125285253998,27,0.914588762604038,0.287244864089723
"PNLIP",0.00203959344429227,0.00309860812086625,0.658228909476322,0.516407332681489,27,0.914588762604038,0.287007599634706
"TMEM9 2",0.000858265553300228,0.00130433451147013,0.658010307749099,0.516545458967309,27,0.914588762604038,0.286891452053558
"PKN2",0.0002934944201505,0.000446413939257206,0.657449049729157,0.516900190015632,27,0.914588762604038,0.286593308183005
"SAT1",0.0139224967805461,0.0211813023377014,0.657301263093955,0.516993617640375,27,0.914588762604038,0.286514818300015
"PSMC3IP",0.0203949092796812,0.0310431429869526,0.656985965894406,0.517192972959344,27,0.914588762604038,0.286347384460076
"RPA2",0.00780294773126106,0.0118817329006932,0.65671798856931,0.517362442180998,27,0.914588762604038,0.286205101992848
"LMO3",0.0136511380950252,0.0207873267702967,0.656704839726265,0.517370758311947,27,0.914588762604038,0.286198121159952
"ETV2",0.0161488567334125,0.0245945131266197,0.656604042140353,0.517434511296477,27,0.914588762604038,0.286144608542198
"PLG",0.000124713662205802,0.000190038018063693,0.65625638215193,0.517654434202376,27,0.914588762604038,0.285960061491767
"JAML 2",4.99649809609726e-05,7.61540479689549e-05,0.656104071858943,0.517750798876398,27,0.914588762604038,0.285879222328583
"TENM3",0.0132842168770723,0.0202618088758747,0.655628377429298,0.518051827735386,27,0.914588762604038,0.285626789726707
"NCAM2",8.01271792491784e-05,0.000122238198505716,0.655500328282666,0.518132876173361,27,0.914588762604038,0.28555885031529
"CAMKK1",0.0346021053802708,0.052811961530973,0.655194474455896,0.518326493857586,27,0.914588762604038,0.285396591966787
"SSMEM1",0.00334782720537829,0.00511142024315088,0.654970056485624,0.518468584629158,27,0.914588762604038,0.285277553518997
"KLRC4",0.0276351159583068,0.0422117881516677,0.65467769000956,0.51865372919236,27,0.914588762604038,0.285122495119548
"MRC1",4.61416352556982e-05,7.05173207182163e-05,0.65433052171789,0.518873624722072,27,0.914588762604038,0.284938404712256
"COL18A1",0.000104212906970906,0.000159285878452673,0.65425075959806,0.518924153066438,27,0.914588762604038,0.284896114814118
"EDA 2",0.00150327623349647,0.00229780610221668,0.654222404599877,0.518942116266643,27,0.914588762604038,0.284881081434661
"EIF4A2 2",0.000226234044686448,0.000346120881266835,0.65362726414659,0.51931922284054,27,0.914588762604038,0.284565601496872
"GALK2",0.00156417263439911,0.00239494383626452,0.6531145368481,0.519644229203564,27,0.914588762604038,0.284293891314245
"NRP1",0.000116224102248116,0.000178022199207527,0.652862973075785,0.519803730556858,27,0.914588762604038,0.284160607954583
"EIF4G1",0.000921483590899171,0.00141215254558003,0.65253827837748,0.520009639403776,27,0.914588762604038,0.283988605786225
"TNRC6B",0.0167703641827564,0.0257045392205033,0.652428119364207,0.520079508135705,27,0.914588762604038,0.283930257701637
"PCSK2",0.000401753960467213,0.000616020766827364,0.652176001364906,0.520239434165928,27,0.914588762604038,0.283796731356664
"LEFTY2 2",0.00150059465149622,0.00230098692941703,0.652152618648906,0.520254267888816,27,0.914588762604038,0.28378434838119
"CD84",0.00225994521801696,0.00346772357484266,0.651708583236628,0.52053600268581,27,0.914588762604038,0.283549227292643
"LAYN",0.000153176700999378,0.000235149499355306,0.651401348586036,0.520730987957153,27,0.914588762604038,0.283386577311136
"FAM189A2",0.000199220386273105,0.000305908154744871,0.651242483023233,0.520831827020984,27,0.914588762604038,0.283302484736997
"NPTXR",9.85679329776173e-06,1.51409799998864e-05,0.651001011680597,0.520985120094007,27,0.914588762604038,0.283174680449703
"SAA4",6.11844060640196e-06,9.40534596190261e-06,0.650527969006709,0.52128549284978,27,0.914588762604038,0.282924361132748
"TBC1D25",0.0176180502956612,0.0271119538152133,0.64982591869772,0.521731455200554,27,0.914588762604038,0.282552978864717
"LGALS3",0.000284032437572839,0.000437334161493346,0.649463185320272,0.521961955326865,27,0.914588762604038,0.282361150625596
"EPS8L2",0.0129787411852308,0.0199964560207848,0.649052070613935,0.52222326667803,27,0.914588762604038,0.282143782906062
"CNPY4",0.000143239653148341,0.00022070045479725,0.649022917872691,0.522241799354125,27,0.914588762604038,0.28212837092298
"HSPA1A 5",0.000320590740010962,0.000494214843999341,0.648686990897809,0.522455377215188,27,0.914588762604038,0.281950796617451
"CNTNAP2",1.17262555315682e-05,1.80791884545829e-05,0.648605193813095,0.522507389911454,27,0.914588762604038,0.281907562872276
"GFRA1",0.000870026771022071,0.00134162526289455,0.648487170810268,0.522582442726516,27,0.914588762604038,0.281845185414433
"RAMP1",0.0226855981491616,0.0349861626035756,0.648416301216273,0.522627512718121,27,0.914588762604038,0.281807731410931
"RIOX2",0.0108167782463816,0.0167035560424028,0.647573380118742,0.523163736422143,27,0.914588762604038,0.281362367163865
"TLR4",0.0477745952857889,0.0738872016861985,0.646588234437261,0.523790815712375,27,0.914588762604038,0.280842120879104
"CST5 2",0.00149255948996364,0.00230880553392769,0.646463926056403,0.523869971342367,27,0.914588762604038,0.280776494955509
"CST5",0.024054014994838,0.0372147603225297,0.646356842993714,0.523938163653628,27,0.914588762604038,0.280719966391659
"GSTP1",0.000358916328115067,0.000555635418428752,0.645956532306788,0.52419313104913,27,0.914588762604038,0.280508674284123
"PTGR1 2",0.000190701901296147,0.000295480695768079,0.645395465854149,0.524550601128954,27,0.914588762604038,0.280212610938309
"GDI1 2",0.0153674805412502,0.023818993513161,0.645177577833381,0.52468945897986,27,0.914588762604038,0.280097660697535
"UFD1",0.0238960527385049,0.0370409668642063,0.645124972739205,0.524722986671755,27,0.914588762604038,0.280069910137408
"RSRP1",0.0224796489003207,0.0348592624631761,0.644868746837869,0.524886308087891,27,0.914588762604038,0.279934755864802
"SSRP1",0.00916678095505062,0.0142304064595322,0.644168596386808,0.525332733033198,27,0.914733303668527,0.279565537836148
"ELMO1",0.0109335053144778,0.0169747310174663,0.644104775694393,0.525373436176385,27,0.914733303668527,0.279531889703095
"CSF1",0.00677621831403324,0.0105210473282689,0.644063095869391,0.525400019386171,27,0.914733303668527,0.279509915525383
"HCE004152",0.0447431090466601,0.0695419202849648,0.643397663787747,0.52582452790515,27,0.914769269226582,0.279159159413741
"mdh",0.042006248183525,0.0653134760753779,0.64314825527041,0.525983684537574,27,0.914769269226582,0.279027726996823
"GGT5",0.00135292885519303,0.00210405896744313,0.643009001233988,0.526072558959345,27,0.914769269226582,0.278954351316982
"TDGF1",5.17424948231162e-05,8.04945163596145e-05,0.642807698749977,0.526201048204243,27,0.914769269226582,0.278848291125145
"ZFYVE27",0.0231285131566437,0.0359992815687345,0.64247152022975,0.526415665320695,27,0.914769269226582,0.278671195265861
"PLA2G7",0.000519972546492988,0.000809654320521978,0.64221549038084,0.526579147164023,27,0.914823489652197,0.278536343199779
"H3C1",0.00128865449248029,0.00200897293660688,0.641449403821641,0.52706847798462,27,0.914823489652197,0.278132956554345
"NOTCH2 2",0.0128813135701797,0.0200998086946003,0.640867471223256,0.527440346613622,27,0.914823489652197,0.277826651862537
"METAP2",0.000573572465371482,0.000895017511152623,0.640850551217509,0.527451161019249,27,0.914823489652197,0.27781774737017
"TBXAS1",0.0180777845714206,0.0282978066140088,0.638840487462773,0.52873674466103,27,0.915858534620322,0.276760507168164
"ACOT8",0.00549011755799473,0.00859650874278645,0.6386450269828,0.528861846243949,27,0.915858534620322,0.276657763220016
"BNIP3L",0.0170586662215448,0.0267420220833072,0.637897394909157,0.529340504518847,27,0.915858534620322,0.276264873029339
"SIRT2 2",0.00112846387730866,0.00176925113739142,0.637820066049226,0.52939002629682,27,0.915858534620322,0.276224245061603
"SELPLG",0.0189929729428229,0.0297797590825089,0.637781282588629,0.529414864354811,27,0.915858534620322,0.276203869198922
"SEMA5B",0.00206051957979299,0.00323200607644851,0.63753580007411,0.529572093091919,27,0.915858534620322,0.276074909020624
"NCOA2",0.0216594435487177,0.0339826086621531,0.637368477624854,0.529679275636086,27,0.915858534620322,0.275987019046589
"C11orf68",0.00113190712460976,0.00177730347794473,0.636867669847077,0.530000150377316,27,0.915858534620322,0.275724007176514
"TGFB1 2",0.0052878630456229,0.00830388714678277,0.636793703015534,0.530047550868858,27,0.915858534620322,0.275685167845217
"H6PD",0.000549940686033656,0.00086420886672815,0.636351589536107,0.530330920044118,27,0.915858534620322,0.275453051340663
"PRRT2",0.000414492100071224,0.000651412885806062,0.636297053839102,0.530365879926745,27,0.915858534620322,0.27542442320844
"ARFGAP2",0.0041864319015849,0.00658481579924527,0.635770540774237,0.530703462793373,27,0.915946378102414,0.275148078628109
"HAGH",8.05377744533588e-05,0.000126693132604623,0.635691712704716,0.530754014716697,27,0.915946378102414,0.27510671206971
"GPR101",0.00629158752587739,0.00989958669762129,0.635540423863266,0.530851042519948,27,0.915946378102414,0.275027325410098
"CXCL2",0.00151718134310653,0.0023913181676266,0.634453985942131,0.531548100598838,27,0.915959288031134,0.27445742939196
"TOR4A",0.010032490398139,0.0158166662223967,0.634298673125742,0.531647789433221,27,0.915959288031134,0.274375987559439
"LIN7A 2",0.00947578870920737,0.0149462251450099,0.633992102840165,0.531844593646452,27,0.915959288031134,0.274215251128869
"ELK1",0.0233960840257295,0.0369029503216792,0.633989527172984,0.531846247273798,27,0.915959288031134,0.274213900809389
"ARRDC5",0.036720681010689,0.0579474701153837,0.633689114254196,0.532039137043523,27,0.915959288031134,0.274056419628126
"CDKN1A",0.00933538458180649,0.0147508682840471,0.632870174286799,0.532565154643435,27,0.91623641938228,0.273627252544356
"MAPKAPK2",0.0268380804649649,0.0424178442844702,0.632707317349239,0.53266979341258,27,0.91623641938228,0.273541930446613
"VAT1L",0.00166757869302693,0.00263628213126802,0.632549404803212,0.532771265853075,27,0.91623641938228,0.273459206168771
"IL20",0.0259845560017299,0.0412007260679853,0.630681992323455,0.533972026001524,27,0.916577397057367,0.272481494416017
"WIF1",0.000113772757309648,0.00018042716517757,0.630574432612055,0.53404123184213,27,0.916577397057367,0.272425211004717
"ADAM29",0.0155441534708647,0.0246668247121747,0.630164346333262,0.534305132765169,27,0.916577397057367,0.272210653777261
"AAMDC",0.000866739366289177,0.00137574186843613,0.630015983503099,0.534400625211876,27,0.916577397057367,0.272133042437621
"AK2",0.000525430889415115,0.000834230877276428,0.629838697808125,0.53451474559313,27,0.916577397057367,0.272040309461011
"RFNG",0.00464064350901786,0.00737211621596161,0.629485940410198,0.534741857476628,27,0.916577397057367,0.27185581971556
"CTSV",0.00353014339611561,0.00560805026645907,0.629477844952439,0.534747070091582,27,0.916577397057367,0.271851586273113
"PPM1D",0.0218688108108559,0.0347631005633357,0.629081136506008,0.535002541510181,27,0.916577397057367,0.271644154873677
"PYDC1",0.0220404956968966,0.0350857286203205,0.628189767281373,0.535576801566398,27,0.916577397057367,0.271178242656848
"HAX1",0.00170765724482392,0.00271844423255928,0.628174462573486,0.535586664422502,27,0.916577397057367,0.271170245027882
"ICOSLG 2",0.000373170555383606,0.000594270982804979,0.627946788891203,0.535733396279661,27,0.916577397057367,0.271051279951767
"ADPRS",0.000252038753176172,0.000401544910684296,0.627672637530528,0.535910110722718,27,0.916577397057367,0.270908049282825
"ASH1L",0.0403949583548101,0.0644078315537809,0.627174636691193,0.53623119530931,27,0.916577397057367,0.270647924488517
"SCRN3",0.0378297833582163,0.060326020952302,0.627088986825887,0.536286428161323,27,0.916577397057367,0.270603193619122
"IL26",0.00308491124010702,0.0049220567595523,0.626752471742649,0.536503465358816,27,0.916577397057367,0.270427468513779
"NCR2",0.0272284115161437,0.0434808636951444,0.626215976459188,0.536849577784215,27,0.916577397057367,0.270147384113517
"CREBBP",0.00186988422613526,0.00298618855825202,0.626177546949616,0.536874374615857,27,0.916577397057367,0.270127324717191
"ENTPD2",0.00336131478775295,0.00537394352794528,0.625483831430984,0.53732210303877,27,0.916577397057367,0.269765294122663
"TSSC4",0.00598160983192444,0.00956457153861291,0.62539234588567,0.537381163246694,27,0.916577397057367,0.269717560905073
"GNAS|GNAS",0.00661509634587471,0.0105871938462735,0.624820556034601,0.537750371284189,27,0.916577397057367,0.269419281086258
"ITGA6 2",0.0157635340743687,0.0252379751266707,0.624595832084417,0.537895513833351,27,0.916577397057367,0.269302077814353
"adk",0.013224531301502,0.0211741475376363,0.624560269923303,0.537918484292957,27,0.916577397057367,0.269283531961868
"TREM2 3",5.63519311852758e-06,9.0279649673517e-06,0.624193064428853,0.538155701745703,27,0.916577397057367,0.269092054025228
"SCP2D1",0.0287263957970831,0.0460280544777115,0.62410623527426,0.538211802159956,27,0.916577397057367,0.269046783055459
"NETO2",0.000995931887196934,0.00159627064041082,0.623911673862909,0.538337519809715,27,0.916577397057367,0.268945350672005
"DEFB112",0.0207887375797822,0.0333304733294343,0.62371564226853,0.538464203238201,27,0.916577397057367,0.268843163030555
"TADA1",0.0105363804858446,0.0169014830897615,0.623399759055897,0.538668372933085,27,0.916577397057367,0.268678522623453
"HMGCS1",0.00102568623104676,0.00164568140640486,0.623259293721661,0.538759175297822,27,0.916577397057367,0.268605320548553
"APCS",6.98580081813348e-06,1.12102851956968e-05,0.623159955004097,0.538823396700702,27,0.916577397057367,0.268553554676223
"PPP1R2",4.97740442825722e-05,7.98834107855403e-05,0.623083613895738,0.538872753165533,27,0.916577397057367,0.268513774928768
"TNFRSF14",0.00512459134885963,0.00822754405359758,0.622857965326706,0.539018654750447,27,0.916577397057367,0.268396204173215
"NEDD8",0.000199271651386959,0.000320184700466271,0.622364688558723,0.539337674562944,27,0.916577397057367,0.268139241711994
"SNAPIN",0.0202921134017859,0.0326147856393323,0.622175280444409,0.539460198255024,27,0.916577397057367,0.268040592345059
"PPM1G",0.000569655354299493,0.000915947158615647,0.621930368953231,0.539618647710334,27,0.916600491853215,0.267913050738895
"DIDO1",0.0183947385168211,0.0295992299126488,0.621460037004555,0.539923005895071,27,0.916652956038228,0.267668167026972
"RBPMS2",0.0234329551580221,0.0377189825764488,0.621250987099883,0.540058314179651,27,0.916652956038228,0.267559343586114
"None 9",0.0464155567147865,0.0748436488394346,0.620166940475655,0.540760255752728,27,0.916652956038228,0.266995235227602
"PRDM4",0.0092685804140803,0.0149515213541007,0.619908850381854,0.540927445458795,27,0.916652956038228,0.266860982860172
"FGFBP1 2",0.0219627674795077,0.0354405946077112,0.619706517980626,0.541058534720517,27,0.916652956038228,0.266755747960045
"KLK15",0.00407624134865036,0.00657797695265167,0.619680089789184,0.541075658540729,27,0.916652956038228,0.266742003304947
"AMIGO2 2",0.00164055209523594,0.00265838992751978,0.617122446279556,0.542734210032743,27,0.916791866062631,0.265412802779856
"IFNGR2 2",0.00366333918448089,0.0059415393620309,0.616563984729491,0.543096712021054,27,0.916791866062631,0.265122826475344
"ZBTB10",0.0288637907690725,0.046820177167621,0.61648187843752,0.543150018676095,27,0.916791866062631,0.265080201194186
"UBE2L6",3.93133462345684e-05,6.37750219841315e-05,0.616437987968869,0.543178515239571,27,0.916791866062631,0.26505741637378
"BRAT1",0.0338023303925031,0.0548446356556751,0.616328834869475,0.543249387996894,27,0.916791866062631,0.265000754266014
"CPB2",1.29484003300476e-05,2.10152900299825e-05,0.61614188105775,0.543370787854603,27,0.916791866062631,0.264903713386969
"TBC1D24",0.00230533026211147,0.00374316681061671,0.615876977636391,0.543542829406709,27,0.916791866062631,0.264766229237033
"TNS4",0.0104253261851481,0.0169705793889637,0.614317634430788,0.544556127622558,27,0.916791866062631,0.263957350691497
"ATOH1",0.0286528144181352,0.0466817046107419,0.613791091329212,0.544898512607656,27,0.916791866062631,0.263684377574271
"APOM 2",0.00331305010241842,0.00539903126150267,0.613637880936501,0.54499815906212,27,0.916791866062631,0.263604964715125
"CES3 2",0.00383843271109252,0.0062624722098065,0.612926106894632,0.545461215396575,27,0.916791866062631,0.263236124155518
"BTN1A1",0.0278617766498351,0.0454657363990148,0.612808212437506,0.545537933568337,27,0.916791866062631,0.263175045686768
"HRG",2.79013962583595e-05,4.55441400584696e-05,0.612623187583291,0.545658347359054,27,0.916791866062631,0.263079196670455
"SLC14A1",0.00607116156320141,0.0099104895194111,0.6125995644625,0.54567372224385,27,0.916791866062631,0.263066959831068
"IL13RA1",0.0210566666662058,0.0343752570129746,0.612552995844022,0.545704031656522,27,0.916791866062631,0.26304283764124
"MCCD1",0.0744087867494782,0.121481180827946,0.612512870243364,0.54573014831012,27,0.916791866062631,0.263022053394689
"SLITRK1",5.02555405075689e-05,8.20756517326668e-05,0.612307541233531,0.545863801627591,27,0.916791866062631,0.26291570451183
"UBE2V2",0.000450964241980951,0.000736507302513519,0.612301114248183,0.545867985376302,27,0.916791866062631,0.262912375893939
"CD69",0.0690812246355031,0.112877135081891,0.612003702834818,0.546061608534778,27,0.916791866062631,0.262758355944952
"LDHC",0.0237508934550685,0.0388247229066569,0.611746631448494,0.546228998305588,27,0.916791866062631,0.262625247678884
"RAB1B",0.00108723602173088,0.00177807539957081,0.611467895002267,0.546410525570683,27,0.916791866062631,0.262480943379894
"FRZB",6.95413759921235e-06,1.13733021850307e-05,0.611444019166682,0.546426076196176,27,0.916791866062631,0.262468583708135
"ROBO4",0.00867529832231854,0.0141906198353148,0.611340337701753,0.54649360790839,27,0.916791866062631,0.262414913433124
"TNFRSF14 2",0.0138497048916062,0.0226637061539701,0.611096208074515,0.546652636214448,27,0.916848556638253,0.262288553183256
"DEFB113",0.000554219984838034,0.000907947137313864,0.610409969987546,0.547099788281668,27,0.917202069526462,0.261933453287091
"HS3ST4",0.0164625405407395,0.0270191902252897,0.609290670944339,0.547829534320196,27,0.917549972572411,0.2613545579774
"KLRC1",0.0170537427274712,0.0279988979591951,0.60908621304756,0.547962889246066,27,0.917549972572411,0.261248853087532
"RAB27B",0.00796458810247773,0.0130763284832432,0.609084431664745,0.547964051203954,27,0.917549972572411,0.261247932165014
"TIMP2",1.95526129463316e-05,3.21434007947718e-05,0.608293225448374,0.548480265777942,27,0.917549972572411,0.260838993646106
"PDIA3",0.000731530610948848,0.00120320855318498,0.607983220375581,0.548682594936686,27,0.917549972572411,0.26067881608029
"LRP12",0.0023891426471817,0.00393112593919904,0.607750218164845,0.548834692826849,27,0.917549972572411,0.260558443899248
"FGL2",0.00350176670089563,0.0057677096994153,0.607132966704378,0.549237725496635,27,0.917703587986615,0.260239640021736
"SMAD2",0.0175407088504196,0.0288951085026733,0.607047689362258,0.549293419281156,27,0.917703587986615,0.260195603940593
"NPPA",0.00676590989234908,0.0111575985195598,0.606394815200433,0.549719902799725,27,0.917808564298265,0.259858538967288
"RGS7",0.00743887393443772,0.0123047391804211,0.604553564717096,0.550923613321472,27,0.918824843313202,0.258908612786531
"NCAN",1.50624456406432e-05,2.49332013164751e-05,0.604111981027097,0.551212501383565,27,0.918824843313202,0.258680941281253
"TENM4",0.00340371317620319,0.00563955969551521,0.603542361455975,0.551585268365426,27,0.918824843313202,0.258387341395826
"PRSS37",0.0276846283393095,0.0458906630423288,0.603273661872648,0.551761154727432,27,0.918824843313202,0.258248878125344
"ERCC1",0.0355456127964746,0.0589732556734055,0.602741232285471,0.55210976077729,27,0.918824843313202,0.257974574877169
"MFAP2",7.5766794516216e-05,0.000125712724157912,0.602697897318992,0.552138139214261,27,0.918824843313202,0.257952252718197
"ANK2",0.0118928130786933,0.0197694056749324,0.601576662153958,0.552872657942192,27,0.918824843313202,0.25737488735996
"PIM2",0.0591232388158232,0.0982907555566693,0.601513728132203,0.552913900948243,27,0.918824843313202,0.257342491216582
"ADCYAP1 2",0.0206456559627367,0.0343541611472479,0.600965218572673,0.553273427427759,27,0.918824843313202,0.257060187545867
"AMY1A",0.00142444568419006,0.00237683457623604,0.5993036698607,0.554363248677742,27,0.918824843313202,0.256205568846302
"RNASET2",0.000614583674139369,0.00102641748624246,0.598765787193725,0.554716288231334,27,0.918824843313202,0.255929081669152
"PPP3CA|PPP3R1",0.00026729312125854,0.000446869574344477,0.598145715448715,0.555123417305748,27,0.918824843313202,0.255610452019322
"RDH13",0.0110137728564653,0.0184213897000135,0.597879586492716,0.555298200771412,27,0.918824843313202,0.255473733688091
"ILKAP",0.0256823243659881,0.0429963544839128,0.597313997297077,0.555669753128583,27,0.918824843313202,0.255183242600734
"PAK3",0.025030665192343,0.0419323381089945,0.59692987133894,0.555922170297642,27,0.918824843313202,0.254986005857224
"CDH12",0.00182960511344403,0.0030686293034846,0.596228782462064,0.556383023413094,27,0.918824843313202,0.254626129849106
"KIF1C",0.0141141757968396,0.0236733834969564,0.596204416603746,0.556399043597437,27,0.918824843313202,0.254613625194571
"LRRN1",0.000294489651580307,0.000494080987938511,0.596035182023552,0.556510319366033,27,0.918824843313202,0.254526778135791
"YWHAH 2",0.00020453051749289,0.000343434072501478,0.595545211932954,0.556832551271294,27,0.918824843313202,0.254275384704447
"HEPACAM",0.0267460913256391,0.0449542609615306,0.594962318444673,0.557216020430608,27,0.918824843313202,0.253976405735885
"PGM5",0.000139853564282689,0.000235319253605591,0.5943141589132,0.557642586436005,27,0.918824843313202,0.253644067141178
"TRAPPC2",0.0103024490736207,0.0173468172259841,0.593910049284922,0.55790862390566,27,0.918824843313202,0.253436925405021
"RPS7",0.00647305583080735,0.0109112814206606,0.59324432953865,0.558347029941932,27,0.918824843313202,0.253095789695618
"KEAP1",0.0508196733093915,0.0857492521712883,0.592654419981142,0.558735660021594,27,0.918824843313202,0.252793609906378
"UGT1A1",0.0208162571714566,0.0351560495931454,0.592110245956511,0.559094283297932,27,0.918824843313202,0.252514948350977
"LRTM2",1.6925017021802e-05,2.8585807917082e-05,0.592077616658443,0.559115790527921,27,0.918824843313202,0.252498242239085
"NAALADL1",0.00759013429930933,0.0128196787435165,0.592068994174132,0.559121474011381,27,0.918824843313202,0.252493827602615
"ATP4B",0.0132161516385236,0.0223293931792833,0.59187240478999,0.559251063359891,27,0.918824843313202,0.252393181463083
"ATP13A1",0.000133091794622093,0.000224961398459345,0.591620587058827,0.559417081160952,27,0.918824843313202,0.252264277076592
"IGFALS",8.20898274436693e-06,1.38768652884077e-05,0.591558869655129,0.55945777393667,27,0.918824843313202,0.252232687041523
"HAGHL",0.00217195446187237,0.00367240896176142,0.591424997729724,0.559546046338627,27,0.918824843313202,0.252164168567396
"MAPK9",0.00399806027893797,0.00676108924791863,0.591333752940587,0.559606215389322,27,0.918824843313202,0.252117470566387
"SCN3B",7.9303210498389e-05,0.000134197643308594,0.590943391725793,0.559863666735418,27,0.918824843313202,0.251917715838325
"RAD23B",0.00146024578705884,0.00247104941991707,0.590941555150218,0.559864878139241,27,0.918824843313202,0.251916776135576
"ATF5 2",0.0288988881324791,0.0489095042814364,0.590864466059364,0.55991572725989,27,0.918824843313202,0.251877333601179
"USP30",0.0176215313799271,0.029831069501576,0.590710680989703,0.560017173295131,27,0.918824843313202,0.251798654863524
"PPBP 4",3.36862566252093e-05,5.7039637061698e-05,0.590576279241958,0.560105840646752,27,0.918824843313202,0.251729898590981
"EFNB1 2",0.00649915478300811,0.0110053806713184,0.59054338755822,0.560127541006451,27,0.918824843313202,0.251713072906926
"ZNF34",0.0133757847312194,0.022660745581264,0.590262340806586,0.560312979838789,27,0.918824843313202,0.251569316838037
"PTPA",5.23644854275903e-05,8.879169149246e-05,0.589745330305335,0.560654193480096,27,0.918824843313202,0.251304925141877
"CLEC4C",0.0105996772139373,0.0179831323016539,0.589423301577026,0.560866778110377,27,0.918824843313202,0.25114028384615
"USP3",0.0326253932772868,0.0553693872697481,0.589231611293488,0.560993340537214,27,0.918824843313202,0.251042294154011
"IFNA10 2",0.0132541964451552,0.0225039727360949,0.588971405208662,0.561165163597356,27,0.918824843313202,0.250909297242805
"BCCIP",0.00780018750243463,0.0132508371048132,0.588656206452142,0.561373336396316,27,0.918824843313202,0.250748218938751
"ST3GAL2",0.0143887626268117,0.0244490926468654,0.588519289228368,0.561463775626615,27,0.918824843313202,0.250678258196751
"ROBO2 2",3.26998684985767e-05,5.55951815803792e-05,0.588178104091618,0.561689174398296,27,0.918824843313202,0.250503946329287
"FERMT3",0.004450045266227,0.00757022775895219,0.587835057005331,0.561915850023628,27,0.918824843313202,0.250328717538993
"SUMO2",0.0142593238960742,0.0242615717289532,0.587732899392393,0.561983361892035,27,0.918824843313202,0.250276541985105
"GRB14",0.00100652459832167,0.00171279691910555,0.587649701546221,0.562038347083468,27,0.918824843313202,0.250234052120267
"MBNL1",0.00681288985825297,0.0116061847486004,0.587005118893573,0.56246444313804,27,0.918824843313202,0.249904926793541
"ELAPOR2",0.0257844546734142,0.0439284596548139,0.586964689315907,0.562491174291893,27,0.918824843313202,0.249884287414644
"SPATA9",0.00162906337588895,0.00277616176535067,0.58680419715498,0.562597294622724,27,0.918824843313202,0.249802360569764
"CD209 2",0.010508180863455,0.0179317408906611,0.586010077188196,0.563122532010731,27,0.919002673969405,0.249397095049061
"PDHA2",0.0077038464911677,0.0131506309838612,0.585815730106187,0.563251112958366,27,0.919002673969405,0.249297941457306
"VNN2",9.99208254661823e-05,0.000170580316313147,0.58576996236043,0.563281395300271,27,0.919002673969405,0.249274592900748
"FUT11",0.00499748619034145,0.00854183067250889,0.58506032043288,0.563751038185654,27,0.919365402275795,0.248912645330594
"BGLAP",0.000486384817307554,0.000831555206260105,0.584909833581652,0.563850656497517,27,0.919365402275795,0.248835909576373
"SLIT2",0.000168552031734748,0.000288265604103994,0.584710868501471,0.563982379924047,27,0.919375418264072,0.248734464139518
"DYNLRB2",0.019159228368276,0.032821191801193,0.583745662995076,0.564621610502526,27,0.919803028591231,0.248242503549377
"IFNA5",0.0261141855279294,0.0447776824867244,0.583196451394545,0.564985504133116,27,0.920153258554026,0.247962694757126
"UNC119B",0.0164079938155332,0.0281565246099697,0.582742154538612,0.565286600061499,27,0.920272003346728,0.247731309229998
"SEMA4B",0.0082670833769919,0.0141958534086165,0.582359026895419,0.565540590503436,27,0.920480805485917,0.247536219033787
"EFNA3 2",8.77120050470937e-06,1.50722372979314e-05,0.581944162059681,0.565815686362645,27,0.920511764596407,0.247325016570962
"SYT4",8.59048404052269e-05,0.000147733685878437,0.581484445435918,0.566120602940758,27,0.920511764596407,0.247091039461526
"ACE",0.001282501344349,0.00220587740989602,0.581401912271022,0.566175353631007,27,0.920511764596407,0.247049039978023
"PLEKHO2",0.00471633587846603,0.00811227823261614,0.581382411109074,0.566188290667617,27,0.920511764596407,0.24703911651635
"FGFRL1 2",0.0190431044266612,0.0328479400218888,0.579735119279063,0.567281644186246,27,0.920979726097753,0.246201268890078
"ISG15 2",0.00570817879858838,0.00985014087081284,0.579502250115266,0.567436292472974,27,0.920979726097753,0.246082890752556
"WDR18",0.00392032987975633,0.00677115897482264,0.578974721215878,0.567786703339741,27,0.920979726097753,0.245814782176126
"LYG1",0.0310912101294709,0.0537013136121808,0.578965541774358,0.567792801752764,27,0.920979726097753,0.245810117584853
"TNFRSF17",0.000143536818725864,0.000248092664317665,0.578561317484483,0.568061383384507,27,0.920979726097753,0.245604732907301
"UST",0.000102097893651397,0.000176543868051943,0.578314584233293,0.568225353808145,27,0.920979726097753,0.245479392272152
"IL17RA",0.000272017633687943,0.000470375541976842,0.578298847224788,0.56823581289688,27,0.920979726097753,0.245471398467073
"FAM210A",0.00253236835415586,0.00438316321366978,0.577749043489451,0.568601283305082,27,0.920979726097753,0.245192164463222
"POLR2C",0.0150150399724899,0.0260128002635343,0.577217363004878,0.568954820002459,27,0.920979726097753,0.24492221902261
"AFM",1.42110677862564e-05,2.46520552283663e-05,0.576465842487008,0.569454727529347,27,0.920979726097753,0.244540797249022
"HCE003183",0.00881071858543131,0.0152886594100157,0.576291115469506,0.569570986891126,27,0.920979726097753,0.24445214113033
"EGF 2",0.00120053190911963,0.00208348362765399,0.576213747583623,0.569622469551488,27,0.920979726097753,0.24441288768273
"DDIT3",0.0203253438326943,0.0353031804526027,0.575736904497391,0.569939825687704,27,0.920979726097753,0.244170994768414
"BAGE2",0.00465003181259864,0.00807831439103993,0.575619069462836,0.570018262902854,27,0.920979726097753,0.244111229676855
"MAP3K3",0.0213422817450264,0.0370785764135129,0.575596039799642,0.570033593299512,27,0.920979726097753,0.244099549670129
"NLRP4",0.0158576933854864,0.0275584558879684,0.575420243062661,0.570150624624037,27,0.920979726097753,0.244010395553047
"H2AZ1",0.0122821737828072,0.0213562957489333,0.575107871102629,0.5703586067229,27,0.920979726097753,0.243852000554761
"ARHGAP25",0.00147821207121031,0.00257081246097402,0.574998018583687,0.570431757351295,27,0.920979726097753,0.243796304231749
"GFP 3",0.0131817303978099,0.0229287476861932,0.574899710102677,0.570497224843469,27,0.920979726097753,0.243746463845414
"MAT2B",0.00822221547260614,0.0143021674313616,0.574892967241915,0.570501715319397,27,0.920979726097753,0.243743045456759
"COLEC12 2",0.00989224212621266,0.0172283669185181,0.574183390277104,0.570974365080067,27,0.92121596606617,0.243383389747475
"UROD",0.00345456332379195,0.00602360346554227,0.57350443858956,0.571426800414554,27,0.92121596606617,0.243039394686207
"LDLRAD3",0.00439015935187601,0.00765815390377898,0.573266012545092,0.571585724103078,27,0.92121596606617,0.242918626663226
"KLRC3 2",0.0112058490510486,0.0195695613927706,0.572616259820124,0.572018932156532,27,0.92121596606617,0.242589597089761
"RAB6A",0.00117979035957835,0.00206036579872481,0.572612086799605,0.572021714959311,27,0.92121596606617,0.242587484304881
"TREM2 2",9.22212112096847e-05,0.000161134932084484,0.572322897441831,0.572214579174541,27,0.92121596606617,0.242441081213747
"ZNF174",0.00709502412709754,0.0124024341482287,0.572067067020938,0.572385223191826,27,0.92121596606617,0.242311586598297
"ITPRIPL1",0.00730168882076785,0.0127707687973357,0.571750137884505,0.572596656831525,27,0.92121596606617,0.242151191983053
"FAM3B 2",0.000133026789510228,0.000233012839194507,0.57089896835764,0.573164694089797,27,0.92121596606617,0.241720569206685
"NSF",0.00049520681531887,0.000868959292035729,0.569884941512897,0.573841785912956,27,0.921899432668148,0.241207830557299
"LSAMP",1.11828788682031e-05,1.96712163064581e-05,0.568489446406614,0.574774250827252,27,0.922533863577182,0.240502695955558
"CCL3L1",0.0134644147654238,0.0236944464494949,0.56825192325651,0.574933038662788,27,0.922533863577182,0.240382733801999
"STX12",5.90900351003108e-05,0.000103994782093216,0.56820192235554,0.574966467829068,27,0.922533863577182,0.240357482721582
"PRKCG",0.000169378051756695,0.000298115458397627,0.568162592664948,0.574992763215774,27,0.922533863577182,0.240337621249907
"P4HB",0.00117107441158078,0.00206372496767138,0.567456628148552,0.575464865695653,27,0.922735948052367,0.239981186543821
"CHKB",0.0127808276599025,0.0225235430649051,0.567443036074412,0.575473957084129,27,0.922735948052367,0.239974325466985
"ADGRE2",0.00354668188829162,0.00625145975595567,0.56733659445104,0.575545155635264,27,0.922735948052367,0.239920597188148
"WNT16",0.000665620532101526,0.00117408318225705,0.566927916318449,0.575818560486555,27,0.922735948052367,0.239714340522578
"TSPEAR",0.0061034863813699,0.0107717102070572,0.566621851502387,0.576023359837814,27,0.922735948052367,0.239559904002224
"TMX3",0.000103245460090648,0.000182213536349624,0.566617948144891,0.576025971955051,27,0.922735948052367,0.239557934593327
"NTM",6.57045316742187e-06,1.16016135754312e-05,0.566339597910429,0.576212258540393,27,0.922735948052367,0.239417506625168
"LRP2",0.00383796256222267,0.00678061148394069,0.566020125369602,0.576426103499261,27,0.922811175096893,0.239256360354589
"NSFL1C",0.0019735733530562,0.0034931355004657,0.564986200161168,0.577118452949218,27,0.923313853592925,0.238735039214301
"IGF1 2",0.0212617444117689,0.0376944740605267,0.564054677553758,0.577742586106272,27,0.923828217393449,0.238265618906048
"CXCL12",0.00295300527870978,0.00524185556758321,0.563351134085383,0.578214193360687,27,0.923828217393449,0.237911251955277
"ACTN4",0.0136990100294907,0.0243345798169661,0.562944177895347,0.578487076518782,27,0.923828217393449,0.237706338802591
"RXFP1",0.0405082143466603,0.0719630858308266,0.562902686550831,0.578514902013279,27,0.923828217393449,0.237685449540614
"RHOD",0.0202103539885029,0.0359095940733728,0.562812098271226,0.578575655887032,27,0.923828217393449,0.237639843650963
"DNM2",0.00163077325002541,0.00289871457067222,0.562584970084593,0.578727995507822,27,0.923869964045522,0.237525508477154
"PLA2G2D",0.0279103024583679,0.0496840995464862,0.561755223766388,0.579284693590914,27,0.924135336348736,0.237107946689664
"ST6GAL1",0.00465439028627958,0.00828753743312635,0.561613184113702,0.579380018365029,27,0.924135336348736,0.237036486804758
"BTN2A2",0.000511183175200724,0.000910251290875306,0.561584674831019,0.579399152279839,27,0.924135336348736,0.237022144548994
"STMN3",0.00196090003536981,0.00349702597675697,0.560733620053999,0.579970479836796,27,0.924295014462577,0.236594111213365
"PDYN",0.00116902141816341,0.00208535159758804,0.560587202424534,0.580068800730945,27,0.924295014462577,0.23652049263406
"DYNLL1",0.0102924439895915,0.018369284071303,0.560307301560579,0.580256780012294,27,0.924295014462577,0.236379776327066
"PLAT",0.014179723530014,0.0253181786889749,0.560060962686416,0.580422244371518,27,0.924303569331976,0.236255951812037
"SLFNL1",0.00178456933383325,0.0031884012387159,0.559706636719277,0.580660284138984,27,0.924303569331976,0.236077877719294
"SPC25",0.000211621135977374,0.000378327475224156,0.559359681323673,0.580893419272834,27,0.924303569331976,0.23590354345781
"SLC16A3",0.0252539762208087,0.0451881619947399,0.558862655749272,0.581227474371384,27,0.924433269579166,0.235653864976439
"GNS",0.000182019870950229,0.000325989274453483,0.558361532769394,0.581564379877342,27,0.924567388725737,0.235402201351999
"GJD2",0.00871362496231257,0.0156199958235527,0.557850658908222,0.581907940601533,27,0.924612135272915,0.235145716468903
"KCTD15",0.0228398538683769,0.0409494230904013,0.557757646986989,0.581970501589964,27,0.924612135272915,0.235099027929792
"RABL3",0.031141145064898,0.0558515119590057,0.557570314081294,0.582096514178399,27,0.924612135272915,0.235005001432555
"ADAMTSL1 2",0.0127675656651232,0.0229120490150534,0.557242421083109,0.582317109389648,27,0.924612135272915,0.234840449451735
"GBP1",0.000125929909424844,0.000226469547682023,0.556056700398666,0.583115167267712,27,0.924612135272915,0.234245662103214
"GLT8D2",0.00631167311637707,0.0113556427150278,0.555818219608508,0.583275743826115,27,0.924612135272915,0.234126083816013
"TRIM9",0.00223288201914736,0.00401969169181049,0.555485890546412,0.58349954782214,27,0.924612135272915,0.233959476171182
"ASB9",5.19795212339852e-05,9.36079749833323e-05,0.555289453096711,0.583631856804818,27,0.924612135272915,0.233861010718018
"GPI",0.000447604889406805,0.000807085247142815,0.554594314530446,0.584100181264865,27,0.924612135272915,0.233512658984893
"NRXN1 2",0.000144345294874913,0.000260316208584942,0.554499835640518,0.584163847323533,27,0.924612135272915,0.233465324106279
"EDDM3A",0.00256005022435683,0.00461924518670314,0.554213972387987,0.58435650155778,27,0.924612135272915,0.233322119631172
"SPN",0.0208636335013621,0.0377049875164924,0.55333882532745,0.584946491718332,27,0.924612135272915,0.232883859412353
"ENO3",0.0212775435553902,0.038529558176815,0.552239489945511,0.585688036968095,27,0.924612135272915,0.232333646608549
"OTUD3",0.00881445973509697,0.0159628097388131,0.552187232656472,0.585723298103841,27,0.924612135272915,0.232307500853892
"UNC5D 2",1.70917811302371e-05,3.10080597939256e-05,0.551204468896997,0.586386622550611,27,0.924612135272915,0.231815945970477
"DTD1",3.75720568368652e-05,6.81651439729961e-05,0.55119163031108,0.586395290504084,27,0.924612135272915,0.231809526286953
"GDI1",0.000891554162203407,0.00161763086494844,0.551148090409258,0.586424686877708,27,0.924612135272915,0.231787755370526
"H1-10",0.00200844356339329,0.00364465814321874,0.551065006502793,0.586480783768687,27,0.924612135272915,0.231746213113571
"CNDP1 2",1.55014851525224e-05,2.81609526738341e-05,0.550460253673367,0.586889182460484,27,0.924612135272915,0.231443895327142
"CPLX2",7.77576495990642e-06,1.4143476760423e-05,0.549777476332053,0.587350440199371,27,0.924612135272915,0.231102701422302
"MAD2L1BP",0.00510908341176887,0.00930268708147658,0.549205123962734,0.587737236251342,27,0.924612135272915,0.230816793569761
"CHGB",4.07914941684008e-06,7.42871908449627e-06,0.549105353216715,0.587804674169855,27,0.924612135272915,0.23076696477905
"MFAP2 2",3.50040671333179e-05,6.37706624863637e-05,0.548905496172365,0.587939774717335,27,0.924612135272915,0.230667158358384
"KRAS",0.0867730343749922,0.158147609204343,0.548683820207948,0.588089642363368,27,0.924612135272915,0.230556469474084
"DDC",0.0201111489448567,0.0366536682491978,0.548680388771098,0.588091962389383,27,0.924612135272915,0.230554756176593
"NME8",0.0454769157357739,0.0828985369787618,0.548585263301146,0.588156279381482,27,0.924612135272915,0.2305072619253
"ADGRG5",0.0189749986406496,0.034591924586505,0.548538390606117,0.588187972590749,27,0.924612135272915,0.230483860296263
"KLK10",0.00012357463011926,0.000225294333040384,0.548503055765318,0.588211864975241,27,0.924612135272915,0.23046621947311
"VEGFA 4",0.0321622052643412,0.0586597883514526,0.548283690893078,0.588360203723885,27,0.924612135272915,0.230356710328632
"UBE2L3",0.00325601947982071,0.00593943754536524,0.548203336587233,0.588414545440647,27,0.924612135272915,0.230316600175419
"IL22 2",0.00440617861785333,0.00803903192258629,0.548098161604985,0.588485676511031,27,0.924612135272915,0.230264103233331
"LDLRAD4",0.0230206076009539,0.0420264357673428,0.547764928922248,0.588711073495092,27,0.924612135272915,0.230097795149978
"SYNE2",0.00145209172168909,0.00265096066831227,0.547760568101359,0.588714023413705,27,0.924612135272915,0.230095618988829
"RCN3 2",0.0053864335352032,0.00983556439162655,0.547648647370852,0.588789735730159,27,0.924612135272915,0.230039769585313
"MSRA",0.0180020957848364,0.0328853044944949,0.547420681108489,0.588943965464952,27,0.924653392916345,0.22992602379867
"CALN1",0.00714619165816312,0.013072559759687,0.546655879914234,0.589461533364315,27,0.925154820223195,0.229544530505605
"QPCTL",3.46739333996849e-05,6.35050168738493e-05,0.546003057814527,0.589903497039611,27,0.925518674319227,0.229219029258036
"BMI1",0.0122128617720183,0.0223736399002735,0.545859405374136,0.590000772168806,27,0.925518674319227,0.229147419970683
"DSG3 2",0.00515302756965426,0.00945852409836399,0.544802499424361,0.590716703437413,27,0.926389186748627,0.228620748613805
"POMC 3",0.000247525387592498,0.000455452234123148,0.543471672872661,0.591618786913607,27,0.927046647395278,0.227958043391568
"HHIP",2.07978383762988e-05,3.82816899498963e-05,0.543284228139335,0.591745897814578,27,0.927046647395278,0.227864744066675
"LNPK",0.0331474676768605,0.0610281140116765,0.543150779172339,0.591836400962153,27,0.927046647395278,0.227798327024609
"PCDHGB1",0.0188804936030016,0.0348233637483,0.542178915841332,0.592495707829466,27,0.927046647395278,0.227314791432171
"VSNL1",0.00205727242378607,0.00379606003653326,0.541949390680573,0.592651468624042,27,0.927046647395278,0.227200635055116
"FBP1",0.000256724511205973,0.000473794111346108,0.541848252348656,0.592720109630546,27,0.927046647395278,0.227150337897773
"MDM2",0.0187627739295287,0.0346770032899533,0.541072530767521,0.593246708284158,27,0.927046647395278,0.22676466285018
"AAGAB",0.00339956861253337,0.00628617421773151,0.540800890141439,0.593431165278042,27,0.927046647395278,0.226629649537769
"LCMT1",0.0263698346107307,0.0488165341010853,0.540182442205467,0.593851224939225,27,0.927046647395278,0.226322343370278
"COL9A3",7.87563796865968e-06,1.45807203917167e-05,0.54014052509599,0.593879700928125,27,0.927046647395278,0.22630151884752
"GALNT11",0.00545674704122719,0.0101100486850714,0.539734991512421,0.594155230523037,27,0.927046647395278,0.226100075301292
"UBXN4 2",0.00193994771074388,0.00359633188777025,0.53942399402594,0.594366571954122,27,0.927046647395278,0.225945623917912
"AIFM1",0.0127731619768414,0.0237085399693384,0.538757848157693,0.594819380636874,27,0.927046647395278,0.225614889567489
"GPNMB 4",0.0151162933291015,0.0280624065598887,0.538667034733513,0.594881123466613,27,0.927046647395278,0.225569811717754
"PARP1 2",0.011283163771498,0.0209523912145491,0.538514370792348,0.594984924631245,27,0.927046647395278,0.225494038023393
"PFDN2",0.00479513720919917,0.00890981559060255,0.538185909734961,0.595208285699526,27,0.927046647395278,0.225331031748911
"RAB18",0.000793091065284983,0.00147381076063654,0.538122726789189,0.595251256211075,27,0.927046647395278,0.225299679392276
"CD27",7.08200892882199e-05,0.000131622682892723,0.538053834884529,0.595298111078383,27,0.927046647395278,0.225265495492151
"MAD2L2",0.00390682073058651,0.00726108559844612,0.53804912194157,0.595301316517597,27,0.927046647395278,0.225263156998565
"TBP",0.0157603012386112,0.0292952940493871,0.537980646722368,0.595347889879024,27,0.927046647395278,0.225229181325842
"CSNK2A1 2",0.0703915940575627,0.130872816902938,0.53786260373511,0.595428180856541,27,0.927046647395278,0.225170614598828
"RORC",0.0198285296095321,0.0368898931798583,0.537505747518899,0.59567094069362,27,0.927046647395278,0.224993586075805
"PSME2",0.000587271681938725,0.00109320558640635,0.537201501017972,0.595877949345851,27,0.927046647395278,0.224842685484103
"ZNRF3",0.0198447093644451,0.036976017133323,0.536691371947708,0.596225118105809,27,0.927046647395278,0.224589731716735
"LAMTOR2",0.000620379727169769,0.0011567237903597,0.536324861942065,0.596474607133074,27,0.927046647395278,0.224408040202728
"F9 2",9.15358094689397e-06,1.70781786935003e-05,0.535981096765179,0.596708659235368,27,0.927046647395278,0.224237659774721
"KCTD6 2",0.0301177077707118,0.0562056870900513,0.535848049014293,0.596799256538191,27,0.927046647395278,0.224171726556772
"RSPO2 2",0.000925713299398248,0.00173364929730351,0.533968029657489,0.598080143057615,27,0.927046647395278,0.223240616420301
"HMOX1",0.000700130038066868,0.00131386060121189,0.532880000679733,0.598822038714342,27,0.927046647395278,0.222702224501503
"TIMP1",0.000127356848383958,0.000239018099808105,0.532833490376698,0.598853762617421,27,0.927046647395278,0.222679217413876
"ADCYAP1 4",0.0147088891293915,0.027607967700465,0.532776960947538,0.59889232148802,27,0.927046647395278,0.222651255051973
"PHF6",0.0185979268386646,0.0349447439511281,0.532209561033691,0.599279412579436,27,0.927046647395278,0.222370641637277
"IL18RAP",0.00229704925295442,0.00431618737989982,0.532194052475947,0.599289994502978,27,0.927046647395278,0.22236297304341
"COL3A1",1.67926965122693e-05,3.15689225049652e-05,0.531937588608801,0.599465000008494,27,0.927046647395278,0.222236168273067
"RSPO3",0.00105678262461136,0.001986986636511,0.531851903376153,0.599523475267091,27,0.927046647395278,0.222193806761375
"PFKFB1",0.0167733370995786,0.0315394803860583,0.531820337376043,0.599545017943125,27,0.927046647395278,0.222178201538853
"ARL3",0.00691347906368682,0.013001414198487,0.531748235856631,0.599594226068973,27,0.927046647395278,0.2221425579426
"SIGLEC8",0.0112851830106162,0.0212229747353233,0.531743695281005,0.599597325003655,27,0.927046647395278,0.222140313346678
"SMAD5",0.0246513621591497,0.0463661205977476,0.531667559013925,0.599649289014908,27,0.927046647395278,0.222102676912112
"CNRIP1",0.000294010502620157,0.000553121922250577,0.531547369201836,0.599731324557123,27,0.927046647395278,0.222043266941739
"CPN2",0.000113675660462819,0.000214151240506408,0.530819528264268,0.600228227423265,27,0.927046647395278,0.221683584509466
"PMP2",0.0313326201271945,0.05904645390336,0.530643553607399,0.600348396388728,27,0.927046647395278,0.221596645087632
"EPHA3",0.00756264457814488,0.0142543957113939,0.530548241487353,0.600413487618172,27,0.927046647395278,0.221549560378878
"NUDT16",0.000626053406124736,0.00118061743746832,0.530276265838682,0.600599245768709,27,0.927046647395278,0.221415217522808
"EIF4EBP3",0.0244264252425482,0.0461359838127305,0.52944411766956,0.601167770327765,27,0.927046647395278,0.221004310759788
"ATP23",0.0132370473901184,0.0250133592706607,0.529199107040564,0.601335210977071,27,0.927046647395278,0.22088336544549
"TBCB",0.000167068237601744,0.000315718931117718,0.529167627073498,0.601356726055078,27,0.927046647395278,0.220867827169445
"COMMD5",0.0219031836548178,0.0414085435467421,0.528953249227262,0.601503253039434,27,0.927046647395278,0.22076201957392
"WIF1 2",7.0558892751412e-05,0.000133432720992097,0.528797526025053,0.601609700365495,27,0.927046647395278,0.220685169788018
"APOE",1.29545555827087e-05,2.45048268876571e-05,0.528653217674179,0.601708352918363,27,0.927046647395278,0.220613959588328
"PSMA7",0.000509719731550354,0.000964379094822948,0.528547056117941,0.601780932375199,27,0.927046647395278,0.220561577140014
"SMOC2",4.1207948687362e-05,7.79698435806939e-05,0.52851136792027,0.601805332261265,27,0.927046647395278,0.220543968537806
"NDUFA2",0.0102938069918033,0.0194809401915356,0.52840401390257,0.601878732651465,27,0.927046647395278,0.220491002173288
"REG3G",0.00157026708793538,0.00297204776677059,0.528345171801064,0.601918966155217,27,0.927046647395278,0.220461972065172
"CFTR",0.00380560494676925,0.00720905339038667,0.52789246253108,0.602228550803833,27,0.927046647395278,0.220238659048046
"BCL6 2",0.0299506576869845,0.0567758190694197,0.527524889607739,0.60247997105684,27,0.927046647395278,0.220057386270236
"BACH2",0.0113883531765468,0.0215893287181554,0.527499179118517,0.602497558934396,27,0.927046647395278,0.220044708327317
"PFKM",0.000741769673312577,0.00140785589444776,0.526878976916556,0.602921897466156,27,0.927046647395278,0.21973894274599
"HSP90B1",0.000776745561386679,0.00147471890938823,0.526707534867715,0.603039222232608,27,0.927046647395278,0.219654440023656
"PTGR1",0.00395383893915256,0.00750710076273977,0.526679881370019,0.603058147666462,27,0.927046647395278,0.219640810590915
"ICOSLG",0.000645124370776934,0.00122565965062636,0.526348705733482,0.603284818873897,27,0.927046647395278,0.219477603180611
"AP1B1",0.0194700379351775,0.0370185851783711,0.525953054158139,0.603555673540954,27,0.927046647395278,0.219282663269306
"MELT 3",0.0106557975873296,0.0202600828810191,0.525950345312385,0.60355752815912,27,0.927046647395278,0.219281328762427
"UCMA",0.000442267348666755,0.000841227134090144,0.525740707526158,0.603701065448589,27,0.927046647395278,0.219178057676369
"PARK7 3",0.0192971980745823,0.0367439863041396,0.525179764515868,0.604085218589824,27,0.927046647395278,0.2189017909274
"HSD17B14",0.0215380920292685,0.0410111777305533,0.52517614028974,0.604087700963659,27,0.927046647395278,0.218900006280118
"LILRB4",8.95003106048939e-05,0.000170501345423873,0.524924365742644,0.604260163066575,27,0.927046647395278,0.21877603644929
"NOG",0.000619060768038143,0.00117970910434571,0.524757133565981,0.604374727768272,27,0.927046647395278,0.218693704194456
"GPNMB 3",1.48695180174278e-05,2.83713727582897e-05,0.524102874545721,0.60482303626527,27,0.927046647395278,0.218371675952016
"DOC2B",0.00144828836735449,0.00276418444740361,0.523947802656534,0.604929317136931,27,0.927046647395278,0.21829536744791
"VEGFD",0.000140590512777551,0.000268626931658704,0.523367154251584,0.605327352221533,27,0.927046647395278,0.218009701685505
"IDH3G",0.0121129401128802,0.0231489548269469,0.52326077801059,0.605400286736751,27,0.927046647395278,0.217957377683775
"PHPT1",0.000625097266621624,0.00119503562050284,0.523078355069115,0.605525370710948,27,0.927046647395278,0.217867655776196
"PRKCB",0.00249304881215402,0.00476670684304236,0.523012825047748,0.60557030640995,27,0.927046647395278,0.217835428221437
"CLNK",0.0109444451181668,0.0209558002426827,0.522263287081502,0.606084397431617,27,0.927046647395278,0.217466895987632
"CHMP3",0.00272902331334166,0.00522865534453112,0.521935972734571,0.606308959858779,27,0.927046647395278,0.217306013839132
"PPM1B",0.0011783857269118,0.00225864705829275,0.521721940834135,0.606455823294746,27,0.927046647395278,0.217200829419149
"RNASE4",3.55781853513308e-05,6.82019090950788e-05,0.521659669405031,0.606498555589609,27,0.927046647395278,0.21717022909289
"PRND",0.00240561804789065,0.00461181872339473,0.521620252697159,0.606525605110881,27,0.927046647395278,0.21715086021598
"S100A8|S100A9",0.0219186188061363,0.0420386810477421,0.521391686414803,0.606682468872038,27,0.927046647395278,0.217038554556758
"S100A7",0.00477414973075039,0.00916751059481704,0.520768389779611,0.607110331589213,27,0.927046647395278,0.216732376394049
"EIF4G3",0.0142122057124878,0.0273349159400838,0.519928641582068,0.607687003687212,27,0.927046647395278,0.216320051602796
"None 15",0.00640020431211157,0.0123209892431506,0.519455393216056,0.608012107103519,27,0.927046647395278,0.216087772707694
"IMMP2L",0.0100248803586202,0.0193002798267517,0.519416321867258,0.608038951292508,27,0.927046647395278,0.216068598704973
"FGFRL1",0.00393384513366969,0.00757973670307636,0.518994958238203,0.608328487146119,27,0.927046647395278,0.215861845676345
"CHGA 2",1.82768714409595e-05,3.52212730252174e-05,0.518915696995783,0.608382958007489,27,0.927046647395278,0.215822959883617
"SCG5",0.000188382394001506,0.000363340771663704,0.518473038791986,0.608687209265821,27,0.927046647395278,0.215605824259211
"HABP4",0.0297485586794815,0.0573870553391419,0.518384477190467,0.608748088737928,27,0.927046647395278,0.215562389312216
"ICAM5",7.34661829596937e-05,0.000141745734485213,0.518295546786687,0.608809224627838,27,0.927046647395278,0.215518775792975
"LRP2BP",0.00314179387181304,0.00606579309936506,0.51795269313454,0.60904494914183,27,0.927046647395278,0.215350654093088
"CSF1R 2",8.42915583149833e-06,1.62803613233291e-05,0.517749923610092,0.609184380931317,27,0.927046647395278,0.215251240205168
"NDRG3",0.000147856232275953,0.00028558274913731,0.517735166856537,0.609194528806345,27,0.927046647395278,0.215244005729763
"CTLA4",0.00317984490950779,0.00614917967660227,0.517116928881937,0.609619748297318,27,0.927046647395278,0.214940972709083
"HMBS",0.00106220341301391,0.00205416500735541,0.517097413893454,0.609633172840023,27,0.927046647395278,0.21493140913992
"UGT1A6",0.0128555219228349,0.0248637808213787,0.517038097109564,0.609673978265022,27,0.927046647395278,0.214902340876195
"CCL8",0.0123987042603258,0.0239830748149884,0.516977258169466,0.609715832155206,27,0.927046647395278,0.214872527746045
"CXCL3 2",0.00170980668198022,0.00330954236777529,0.516629337828835,0.609955208494444,27,0.92721804015528,0.214702055838294
"APLP1",5.59482562171696e-06,1.08755116047867e-05,0.514442522341152,0.611460795420715,27,0.927832557811686,0.213631383072944
"CHST10",0.00639145404231724,0.0124315436854758,0.514131969771749,0.611674747365694,27,0.927832557811686,0.21347944872586
"PON1",0.0138405759861287,0.0269401662536272,0.513752434035746,0.611936272280581,27,0.927832557811686,0.213293803406683
"POLE3",0.0153343130765461,0.0298591728910255,0.513554515810282,0.612072671689546,27,0.927832557811686,0.213197010795509
"OGN",3.26002924636609e-05,6.35573847998921e-05,0.512926901670067,0.61250529920702,27,0.927832557811686,0.212890149565207
"IL17RC",0.0170703038217813,0.0332810039415947,0.512914329499743,0.612513966931277,27,0.927832557811686,0.212884003792777
"DPH5",0.0393213988884356,0.0767209479024369,0.512524935672577,0.612782458071452,27,0.927871565841765,0.212693675607524
"LCP1 2",0.000301344361929245,0.000588282727557294,0.512244109529625,0.612976124883941,27,0.927871565841765,0.212556440706849
"OTUD7B",0.0189413200746997,0.036999339662358,0.511936706102083,0.613188153127006,27,0.927871565841765,0.212406244361156
"CCL22 2",0.00403804148850821,0.00789715984254523,0.511328321702903,0.613607881025779,27,0.927871565841765,0.212109071053815
"LMAN1",0.022405356409132,0.0438375155030606,0.511100050995538,0.613765400983727,27,0.927871565841765,0.211997597144607
"PUS7",0.00210768703372622,0.00412671741634848,0.510741788467601,0.61401266093706,27,0.927871565841765,0.211822673617122
"GLYATL2",0.0177912304511664,0.0348561351406916,0.51041890844624,0.614235541053099,27,0.927871565841765,0.211665057908135
"PALMD",0.000128528719336812,0.00025194701490659,0.510141862107255,0.614426812881478,27,0.927871565841765,0.211529840449875
"NUDT2",0.00174231151055128,0.0034157867877969,0.510076189993998,0.614472156760209,27,0.927871565841765,0.211497791279331
"AGR2",0.00957008353588673,0.0187742127569755,0.509746196006595,0.614700027626544,27,0.927871565841765,0.211336767360588
"RAB32",0.0103365980250711,0.0202866445240726,0.509527241570455,0.614851244088606,27,0.927871565841765,0.211229943876463
"CRHBP",0.0010635855443945,0.00208772298465968,0.509447638508358,0.614906224641452,27,0.927871565841765,0.211191110608382
"PCSK2 2",0.00299374878055574,0.00587705245956236,0.509396300467713,0.61494168421662,27,0.927871565841765,0.211166067027433
"CPZ",0.00123271073727653,0.00242553176202342,0.5082228798555,0.615752434865646,27,0.927901682458659,0.210593862157761
"KPNA5",0.011859002345001,0.0233382619909342,0.50813562507815,0.615812741641777,27,0.927901682458659,0.210551329451225
"FABP1",0.0134206189930727,0.0264236992523525,0.507900837990269,0.6159750301177,27,0.927901682458659,0.210436892546438
"RET",8.33463793046182e-05,0.000164266065623281,0.507386470774556,0.616330638336191,27,0.927901682458659,0.210186242573383
"FAM3B",0.000115416776235025,0.000227497355362392,0.507332386572899,0.616368035048422,27,0.927901682458659,0.210159891955638
"HSPA2",0.000173458498812139,0.000342778403779824,0.506036835749888,0.617264163765357,27,0.927901682458659,0.209528935945137
"TTPAL",0.021816796729874,0.0431719477410446,0.505346593596756,0.617741849349879,27,0.927901682458659,0.209192976084885
"EBAG9",0.00943164788986987,0.0186643314254426,0.505330069150666,0.617753287280126,27,0.927901682458659,0.209184934887727
"MICOS10",0.00227053478401027,0.00449724960708801,0.504871862222574,0.618070489193986,27,0.927901682458659,0.208961992027287
"DTD2",0.00147289630585128,0.00291897524045593,0.504593627735334,0.618263138849036,27,0.927901682458659,0.208826645578871
"IL17B 2",0.00595000940952001,0.0117985840882083,0.504298597614485,0.618467448226025,27,0.927901682458659,0.208683153638489
"PRKAR1A",0.000487395359749158,0.000966645756501132,0.504213003027431,0.618526728630826,27,0.927901682458659,0.208641528296687
"TCEAL8",0.021788767889292,0.0432401486411224,0.503901317965646,0.618742615199519,27,0.927901682458659,0.208489971407446
"NRG3 2",3.23170775583845e-05,6.42001147119471e-05,0.50338037094458,0.619103523592198,27,0.927901682458659,0.208236724217925
"CLEC2L",0.00297389072761957,0.00590807232230874,0.503360582840232,0.619117234571863,27,0.927901682458659,0.208227106219243
"LTA|LTB",0.0124619445127461,0.0247679033482914,0.503148947955086,0.619263883060626,27,0.927901682458659,0.208124248336738
"LGMN 2",0.000176729641993758,0.000351401600336825,0.502927823391696,0.619417124422749,27,0.927901682458659,0.208016792296148
"TXN",0.0177576634908846,0.0353114019072915,0.502887524474575,0.619445053834537,27,0.927901682458659,0.207997210473993
"STOM",0.00910922761141404,0.0181185094812441,0.502758111578864,0.619534748176461,27,0.927901682458659,0.207934330098122
"SVIP",0.00128980862495004,0.00256636832485854,0.502581259461708,0.619657331722494,27,0.927901682458659,0.207848407409216
"INPP4A",0.0191285521239483,0.0381204358250246,0.501792587360483,0.620204129631691,27,0.928051652224557,0.207465346337511
"LRRTM2",1.76807870424589e-05,3.5247848939503e-05,0.501613221073574,0.620328518017134,27,0.928051652224557,0.207378252797983
"IRF4 2",0.0383659466103094,0.076487353889407,0.501598560538291,0.620338685433368,27,0.928051652224557,0.207371134607459
"MMP10 2",0.0056521387286295,0.0112699563568741,0.501522681157676,0.620391310748119,27,0.928051652224557,0.207334293580178
"FHOD1",0.00356886257449513,0.0071377914357011,0.499995356637174,0.621451008140115,27,0.929446952113132,0.206593103117368
"C2orf73",0.015223259051374,0.0304864961404967,0.499344332035331,0.621902959405084,27,0.929725628053536,0.206277376535505
"IMPACT",0.011131403526708,0.0222994588098618,0.499178191794733,0.622018320749381,27,0.929725628053536,0.206196823535574
"PPP1R3B",0.00465587599517071,0.0093442341293675,0.498261915392082,0.622654724510241,27,0.929930839205208,0.205752712261948
"CHL1",8.91869601902391e-06,1.79066492199627e-05,0.498066160199373,0.62279072594224,27,0.929930839205208,0.205657863191423
"HSD17B7 2",0.0110986583726388,0.0223031913583916,0.497626469427344,0.623096252032822,27,0.930007678110559,0.205444861048816
"FGFR2",0.014294782626054,0.0287564947998565,0.497097533115381,0.623463883024742,27,0.930366711704879,0.205188699935836
"FBLN1 2",1.68496910861728e-05,3.39612483029009e-05,0.496144633315306,0.624126436064008,27,0.930604190877173,0.204727421659515
"BEX4",0.00528570650138582,0.0106724737786377,0.495265353751989,0.624738087063298,27,0.930604190877173,0.204302016549252
"TCTN2",0.0208944702641492,0.0422045908163788,0.495075769246421,0.624870003219764,27,0.930604190877173,0.204210323066335
"TTL",0.00066054518242455,0.00133432938912675,0.49503907191675,0.624895539325523,27,0.930604190877173,0.204192575433768
"VPS26A",6.99038521823962e-05,0.000141236544429226,0.494941677204691,0.624963314466218,27,0.930604190877173,0.204145475123916
"STX17",0.00224662552823627,0.0045412940689415,0.494710427056736,0.625124250555437,27,0.930604190877173,0.204033653107876
"C3 5",5.37845944968221e-06,1.08739037961984e-05,0.494620841832587,0.62518660153905,27,0.930604190877173,0.20399033797852
"CHD1L",0.0132259482933866,0.0267851758952354,0.49377866119368,0.625772895202917,27,0.930604190877173,0.203583251862145
"WAS",0.00404864962390302,0.00820077184835194,0.493691288914061,0.625833734798342,27,0.930604190877173,0.203541030448545
"SRI",0.0124581583662425,0.0252627732518291,0.493142943652891,0.626215623595144,27,0.930604190877173,0.203276101272737
"TGFB1",0.00197489729981951,0.00400602602937359,0.492981644487298,0.626327978809653,27,0.930604190877173,0.203198187418542
"PPP3R1",0.000610680028950685,0.00123929484701365,0.492764115353383,0.626479516377016,27,0.930604190877173,0.203093124302492
"CETN1",0.0339540998006665,0.0690857739115781,0.491477447211113,0.627376191454549,27,0.930604190877173,0.20247196653739
"BSG",0.000935594119315273,0.00190460292821751,0.491227911841384,0.627550159565154,27,0.930604190877173,0.202351555660871
"PDCD5",0.000131981045763997,0.000268974281740318,0.490682770523833,0.627930291129649,27,0.930604190877173,0.202088566227924
"B3GALT2",0.00225730807186745,0.00460068457541405,0.490646127737261,0.627955846207056,27,0.930604190877173,0.202070891967855
"PIK3CA|PIK3R1",0.0115761710465618,0.0236086733197851,0.490335517365154,0.628172488261384,27,0.930604190877173,0.201921088087003
"GFER",0.00408494312340403,0.00833517896298494,0.490084633040819,0.628347497882544,27,0.930604190877173,0.201800109966354
"NRG3",1.74615000223012e-05,3.56451855274845e-05,0.489869803282056,0.628497374503587,27,0.930604190877173,0.201696532203936
"POU2F1",0.022317284679276,0.0455587656895536,0.489857096466361,0.628506239960416,27,0.930604190877173,0.201690406177032
"TRDMT1",0.0121597831978315,0.0248268191889175,0.489784176752676,0.628557116635977,27,0.930604190877173,0.201655252086588
"ENPP5",1.17844426108864e-05,2.40616046035318e-05,0.489761294188862,0.628573082372174,27,0.930604190877173,0.201644220880535
"PCDH10 2",1.66592042696887e-05,3.40269786086144e-05,0.489588113634961,0.628693920745012,27,0.930604190877173,0.201560739108474
"SPINT1",0.00525276222953258,0.0107293469730212,0.489569611528138,0.628706831389502,27,0.930604190877173,0.201551820676302
"AGAP2",0.00998416408128236,0.0204232526364446,0.488862585162658,0.629200279814222,27,0.930925592359359,0.201211092911838
"MRPL32",0.0110634160775056,0.0227396933510496,0.486524418192954,0.630833385715586,27,0.930925592359359,0.200085330485218
"MYBPC1",0.0122931584339838,0.0252716539453927,0.48644059706369,0.630891966654081,27,0.930925592359359,0.200045002567096
"DUSP4",0.0255470192581101,0.0525429404077958,0.486212211570856,0.631051593268989,27,0.930925592359359,0.199935132426163
"IMPA2",0.0217007601177521,0.0447492909764559,0.484940870441268,0.631940511701147,27,0.930925592359359,0.199323802502287
"PRDX5",0.0234545582148827,0.0483673026678898,0.484925909057438,0.631950976026826,27,0.930925592359359,0.199316611063871
"CFD 2",5.72011076754911e-05,0.00011799776907501,0.484764314816232,0.632064003629315,27,0.930925592359359,0.199238942262497
"MEIG1",0.00697151869566438,0.0143881650894997,0.484531464039992,0.632226887883693,27,0.930925592359359,0.199127038057964
"PIP",0.00353866283678787,0.00730991106518963,0.484091092932616,0.63253498895086,27,0.930925592359359,0.198915446297591
"TAGLN3",2.41859775895311e-05,4.99739553888769e-05,0.483971648858405,0.632618568425906,27,0.930925592359359,0.19885806495498
"F11R",0.0136787129325413,0.0282788437300392,0.483708353252472,0.632802823765343,27,0.930925592359359,0.198731591547405
"BST2",0.0322539793666296,0.0667553893742363,0.483166672668346,0.633181970083025,27,0.930925592359359,0.198471460210399
"TMEM38B",0.00349513450276702,0.00723422927966789,0.483138475108916,0.63320170960908,27,0.930925592359359,0.198457921237371
"CSRP2",0.0067595607136396,0.0140033761154246,0.48270935936613,0.633502143602596,27,0.930925592359359,0.198251911241149
"CRH 2",0.0170925246344196,0.0354140753534942,0.482647773909283,0.633545266288302,27,0.930925592359359,0.198222349688349
"SOD2",3.62680984472187e-05,7.51470473215599e-05,0.482628389802526,0.633558839485881,27,0.930925592359359,0.198213045378176
"SMAP1",0.00674704811279248,0.0139861540854214,0.482409107720709,0.633712394956466,27,0.930925592359359,0.198107798305482
"ACADS",0.00408222320685799,0.00847216954470926,0.481839177711838,0.634111575017526,27,0.930925592359359,0.197834319166992
"KLK8",0.00125406548975229,0.00260462320214951,0.481476740557848,0.634365485460137,27,0.930925592359359,0.197660454129882
"APOBEC3G",0.00849581607082246,0.0176583251101949,0.481122417772084,0.63461375540796,27,0.930925592359359,0.197490518694746
"AMOT",0.0206935112023904,0.0430221498731122,0.480996678767172,0.634701869785895,27,0.930925592359359,0.197430222283963
"RABL6",0.00176650966602727,0.00367322072707229,0.480915740512891,0.634758591956094,27,0.930925592359359,0.197391411897539
"DKK3 2",8.80011796729542e-06,1.83263335987587e-05,0.480189772813667,0.635267457564076,27,0.930925592359359,0.19704339141798
"CPM",4.02293972911831e-05,8.38437891754802e-05,0.479813683121898,0.635531148788231,27,0.930925592359359,0.196863158854538
"EPHB2",1.24708335060093e-05,2.60212378767675e-05,0.47925596641748,0.635922276105388,27,0.930925592359359,0.196595961586286
"LUM",1.53376248162584e-05,3.20056365357655e-05,0.47921636550234,0.635950052367411,27,0.930925592359359,0.196576992579639
"DNMT3L",0.0168149425466742,0.0351096758408266,0.47892616903974,0.636153614060073,27,0.930925592359359,0.196438001201911
"MED11",0.00441459734064779,0.00921948815253255,0.4788332353825,0.636218809622232,27,0.930925592359359,0.196393495250056
"PGR",0.000967899450282129,0.00202140406889121,0.478825320072224,0.636224362572151,27,0.930925592359359,0.196389704722414
"NDUFV2",0.00151648926856586,0.00316869737236927,0.478584443497034,0.636393358809485,27,0.930925592359359,0.196274361155317
"REN",0.00158532285560175,0.00331336042923865,0.47846374985713,0.636478043631557,27,0.930925592359359,0.196216573462215
"C1QTNF4 2",1.04149605013407e-05,2.17718532727744e-05,0.478368119188297,0.636545146571844,27,0.930925592359359,0.196170788849747
"NMRK2",0.0050961225611173,0.0106633014818157,0.477912264771638,0.636865057847548,27,0.930925592359359,0.195952578403219
"VSTM1 2",0.00827719030464307,0.0173234499045242,0.477802651911812,0.636941993099507,27,0.930925592359359,0.195900117466681
"PAFAH2",0.0311668755141211,0.0652329931302825,0.477777793391682,0.636959441415664,27,0.930925592359359,0.195888220616234
"CASP4",0.0213222475057809,0.0446290312002283,0.477766308888009,0.636967502516764,27,0.930925592359359,0.195882724395681
"MSTN 2",0.0025559701301822,0.00535343367129633,0.477444998316991,0.637193052462028,27,0.930925592359359,0.195728968109219
"UBL5",0.00258986981485365,0.00542592157565749,0.477314273481703,0.637284827404447,27,0.930925592359359,0.19566642116075
"RMDN1",0.000380225708186529,0.000796594933255379,0.477313741668795,0.637285200774012,27,0.930925592359359,0.19566616671833
"SPOCK2",6.37527890348784e-06,1.33588511220618e-05,0.477232573762217,0.637342187421884,27,0.930925592359359,0.195627333429544
"ILF2",0.0228131149606795,0.0478344184771049,0.476918413288511,0.637562775747769,27,0.930925592359359,0.195477047256963
"GM2A",6.68814985076487e-06,1.40279065593676e-05,0.476774622247441,0.637663750243636,27,0.930925592359359,0.195408270979861
"None 2",0.00688313338310455,0.014446313393823,0.476462969856909,0.637882626634632,27,0.930925592359359,0.195259226128988
"STOML2",0.00443398267536349,0.00932660082885773,0.475412506306066,0.638620623676995,27,0.930925592359359,0.194757060421552
"TIRAP",0.011508684888465,0.0242104832696722,0.475359568839403,0.638657824647295,27,0.930925592359359,0.194731762607832
"LIN28B",0.0293740764304078,0.0617964629545496,0.475335885356609,0.638674468153933,27,0.930925592359359,0.194720444984166
"KCTD4",0.022041828713886,0.0464206164906462,0.474828435730221,0.639031123459828,27,0.930925592359359,0.194477989388243
"C3 2",9.85688302646294e-06,2.07715167799335e-05,0.474538433129026,0.639234988335007,27,0.930925592359359,0.194339462065524
"LRFN2",7.38187030491562e-05,0.000155696496944071,0.474119228743299,0.639529730078579,27,0.930925592359359,0.194139261491887
"PPIL2",0.0106590967335943,0.0224962166766569,0.473817303896023,0.639742050230552,27,0.930925592359359,0.193995102177714
"INSL4",0.0143635105562752,0.0303185067599262,0.473753891311701,0.639786647324956,27,0.930925592359359,0.193964828105622
"MFAP4",5.02942058447276e-05,0.000106184526093659,0.473649105900477,0.639860344318029,27,0.930925592359359,0.193914804626227
"WWP1",0.00580250434142878,0.0122703376032578,0.472888728007632,0.640395241252217,27,0.93123723754774,0.193551903963203
"TSR2",0.00261971952216223,0.00554690033234489,0.472285306243239,0.640819866649691,27,0.93123723754774,0.193264032749987
"RAC2",0.00596920167413283,0.0126397498015751,0.472256315816394,0.640840270234899,27,0.93123723754774,0.1932502051147
"FCGR2B",0.00612314707115755,0.0129694965977304,0.472119100769807,0.640936846672504,27,0.93123723754774,0.193184760641617
"PNLIPRP2 2",0.0130178441628797,0.0276049563994484,0.471576334862092,0.641318926267757,27,0.931381840747124,0.192925943222691
"PSMC5",0.00971445722017699,0.020610629346519,0.471332391498162,0.64149068283541,27,0.931446507147568,0.1928096470405
"CAB39",7.78944191166297e-05,0.000165477576924242,0.470724919741186,0.641918482305854,27,0.931513421003202,0.192520119801172
"NR1H2",0.00419943757822122,0.00892855077955597,0.470338096506863,0.642190960334555,27,0.931551827834664,0.192335811981058
"CHMP2A",0.000312236474702843,0.000663872360767922,0.470326064398387,0.642199436563523,27,0.931551827834664,0.192330079799508
"CLEC11A",8.52352021986976e-05,0.000181410981310636,0.469845880237793,0.642537751036984,27,0.931781302552644,0.192101351132218
"NTN1",0.00139424197325416,0.00296811264046296,0.469740249829834,0.642612183661836,27,0.931781302552644,0.192051044662272
"GH1",0.0101293976699758,0.0215800803461305,0.469386466941126,0.642861505030794,27,0.93195823333276,0.191882579298774
"FURIN",0.00441488535424681,0.00944266106848911,0.467546735207899,0.644158706528005,27,0.932849499653467,0.191007118854768
"MERTK 2",0.00316130842464534,0.00676175523025895,0.467527781913554,0.644172076559667,27,0.932849499653467,0.190998104817302
"CCL21",0.000125530207565137,0.000268567563589855,0.467406435413184,0.644257679694326,27,0.932849499653467,0.190940395859727
"TATDN1",0.00458610665362554,0.00983539720005717,0.466285861195203,0.645048418238854,27,0.9330625216864,0.190407685388374
"CHID1",0.011419044784749,0.0245064587881925,0.465960622195274,0.645278004510251,27,0.9330625216864,0.190253138368205
"VEGFA 3",0.000502669322875044,0.00108349631812855,0.463932654375118,0.646710355901988,27,0.933839549419813,0.189290184552994
"TRAPPC6A",0.0180214338957012,0.038932405069383,0.462890331680883,0.647447088439635,27,0.934530173997735,0.18879571780677
"IGHA1|IGHA2",5.47989719209799e-06,1.1845417139579e-05,0.462617493966341,0.64763999564232,27,0.934530173997735,0.188666338809335
"NID1",0.000180791682077857,0.000390930892554478,0.462464557089622,0.647748139128527,27,0.934530173997735,0.188593825995357
"HBA1|HBB",0.000650604950794591,0.00140774148319055,0.462162235441156,0.647961937570031,27,0.934530173997735,0.188450504605955
"HIKESHI",0.00488128534137444,0.0105803883073984,0.461352192335057,0.648534942679999,27,0.934530173997735,0.188066619419102
"SPON1 2",8.22434876285046e-06,1.78347788144759e-05,0.461141057503614,0.648684330706431,27,0.934530173997735,0.187966592542907
"DDX25",0.0232525313406173,0.0504370741384791,0.461020622980144,0.648769550630582,27,0.934530173997735,0.187909541508735
"BMF",0.00343305150078048,0.00746267088093121,0.460029868066766,0.649470797648346,27,0.934875286980641,0.187440371465933
"SUMF2",0.00182654772948686,0.00397260899100583,0.459785429077528,0.649643859992811,27,0.934940573817057,0.187324661861351
"GFRA2",2.00848431776971e-05,4.37135136048975e-05,0.459465312242638,0.649870532445447,27,0.935011468215999,0.187173155118601
"GAGE2A",0.000284324319937881,0.000619165099873217,0.459205985602387,0.650054185005467,27,0.935011468215999,0.187050441406239
"ADD2",0.0157144731502469,0.0342372912111919,0.458987045830014,0.650209253546154,27,0.935011468215999,0.186946854071766
"RPL12",0.0024183202961022,0.00527648388829098,0.458320417024049,0.650681505879553,27,0.935077626454507,0.186631536909299
"FAS 4",0.000259952864545049,0.000567626972792067,0.457964256466499,0.650933877700573,27,0.935142644946211,0.186463125115749
"HSPA8",0.00281775545476054,0.00615726934596995,0.457630695757172,0.651170273997203,27,0.935298720018348,0.186305433262662
"NT5C3A",0.0259636349358003,0.0567805422849942,0.457262891317294,0.651430982159491,27,0.93548964699679,0.186131590166403
"HID1",0.00542963897759081,0.0118853017309192,0.456836443913392,0.651733314405748,27,0.935740261769854,0.185930078769946
"HSPB3",0.0148019690861915,0.0325261650332572,0.455078828723179,0.652980026156975,27,0.936788421912372,0.185100103047251
"SAR1B 2",0.00903677157899364,0.0199275683908685,0.453480896501883,0.654114364649382,27,0.937012124199436,0.184346313458677
"ADGRB2",7.61765299193105e-05,0.000168062346103382,0.453263516102835,0.654268744018729,27,0.937012124199436,0.184243826491222
"CDK16",0.00850059304347504,0.018762487816661,0.45306321456617,0.654411008199934,27,0.937012124199436,0.184149403773964
"SNU13",0.00718918350657151,0.0158921800549128,0.452372392065183,0.654901767079368,27,0.93734815968486,0.183823837740715
"H2BU1",0.000332884003145562,0.000736361652641788,0.452065913469693,0.655119539523101,27,0.937476573269864,0.183679447155588
"DNAJC5B",6.11548103598321e-05,0.000135364711956254,0.45177808511568,0.655324088133026,27,0.937586017045512,0.183543868132701
"H2AW",0.000471961554281987,0.00104594110705615,0.451231480527948,0.65571261464626,27,0.937832678329602,0.183286461264758
"IL27RA",0.000732301021559942,0.00162700731060567,0.450090799707185,0.656523728853249,27,0.938223163460334,0.182749572508558
"GMNN",0.0247058471121004,0.0549098072971383,0.449935054013347,0.656634509710648,27,0.938223163460334,0.182676296472555
"RGS8",0.00636191448284854,0.0141398133015118,0.449929171424657,0.656638694113127,27,0.938223163460334,0.182673528940405
"APOA1",2.40807343210627e-05,5.35258183401523e-05,0.44989007301171,0.656666505883179,27,0.938223163460334,0.182655134894196
"ATF3",0.0164197863224605,0.036533708737779,0.44944208758858,0.656985206174219,27,0.938256126044054,0.182444409662806
"MTCP1",0.0231191242699906,0.0514613312230489,0.449252355516909,0.657120202996695,27,0.938256126044054,0.182355180328731
"SIRT3",0.0317143959196653,0.070635524399286,0.448986486465243,0.657309392237703,27,0.938256126044054,0.182230162078578
"TCL1A",0.0177159960176279,0.0395316690837231,0.448146926963991,0.657906965661517,27,0.938256126044054,0.181835515438435
"NUDT11",0.0217365749186636,0.0485461185556196,0.447751036857044,0.658188828953578,27,0.938256126044054,0.181649493000304
"ANXA6",0.0158494718773728,0.0354063560348276,0.447644820093386,0.658264461254573,27,0.938256126044054,0.181599591205449
"FLNA 2",0.00195352404757181,0.00436491386743939,0.44755156846149,0.658330864712255,27,0.938256126044054,0.181555783279496
"ADAM15 2",0.0105771666491387,0.0236580356822348,0.447085581880379,0.658662731447903,27,0.938256126044054,0.181336909177921
"PEX14",0.00738187112535442,0.0165169551303774,0.446926874056704,0.658775776415997,27,0.938256126044054,0.181262378479634
"SARS1",0.00365445459354529,0.00818873641979693,0.446278205354168,0.659237898432053,27,0.938256126044054,0.180957833764213
"EEF1AKMT1",0.0159314135912947,0.0357253614400992,0.445941285100977,0.659477980322295,27,0.938256126044054,0.18079970077595
"RPLP2",0.0224654962049389,0.0503922310725567,0.445812692289654,0.659569622519293,27,0.938256126044054,0.180739354658882
"FGF7",0.00865484989343415,0.0194139694970598,0.445805268971135,0.659574912943343,27,0.938256126044054,0.180735871186207
"ENO2 2",0.00040803079836402,0.000917296553752995,0.444818850234003,0.660278070910898,27,0.938620535366734,0.180273126232273
"PDGFRB",0.0019137110523285,0.00430406953618649,0.444628284055117,0.660413950675418,27,0.938631437176225,0.180183761215786
"FUNDC1",0.0257218797376247,0.0579887685821132,0.443566579642091,0.661171197153937,27,0.938900796151263,0.179686074020084
"ST6GALNAC2",0.00436430678744593,0.00984228938075197,0.443423945243976,0.66127295729255,27,0.938900796151263,0.179619237372781
"REPIN1",0.0236483674194693,0.0533582603646854,0.443199745603413,0.661432922220226,27,0.938900796151263,0.179514192272729
"PTPMT1",0.0184425443229891,0.0416147671648403,0.4431730748351,0.661451952724911,27,0.938900796151263,0.179501697091433
"CACNA2D3",2.44130324934433e-05,5.5091300161936e-05,0.443137708162329,0.661477188412582,27,0.938900796151263,0.179485128222303
"YWHAG 2",7.31846722256048e-05,0.000165306798745205,0.442720279995305,0.661775072729322,27,0.938900796151263,0.179289595562371
"SETD3",0.00604960360115957,0.013676093140642,0.442348815480176,0.662040204324207,27,0.938900796151263,0.179115635959136
"ALDH1B1",0.00710476705779206,0.0160659504242566,0.442225132667233,0.662128492510085,27,0.938900796151263,0.179057723289712
"CHI3L2",0.00531038443614097,0.0120105125217203,0.442144698366322,0.662185911395522,27,0.938900796151263,0.179020063493753
"MRRF",0.0102356912490941,0.0231531081415191,0.442087135192837,0.662227004775869,27,0.938900796151263,0.178993113245662
"CSF2RB",0.0175164498841185,0.0396276510066404,0.442025944994399,0.662270688611545,27,0.938900796151263,0.178964465934482
"FHIT",0.00227114486674896,0.00514783283853612,0.441184657308104,0.662871409559658,27,0.939214420508541,0.178570712221336
"CSMD1",0.00620738524413744,0.0140749361732231,0.441024042151375,0.66298612288526,27,0.939214420508541,0.178495561817594
"MYL12A",0.00403042738178131,0.00915117538766392,0.440427290598588,0.663412403642894,27,0.939214420508541,0.17821641285376
"LSMEM1",0.00377332746998769,0.00857001424478113,0.440294188809024,0.663507498739516,27,0.939214420508541,0.178154164521038
"STATH",0.00145088212782557,0.00329557307691224,0.440251845116104,0.663537752563288,27,0.939214420508541,0.178134362530548
"CCL22",0.000462673140232389,0.00105098644423708,0.44022750509237,0.663555143345554,27,0.939214420508541,0.178122980176234
"CFH",6.01751963809823e-06,1.36737340863577e-05,0.440078737826408,0.66366144072992,27,0.939214420508541,0.178053414487975
"C1QL3",2.61926035461984e-05,5.95265612176664e-05,0.440015398343302,0.663706700321507,27,0.939214420508541,0.178023798000613
"ANXA9",0.0080684278893893,0.0183547247086739,0.43958316005559,0.664015593419376,27,0.939363023929392,0.177821721751754
"GKN1",0.00144715573975038,0.00329337608301693,0.439414055143287,0.664136458387998,27,0.939363023929392,0.177742678107615
"SULT1A3",0.0282731215706152,0.0644320852179532,0.438805006464965,0.664571842752807,27,0.939519020002094,0.177458063292236
"DLG2",0.000663323529663324,0.00151243708305182,0.438579255359741,0.664733253640151,27,0.939519020002094,0.177352594866323
"UBE2D3 2",0.00786861871991669,0.0179415070682411,0.438570666889249,0.664739394678428,27,0.939519020002094,0.177348582720545
"TNFRSF8",0.0012819317948879,0.00292676230534164,0.438003384336421,0.665145073169082,27,0.939519020002094,0.177083621455649
"KLKB1",4.08938560453306e-06,9.34435575116132e-06,0.437631626345651,0.665410983406961,27,0.939695443554664,0.176910034856334
"FXYD2",0.0061116818876049,0.0139991462127023,0.436575330719769,0.666166771809285,27,0.939874144616646,0.176417033577846
"DCLK1",0.000151958515170318,0.0003484282532244,0.43612569808583,0.666488596959816,27,0.940129534009945,0.176207276587396
"EDIL3",2.21840617754312e-05,5.09397630999909e-05,0.435495974566776,0.666939431894469,27,0.940165338678574,0.175913604746708
"GPC2",0.0040875116139277,0.00938816002339804,0.435390066183408,0.667015266916612,27,0.940165338678574,0.175864225661021
"BORCS5",0.00931915168845093,0.021425122536548,0.434963752135087,0.667320562870476,27,0.940414598801686,0.175665492557308
"CD226",0.00795176324217022,0.0183223909438908,0.433991571652474,0.668016988251056,27,0.940723570582828,0.17521249289889
"STMN4",0.00263248446344991,0.00607066374014171,0.433640302961083,0.668268695621936,27,0.940723570582828,0.175048882490069
"MMP1",0.00449236802441569,0.0103650998134109,0.433412905354105,0.668431662231965,27,0.940723570582828,0.17494298665574
"EXOSC1",0.00794393324422507,0.0183291831361531,0.433403561152497,0.668438359195658,27,0.940723570582828,0.174938635515643
"NTMT1",0.0127661448738902,0.0294556485377991,0.4334022677351,0.668439286186569,27,0.940723570582828,0.174938033236088
"MMP7",0.000523271221554917,0.0012102735254574,0.432357818747753,0.669188016687035,27,0.941062882798604,0.174451844657181
"MALT1",0.01913458015064,0.044295445533127,0.431976243163191,0.669461642547882,27,0.941062882798604,0.174274301261406
"GAS2",0.0231541680158653,0.0536312288541177,0.43172920909284,0.669638814223366,27,0.941062882798604,0.174159381307384
"KCNA10",0.0028795255863372,0.00667352113234709,0.431485197878509,0.669813837071302,27,0.941062882798604,0.174045885011081
"SDCBP",2.22684223624268e-05,5.16475456456822e-05,0.431161289157763,0.670046197692529,27,0.941062882798604,0.173895252953994
"F8",0.00999453566131946,0.0231886831144379,0.431009195821758,0.670155315614315,27,0.941062882798604,0.173824533273495
"FLII",0.00562780237841701,0.0130627023585031,0.43082987148931,0.670283979642292,27,0.941062882798604,0.173741160490051
"LY9",0.00965469544185156,0.0224150916896013,0.430722995718573,0.670360667185099,27,0.941062882798604,0.173691475472046
"CRLF1|CLCF1",0.0185733432440565,0.0431463106187628,0.430473497680231,0.670539705962816,27,0.941062882798604,0.17357550033291
"LDHA",1.68283572913359e-05,3.91200680425333e-05,0.430171984185693,0.670756097311483,27,0.941062882798604,0.173435370811527
"TMEM87B",0.0056924100660781,0.0132485998220354,0.42966125798519,0.671122703331719,27,0.941062882798604,0.173198069237784
"CPVL",0.00293789619080805,0.00685438620146698,0.428615503191122,0.67187361902617,27,0.941578038543487,0.17271241105536
"PPP2R5D",0.00891350313004042,0.0208031123346599,0.428469691777308,0.671978348135543,27,0.941578038543487,0.17264472015562
"C20orf173",0.0162398366187346,0.0379527550263979,0.427896119990208,0.672390381847473,27,0.941578038543487,0.172378507517582
"DCC",4.35148872817115e-06,1.01891292547557e-05,0.427071697627167,0.672982800629934,27,0.941759636965747,0.171996034865118
"MEN1",0.03045993161117,0.0713238794201493,0.427064986632864,0.672987623944127,27,0.941759636965747,0.171992922257738
"COPS7B",0.0100866807415085,0.0236472188108879,0.426548289766078,0.673359026259414,27,0.941759636965747,0.171753313862438
"PNPT1",0.00661996795146445,0.0155448689254066,0.425861934457661,0.673852509959717,27,0.941759636965747,0.171435149636888
"MELT 2",0.0126769408991191,0.0297966943208826,0.425447895749785,0.674150272354058,27,0.941759636965747,0.171243285690344
"FSHB",0.0256876667603428,0.0604114728013472,0.425211728322073,0.674320140103854,27,0.941759636965747,0.171133868937705
"GLIPR1",0.010478280361696,0.0246623979899668,0.424868675217989,0.674566918708812,27,0.941759636965747,0.170974960766883
"OTULIN",0.00295913641562274,0.00696866596600297,0.424634561343456,0.674735352137828,27,0.941759636965747,0.170866534788879
"PLA2G1B",0.0290034578314932,0.0683039979548131,0.424623136272061,0.674743572357849,27,0.941759636965747,0.170861243863426
"HEXA",0.00449294730189411,0.0105920388031834,0.424181537226221,0.675061329823613,27,0.941759636965747,0.170656769400055
"B4GALNT1",0.00364079255365593,0.00858831217484118,0.423924105171836,0.675246596262179,27,0.941759636965747,0.170537596297534
"RUVBL1",0.0100157718164977,0.0236449272038627,0.423590723293133,0.67548655262782,27,0.941770529763525,0.17038329235278
"MYC",0.0240136897407124,0.056728739929358,0.423307300155365,0.675690577997504,27,0.941868112544168,0.170252136946302
"STXBP4",0.00545527600399632,0.0128965362413644,0.423003192632379,0.67590952136875,27,0.941868112544168,0.170111435715431
"RNF128",0.0073957485079654,0.0174884606392777,0.422893052768471,0.675988824159228,27,0.941868112544168,0.170060484008215
"MAPRE1",7.76234305099359e-05,0.000183784535078658,0.422361057075415,0.676371924838155,27,0.941868112544168,0.169814427598421
"DSTN",0.00410344320415259,0.00972837991026991,0.421801290862493,0.676775119600894,27,0.941868112544168,0.16955561571764
"CEACAM16",0.00436770825023498,0.0103642822538724,0.421419268913008,0.677050343160164,27,0.941868112544168,0.169379037454024
"IL7R",0.00897110738209144,0.0212980579522199,0.421217155208107,0.677195972292266,27,0.941868112544168,0.169285633576164
"AGO1",0.0279761859003793,0.0664522780820299,0.420996641617688,0.677354873711883,27,0.941868112544168,0.169183740007198
"GOLPH3",0.00126526578747863,0.00301093875056905,0.420223024211139,0.677912460484381,27,0.941868112544168,0.16882638339418
"TGM3",1.4288061580774e-05,3.40102179794551e-05,0.420110849904143,0.677993325958703,27,0.941868112544168,0.168774581226702
"ICAM5 2",0.000106219023479192,0.000252863284847578,0.42006503056867,0.67802635784802,27,0.941868112544168,0.168753422880063
"MCTS1",0.00691635078355998,0.0164704673575661,0.41992437940037,0.678127759618192,27,0.941868112544168,0.16868847712094
"CHN1",0.00375644126590819,0.00895099825534267,0.419667299528971,0.678313116074172,27,0.941868112544168,0.168569785200104
"ITGA6",0.0104736967916928,0.0250104907774518,0.418772141853985,0.678958692361891,27,0.941884968896423,0.16815664725853
"CPM 2",1.17803393978758e-05,2.81546568428735e-05,0.418415307407932,0.679216106519142,27,0.941884968896423,0.167992024045835
"GULP1",0.00496625184240107,0.0118698447459062,0.418392316724604,0.67923269295932,27,0.941884968896423,0.167981418715039
"EEF1G",0.010431389445637,0.0249417579032535,0.418229921327088,0.67934985648088,27,0.941884968896423,0.167906512010193
"DCAF12",0.00959702504949777,0.0229514023652464,0.418145475242499,0.679410785105076,27,0.941884968896423,0.167867563332278
"NPTX1",5.74825028091371e-06,1.37630325408509e-05,0.417658700133999,0.679762041117001,27,0.941884968896423,0.167643090699854
"CHRNB3",0.0203738522769353,0.0488117107869962,0.417396808029172,0.679951052494706,27,0.941884968896423,0.167522349641658
"MTX2",0.0202618075872808,0.0486277197317244,0.416671966093901,0.680474292797779,27,0.941884968896423,0.167188277083652
"IFI16",0.00193356337326171,0.00464368475950544,0.416385580288107,0.680681070591052,27,0.941884968896423,0.167056326745425
"HPRT1",1.84268113485563e-05,4.42667547240995e-05,0.416267500597339,0.680766334529711,27,0.941884968896423,0.167001929259376
"NTN1 2",0.0012405140910353,0.00298181370442142,0.416026691807026,0.680940233104247,27,0.941884968896423,0.166891004933185
"CD28",0.00297951804401084,0.00716323713294628,0.415945750323828,0.680998688535567,27,0.941884968896423,0.166853724448911
"OASL",0.0129265165461472,0.0310885461076442,0.415796753614309,0.681106298338992,27,0.941884968896423,0.166785103682709
"EED",0.0467601020413609,0.112477553121593,0.41572830083538,0.68115573925675,27,0.941884968896423,0.166753579765607
"AFM 2",4.38180076045954e-06,1.05627493230575e-05,0.414835250411036,0.681800889724932,27,0.942319107735742,0.16634243636853
"CTSF",0.0127225045716149,0.0307981973699449,0.413092507291692,0.683060579188861,27,0.94339881649595,0.165540777957191
"LIMD2",0.00551350038946735,0.0133910944572001,0.411728884975707,0.684046886224549,27,0.94339881649595,0.164914129667694
"SRFBP1",0.00756130430149283,0.0183913909626948,0.411132813000942,0.684478204469669,27,0.94339881649595,0.164640376352865
"WFDC2",4.71117421980686e-05,0.000114814349964435,0.410329738509707,0.685059482584145,27,0.94339881649595,0.164271717797334
"TMEM9",0.0120936089000182,0.0294735592174204,0.410320613496529,0.685066088551849,27,0.94339881649595,0.164267529954436
"TNFRSF21",4.36485351532841e-06,1.06536249703481e-05,0.409705947738632,0.685511128867907,27,0.94339881649595,0.163985490303076
"CNTN5",0.000573436791644103,0.0014000143411119,0.409593512584077,0.68559254853248,27,0.94339881649595,0.163933911255238
"CHCHD10",0.00253000485473758,0.00617932466428022,0.409430640432659,0.685710498904744,27,0.94339881649595,0.16385920100642
"SERPINA1",8.01252948953529e-05,0.000195809682037876,0.40919986213886,0.685877640135095,27,0.94339881649595,0.163753355071576
"ERAP2",0.000125128279004008,0.000306033216997269,0.408871560517971,0.686115440754217,27,0.94339881649595,0.163602806939591
"CGA",0.00810283514023515,0.019820272555839,0.408815525488223,0.686156032228101,27,0.94339881649595,0.16357711427823
"MATK",0.0127553640217089,0.0312386139550443,0.408320421644355,0.68651472451718,27,0.94339881649595,0.163350143484792
"TIPRL",0.00016704644950882,0.000409509774467315,0.407918100919842,0.686806252574388,27,0.94339881649595,0.163165759745551
"TIMP1 3",9.16484918075047e-06,2.24944462713565e-05,0.407427196481854,0.687162036766157,27,0.94339881649595,0.162940841723954
"GPC3",0.000930102350514679,0.00228409967905681,0.407207425771696,0.687321339956224,27,0.94339881649595,0.162840171904476
"SH3KBP1",0.00909225793184322,0.0223776901312798,0.406309046130457,0.687972693316136,27,0.94339881649595,0.162428799231744
"OXT",0.0138080949112306,0.0339939298361987,0.406192957912356,0.688056878842607,27,0.94339881649595,0.162375658935361
"HGF",0.000444404826919196,0.00109590638089647,0.405513495190772,0.688549697780858,27,0.94339881649595,0.162064707995219
"SNX27",0.00526391818453031,0.0130022876051536,0.404845542906149,0.689034304892151,27,0.94339881649595,0.161759155371788
"LYPD8",0.0302148561030475,0.0746760016406884,0.404612665906103,0.689203291696361,27,0.94339881649595,0.161652656989894
"LIN7B",0.00372018533676449,0.00919475059155153,0.404598830574342,0.689213331799477,27,0.94339881649595,0.161646330366569
"NECAB1",0.00685504731552899,0.0169585065061796,0.404224706523009,0.689484850303537,27,0.94339881649595,0.161475271912873
"SNCA 2",0.0198737193032344,0.0491965479595969,0.40396572783025,0.689672827540667,27,0.94339881649595,0.161356884467222
"TWF2",3.88207508466416e-05,9.6105934622885e-05,0.403937082543054,0.689693620700058,27,0.94339881649595,0.161343790985941
"SLC25A1",0.00482479389979435,0.0119695520589278,0.403088927308325,0.690309395714538,27,0.94339881649595,0.160956215443785
"CLSTN3",0.0080415959329062,0.0199567412347857,0.402951355549435,0.690409295650026,27,0.94339881649595,0.160893369925618
"STAT1 2",0.000537814190923218,0.00133610466319631,0.402523998110017,0.690719664589006,27,0.94339881649595,0.1606981795796
"STMN2",0.000471998345584712,0.00117324077086322,0.402303054331668,0.690880146956379,27,0.94339881649595,0.160597286967537
"H2BC21",6.25287880596444e-05,0.000155436466503824,0.402278753924878,0.690897798440681,27,0.94339881649595,0.160586191201745
"BMPER",0.000819488347140113,0.00204055241071712,0.401601224666469,0.69139001821707,27,0.94339881649595,0.160276894774143
"CDH12 2",0.00419242809519498,0.0104617683320293,0.400737997835378,0.692017346340672,27,0.943888995149539,0.159883019234548
"N4BP2L2",0.000970533233710781,0.00242530819580652,0.400169032285828,0.692430950229776,27,0.944035026260729,0.15962352829867
"ARHGEF16",0.0061654560931534,0.0154084396268488,0.400135006688818,0.692455687886916,27,0.944035026260729,0.159608013053311
"LRRTM1",6.75046658149535e-05,0.000169368700067207,0.39856635723228,0.6935965218541,27,0.944677518185528,0.158893093362525
"DNM1",3.86150911466998e-05,9.6910999274166e-05,0.398459322841732,0.693674391810046,27,0.944677518185528,0.158844337936493
"BAMBI 3",7.33965885186244e-05,0.000184380430792299,0.398071466712779,0.693956594720897,27,0.944677518185528,0.158667692747911
"Obi1",0.00804391409688546,0.0202130387020079,0.397956695946286,0.694040110208807,27,0.944677518185528,0.158615429921252
"KIRREL2",0.00161422361044014,0.00405770951458046,0.397816453996964,0.694142165718025,27,0.944677518185528,0.1585515735454
"DMKN",0.000413041707866799,0.00103867066831351,0.397663783591246,0.694253272232497,27,0.944677518185528,0.158482064607351
"ZCCHC18",0.00101490464311658,0.00255473555829885,0.397264069003049,0.694544199178793,27,0.944677518185528,0.158300111555359
"ASAP3",0.0141563740333497,0.0358103939581941,0.395314668972259,0.695963727592777,27,0.945121582212339,0.157413394465303
"NOTUM",0.000185628951778505,0.000470473301600206,0.394557887019585,0.696515111657626,27,0.94545717408007,0.157069456643716
"CPA4",3.53974648907227e-05,8.9740207625331e-05,0.394443759685831,0.696598278512211,27,0.94545717408007,0.157017603138723
"EVA1C",0.00314074923716342,0.00799364774840193,0.392905634075672,0.697719518328454,27,0.946164840050491,0.156319127696251
"HK2",0.00572301992535562,0.014588049687765,0.392308776556714,0.698154795405753,27,0.946164840050491,0.156048274601475
"TECTB",0.00479252247908049,0.012228021974154,0.391929495155496,0.698431453029569,27,0.946164840050491,0.155876210926773
"CD55",1.00343479449652e-05,2.56037171755598e-05,0.391909810445164,0.698445812725092,27,0.946164840050491,0.155867281958309
"PSMB2",0.00314833724997975,0.00803684707978361,0.391737856739775,0.698571255195244,27,0.946164840050491,0.155789288676794
"KIR3DL3",0.00834960695310332,0.0213172900880693,0.391682381700869,0.69861172682312,27,0.946164840050491,0.155764128615597
"RFXAP",0.00767432340407164,0.019604788979078,0.391451466897276,0.698780199706189,27,0.946164840050491,0.155659409470692
"POGLUT1",0.00259869831266927,0.00664074970431391,0.391326044253878,0.698871713275369,27,0.946164840050491,0.155602537172516
"ETHE1",0.0148179332703374,0.0379099611198027,0.39087176121099,0.699203215903653,27,0.946164840050491,0.155396582882236
"MTHFSD",0.0204978569617386,0.052458089793726,0.390747300222704,0.699294049076608,27,0.946164840050491,0.155340167547245
"RTN4RL1",1.1093414001598e-05,2.84199483146557e-05,0.390338992836147,0.699592068928062,27,0.946164840050491,0.15515512263576
"AHSP",0.00139096100478357,0.00356694572395163,0.389958556263815,0.699869790315767,27,0.946164840050491,0.154982752282151
"IRAG2",0.0329265658406264,0.0845301322736207,0.389524598566159,0.70018663450467,27,0.946164840050491,0.154786183511388
"SNX15",0.000894736983890473,0.00229873198922301,0.389230666334834,0.700401273789748,27,0.946164840050491,0.154653072755131
"CA1",0.00091238716815786,0.00234693876239686,0.388756273822017,0.700747744836123,27,0.946164840050491,0.154438291222765
"DEFA1",0.0261291513323592,0.067228409378508,0.388662346378707,0.700816352279097,27,0.946164840050491,0.154395773247331
"NUDCD3",0.00638917149919673,0.0164446532501483,0.388525765913558,0.700916119397785,27,0.946164840050491,0.154333952165106
"TNFRSF14 3",0.00290013039230506,0.00746617476267642,0.388435910555279,0.70098175849088,27,0.946164840050491,0.154293283445367
"LTB4R",0.015131319007724,0.0389657256074756,0.388323809497367,0.701063651327068,27,0.946164840050491,0.154242549558069
"TCP11",0.00720785442734262,0.0185661070843789,0.388226481436549,0.701134755080667,27,0.946164840050491,0.154198504481829
"USP15",0.00175604165404462,0.00452417279535644,0.388146459800783,0.701193217574659,27,0.946164840050491,0.154162293354263
"KHSRP",0.0041258985251037,0.0106306636029459,0.388112979509611,0.701217678283025,27,0.946164840050491,0.1541471435138
"MENT",0.00679861340621181,0.0175268544691586,0.387896950829089,0.701375516785355,27,0.946164840050491,0.154049398292841
"MAGED1",0.0145204988547275,0.0374924079292637,0.387291712021353,0.70181779932568,27,0.946164840050491,0.153775621514032
"SLC26A5",0.0273019140410514,0.070803673289545,0.385600248865659,0.703054415926488,27,0.946164840050491,0.153011059586141
"ESAM 2",2.01908906934495e-05,5.23746777139956e-05,0.385508638424596,0.703121415503561,27,0.946164840050491,0.152969674225954
"GMPPA",0.0229633965388507,0.0595702203018971,0.385484499175495,0.703139070224686,27,0.946164840050491,0.152958769634604
"MRPL33",0.0166594227643841,0.0432346425690058,0.385325789100589,0.703255150231314,27,0.946164840050491,0.152887078631158
"MPL",0.0139153018169758,0.0361164996186706,0.385289326593053,0.703281819821652,27,0.946164840050491,0.152870609165845
"H2BC21 2",0.000157882249042526,0.000410461256474679,0.384645923463098,0.703752484664845,27,0.946164840050491,0.152580058820062
"SERPINI2",0.011138738769645,0.0289829582177099,0.384320285250892,0.703990742754388,27,0.946164840050491,0.152433051649252
"IRAK4",0.0204370747173503,0.0532033844165535,0.384131102588121,0.704129175251284,27,0.946164840050491,0.152347660527454
"YWHAE",0.000253822256852542,0.000661448623300954,0.383736919106195,0.704417648430653,27,0.946164840050491,0.152169771784784
"NEURL1",0.00868088943756368,0.022647946266987,0.38329698133457,0.704739659002198,27,0.946164840050491,0.151971288029943
"KLK2",3.96631477187138e-05,0.00010355405390892,0.383018783152605,0.704943313954033,27,0.946164840050491,0.151845804181295
"PEAR1 2",0.00672247811966997,0.0175549276214312,0.382939665980913,0.705001235770384,27,0.946164840050491,0.151810121749327
"LRP11",6.59457427789712e-06,1.72319857846053e-05,0.382693809078496,0.705181239606464,27,0.946164840050491,0.151699250036594
"RAB7A",0.000964285051502339,0.0025230639542122,0.382188112945962,0.7055515394665,27,0.946164840050491,0.151471256199714
"PSMB10",0.000274295288916728,0.000718561019857162,0.381728595535635,0.70588808878379,27,0.946164840050491,0.151264146364859
"FER",0.042663036892145,0.111820943279352,0.381529932059004,0.706033608285113,27,0.946164840050491,0.151174625371182
"GMDS",0.00584147997643214,0.0153320492626691,0.380997991615846,0.706423306795552,27,0.946164840050491,0.150934980656817
"DNASE1L2",0.000798904362191056,0.00210193870088396,0.3800797624855,0.70709619174845,27,0.946164840050491,0.150521501756279
"MAGI2",0.000664557513987614,0.00174864355274641,0.380041726024645,0.707124070384355,27,0.946164840050491,0.15050437919332
"RNF215 2",0.00347267038832138,0.00913822665210019,0.380015786489961,0.707143082877034,27,0.946164840050491,0.150492702445205
"HCE001796",6.15185888668848e-06,1.62410808713196e-05,0.378783834366107,0.708046270408775,27,0.946476890375904,0.149938360493007
"JPT1",0.00171751543166869,0.0045391849162872,0.378375294979947,0.708345881344738,27,0.946476890375904,0.149754626944376
"IL18R1 2",0.000941163929659456,0.00248847603482442,0.378208958611033,0.708467881335877,27,0.946476890375904,0.14967983387775
"SUSD1",0.0162500265646774,0.0430107559565155,0.377813088919115,0.708758265261706,27,0.946682933187422,0.149501863497103
"FCGR2B 2",8.80568207090655e-05,0.000233238330779526,0.377540091351036,0.708958544462157,27,0.946682933187422,0.149379158946268
"SPINK1",0.0109262562732895,0.0289677933093368,0.377186351635827,0.709218090272193,27,0.946682933187422,0.149220195229623
"PFN1",2.36942313920497e-05,6.29517444918266e-05,0.376387208699611,0.709804569017019,27,0.946682933187422,0.148861209422784
"IGFBP2 2",5.27663715264038e-06,1.40360703944829e-05,0.375934075873149,0.710137197329503,27,0.946682933187422,0.14865773820065
"HSPA1B",0.000357158463933537,0.000950160560679459,0.375892747724798,0.710167537735829,27,0.946682933187422,0.148639183490914
"LIN7A",0.00382339163060287,0.0101718751114344,0.375878742976792,0.710177819210609,27,0.946682933187422,0.148632896023234
"SEC61G",0.00378899180441184,0.0100893067225104,0.375545308376656,0.710422624106397,27,0.946682933187422,0.148483216474792
"TMEM132A",4.66379962204921e-06,1.24229821931199e-05,0.375417073738712,0.710516781347833,27,0.946682933187422,0.148425660226736
"NPDC1",0.000207364781222014,0.00055244857919911,0.375355805100689,0.710561769958323,27,0.946682933187422,0.148398162372697
"DOK2 2",0.00393191704855841,0.0104907605666416,0.374798092433933,0.710971338899698,27,0.946883967997942,0.148147906455319
"HTR2A",0.00358931754194363,0.00960046538966789,0.373869119491487,0.711653747773165,27,0.947301838960399,0.147731259183095
"FH",0.00775210219853407,0.0207646202308827,0.373332240721869,0.712048242269643,27,0.947426561176034,0.147490581304517
"TCF24",0.0307771840322062,0.0826109061691457,0.372555942785447,0.712618804775287,27,0.947426561176034,0.147142721555048
"ADAMTS4",0.0145595248118353,0.039106301893703,0.372306357461525,0.712802280966752,27,0.947426561176034,0.147030919226949
"P3H1",0.00651898528657745,0.017546118259644,0.371534329708188,0.71336992878069,27,0.948008939662993,0.146685201753854
"MUSK",0.00611498085417034,0.0164681869682819,0.371320830031133,0.713526938144861,27,0.948045501662165,0.146589626099688
"AGR3",0.0064096545454897,0.0172821842093116,0.370882202611646,0.713849548634235,27,0.94830204056455,0.146393310749082
"APOL1 2",8.57677121783645e-05,0.000231674683735046,0.370207528917802,0.71434587712115,27,0.948602006351335,0.146091457476247
"COL1A1 2",0.0248014597333062,0.0669958919877168,0.370193738712418,0.714356023321589,27,0.948602006351335,0.146085289025205
"CDK15",0.000872132509268524,0.00236191234664454,0.369248465341028,0.715051639710892,27,0.948602006351335,0.145662593119681
"PDGFD 2",2.28800091464454e-05,6.19829896375036e-05,0.369133681357661,0.71513612510883,27,0.948602006351335,0.145611283014713
"HINT2",0.00603962656926435,0.0164065921085945,0.368121943258437,0.715880963057116,27,0.948602006351335,0.145159186330838
"CD58",0.001714684031895,0.00465872241083847,0.368058854055311,0.715927418614836,27,0.948602006351335,0.145131004637481
"KAT2A 2",0.00393102338388933,0.0106949863460033,0.367557587893353,0.716296564187089,27,0.948602006351335,0.144907131988337
"SRRT",0.0158816440156818,0.0433172385147521,0.366635652692246,0.716975685140076,27,0.948602006351335,0.144495572349702
"ACAT1",0.00181798939121538,0.00496278908125012,0.366324129728567,0.717205214599849,27,0.948602006351335,0.144356561463861
"PI15",0.00498405565000515,0.0136142980049235,0.366089801193032,0.71737788522692,27,0.948602006351335,0.144252015549588
"PHF11",0.000372391670266564,0.0010183094124261,0.365695991534979,0.717668107873433,27,0.948602006351335,0.144076352753791
"ST8SIA4",0.00390462175924735,0.0106791566020987,0.365630162074783,0.717716625885455,27,0.948602006351335,0.144046993231697
"FAM107A",0.0152527045432477,0.0417231915215135,0.365568979433968,0.717761720154762,27,0.948602006351335,0.144019707285677
"SH3BGRL2",4.05800104708215e-05,0.000111082695681072,0.365313519104093,0.717950016808547,27,0.948602006351335,0.143905789991469
"CDH1 3",8.83832460166544e-05,0.000242153239008145,0.364988906936246,0.718189310653276,27,0.948602006351335,0.143761063090264
"HMG20A",0.0130202265304187,0.0356915214278715,0.364798865655843,0.718329416700819,27,0.948602006351335,0.143676348171672
"PKDCC",0.00554367922359541,0.01520410148846,0.364617351956189,0.718463245256441,27,0.948602006351335,0.143595444357315
"XDH",0.034751976328431,0.0955406554891746,0.363740191549854,0.719110097460553,27,0.949022616683833,0.14320461301193
"MYRF",0.0104902160539693,0.0288413160516991,0.363721823066783,0.719123645378734,27,0.949022616683833,0.143196431051054
"AKT1",0.00191840810593091,0.00527565400865085,0.363634177447035,0.719188290856701,27,0.949022616683833,0.14315739198912
"C1QL2 2",0.000165661381817216,0.000455803417160552,0.36344918791792,0.719324742053985,27,0.949031615890651,0.143075001352606
"LBP",6.98470259985814e-06,1.92361498183835e-05,0.3631029424185,0.71958016370554,27,0.94919754567356,0.142920817132996
"CST1",1.54758805698207e-05,4.26538288482158e-05,0.362825119988451,0.71978513440631,27,0.949296877857791,0.142797126996774
"A1CF",0.0102244615836724,0.0283024154109823,0.361257561773506,0.720942041283982,27,0.949750245450694,0.142099648127048
"RETREG1",0.0100404144619304,0.027809043966521,0.361048530615361,0.721096364090401,27,0.949750245450694,0.142006694231694
"SELENBP1",0.0135680665156833,0.0376050795103378,0.360804090626997,0.721276843691206,27,0.949750245450694,0.141898010439299
"INPP5B",0.0166599402639898,0.0461939305593677,0.36065214763612,0.721389037443058,27,0.949750245450694,0.141830461704601
"FGFBP3",0.000225237810167083,0.000625076121594872,0.360336609231516,0.721622049341577,27,0.949750245450694,0.141690205287237
"GAS7",0.00461861172390677,0.0128205562324828,0.360250494608403,0.721685646147003,27,0.949750245450694,0.141651932448026
"GIPC1 2",0.00256697482393231,0.00713691360399191,0.359675759910631,0.722110147693078,27,0.949892715113608,0.141396551894739
"MAGOH",0.00921995533980647,0.025641120210329,0.359576932059793,0.722183151526067,27,0.949892715113608,0.141352647845791
"CD79A",0.0143783753482837,0.0400161079562354,0.359314688075336,0.722376883370037,27,0.949976857041862,0.141236160238108
"CXCL3",0.00124100590393555,0.00345785891480858,0.358894314230356,0.722687472507908,27,0.950043991063098,0.141049473534164
"CENPV",0.0218542584169712,0.0610210431272619,0.358142983091803,0.723242706973808,27,0.950145875141766,0.140715936991422
"SPATA20",0.0153502795766169,0.0429097039818464,0.357734455197152,0.723544674404746,27,0.950258398903695,0.140534648721199
"TXNDC15",0.000622270620305146,0.0017400893063414,0.35760843885277,0.723637829848935,27,0.950258398903695,0.140478737465628
"FABP5",0.0100720898719451,0.028285585798367,0.356085602884229,0.72476390353061,27,0.950323152948459,0.139803444591516
"HUS1",0.0074505697160761,0.0209413798142081,0.355782177782818,0.724988349322388,27,0.950323152948459,0.139668972554045
"NPTXR 2",1.50327864377291e-05,4.22993117108328e-05,0.355390804949653,0.725277887726993,27,0.950323152948459,0.139495563107039
"PLCG2",0.0121519841596851,0.0342450761183794,0.354853472005076,0.72567547559333,27,0.950323152948459,0.139257553774542
"PCDHA7",0.00020743467051283,0.000585845621131071,0.354077359343138,0.726249881806383,27,0.950323152948459,0.13891392528091
"SERPINE1",0.00170060839114866,0.00480908672262354,0.353623980858659,0.726585505890067,27,0.950323152948459,0.138713269802162
"ATP6V1F",0.001485735354976,0.00420985706097987,0.352918242461702,0.727108056119742,27,0.950323152948459,0.138401043488487
"GCKR",0.00997332651475688,0.0282614760423244,0.352894749722938,0.727125453177827,27,0.950323152948459,0.138390652521314
"IGFBP2 3",6.49469530688314e-06,1.84141636383695e-05,0.352701074804732,0.727268880788644,27,0.950323152948459,0.138304995119222
"CERT1 2",0.00324341367260695,0.009199319764131,0.352571033051087,0.727365190007115,27,0.950323152948459,0.138247487099798
"IL22RA1 2",0.00994436382943785,0.0282287305801172,0.35227810904264,0.727582146931519,27,0.950323152948459,0.138117965991527
"LYN",0.000659938438919792,0.00187374952317709,0.35220205836307,0.727638478372554,27,0.950323152948459,0.138084343001878
"F9",3.58891665734928e-06,1.01936696503741e-05,0.352073078728577,0.727734018349144,27,0.950323152948459,0.138027323256366
"ANGPT2",0.000100228650808921,0.000284902027764602,0.351800412216562,0.727936007277178,27,0.950323152948459,0.137906797758321
"H2AC1",0.000238361611481175,0.000677697265368461,0.351722846854899,0.727993470671605,27,0.950323152948459,0.137872515829832
"FCN1",0.00769042966718064,0.0218739045001902,0.351580106199776,0.728099222662549,27,0.950323152948459,0.137809432612111
"DCT",0.00596624405154741,0.0169777987845289,0.351414463515976,0.728221948919664,27,0.950323152948459,0.13773623538417
"LRP11 2",0.000468158991397245,0.00133555955475149,0.350533968875957,0.728874439893403,27,0.950722178122248,0.137347279306173
"HOPX",0.00095994368134983,0.0027390376550721,0.350467500719541,0.72892370462003,27,0.950722178122248,0.137317926272607
"ASB13",0.00376797705758824,0.01075807625499,0.350246360806422,0.729087617177887,27,0.950722178122248,0.137220277758322
"ARHGEF25",0.0070458145945795,0.0201400000704078,0.34984183564786,0.729387491906651,27,0.950722178122248,0.13704168857159
"GDF15",4.85443630327508e-05,0.000138787246613701,0.349775387992736,0.729436753792196,27,0.950722178122248,0.137012357875817
"DIRAS1",0.0152891826918003,0.0437994360259277,0.34907259268703,0.72995785329073,27,0.951186370776061,0.136702214690067
"RBM22",0.00375848196636909,0.0107878428880808,0.348399768643437,0.730456854072456,27,0.951186370776061,0.136405431463618
"CD7",0.00454865317434088,0.0130579308240545,0.348344101039472,0.73049814544558,27,0.951186370776061,0.136380882294741
"PPP1R14A",0.00482632331157337,0.0138622015731115,0.348164271462837,0.730631539463112,27,0.951186370776061,0.136301584356313
"KCNE5",0.0025615550310404,0.00735933598665021,0.348068770835717,0.730702383450972,27,0.951186370776061,0.136259476043428
"ARPC3",0.00366105649855573,0.0105670778507591,0.346458741977825,0.731897096668833,27,0.951297344872674,0.135549975622533
"UBD",0.00294485543185164,0.00850320532365895,0.346322982894227,0.731997867544385,27,0.951297344872674,0.13549018412611
"SHCBP1L",0.0187607984779948,0.0542722748589029,0.345679235424887,0.732475773360141,27,0.951297344872674,0.135206735028465
"NRG4",0.00339808313971967,0.00984090921767757,0.345301746470293,0.732756065160665,27,0.951297344872674,0.135040578137009
"CTF1 2",0.0162742952374674,0.0471603025098201,0.345084623536473,0.732917299669276,27,0.951297344872674,0.134945027164542
"C20orf202",0.00430844253038601,0.0124938440377703,0.344845230768137,0.733095086150429,27,0.951297344872674,0.134839691508654
"CD3G",0.00874472187405883,0.0253675507640756,0.344720779526052,0.733187516617333,27,0.951297344872674,0.134784938022915
"B3GAT1",6.52678519461854e-05,0.000189527103594176,0.344372127830012,0.733446483567701,27,0.951331112449006,0.1346315692633
"ARID3A",0.00702378866034925,0.0204149294456105,0.344051576522076,0.733684606879221,27,0.951331112449006,0.134490592575141
"PRDX4",0.00374591795745159,0.0109059315911246,0.343475284633186,0.734112776850344,27,0.951331112449006,0.134237217193618
"MAD2L1",0.00633816932600626,0.0184664091685201,0.343226951605242,0.734297308925699,27,0.951331112449006,0.134128063404416
"FREM2",0.0138137619469455,0.0404680068419431,0.341350193027749,0.735692422261619,27,0.951775701027824,0.133303717230456
"WFIKKN1",0.00383357845158319,0.0112311974946816,0.341333010429079,0.735705199456059,27,0.951775701027824,0.133296174653306
"IL36G",0.0157155928678899,0.0460492278799108,0.341278097189245,0.735746034145431,27,0.951775701027824,0.133272070177583
"SPOCK3",8.62044907245137e-06,2.52957509102027e-05,0.340786446824728,0.736111671422852,27,0.951775701027824,0.133056296255107
"IFNG 2",0.00749639875354593,0.0220132507758146,0.340540287751685,0.736294762205757,27,0.951775701027824,0.132948288961337
"HSPA1A 6",0.000329514056370342,0.000969504851655711,0.339878707989548,0.73678691766392,27,0.951775701027824,0.132658094044664
"TAPBPL",0.000351148146160392,0.00103324470401569,0.339849935640279,0.736808324288578,27,0.951775701027824,0.132645476225739
"UPP2",0.00376260609961261,0.0110759373530958,0.339709947759946,0.736912478347582,27,0.951775701027824,0.132584089383553
"GSS",0.000241863054593508,0.000712197493156264,0.339601103510821,0.736993464404123,27,0.951775701027824,0.132536363410705
"IL16",0.000229775926728352,0.000676637289404703,0.339585078041599,0.737005388488832,27,0.951775701027824,0.132529336859523
"YWHAB",6.28062820531013e-05,0.000185468439111724,0.338635955281145,0.737711722792163,27,0.9523249352412,0.132113315221981
"UBE2S",0.00931537099074758,0.02752043478286,0.338489237697265,0.737820930567967,27,0.9523249352412,0.132049028831042
"SLITRK1 2",9.40314614109817e-06,2.78047773865345e-05,0.338184550459735,0.738047739421119,27,0.952449762083909,0.13191554563413
"TNFRSF10B",0.0123412322679408,0.0366855059867117,0.336406216460829,0.739372011469563,27,0.953440312921434,0.131136993436144
"LRPAP1",0.00123831503715041,0.00368692849535372,0.335866301370082,0.739774232599376,27,0.953533589649019,0.130900799858682
"KCTD1",0.0100462012634058,0.029914309140311,0.335832635020409,0.739799315558862,27,0.953533589649019,0.130886074817255
"PCOLCE2",7.6073793556366e-05,0.000227176629852517,0.334866282705897,0.74051941698939,27,0.953681883988663,0.130463549457708
"BTLA",0.00475453195591007,0.0142111438799111,0.334563635136443,0.740744991992425,27,0.953681883988663,0.130331276003709
"ARL11",0.000342935533957402,0.00102681902365518,0.333978555185557,0.741181141868461,27,0.953681883988663,0.13007563911927
"SIX6",0.0103365717200364,0.0309676669643492,0.333785936536199,0.741324749423585,27,0.953681883988663,0.129991500541054
"TMEM167B",0.0144683944973138,0.0433811349241622,0.333518118477238,0.741524438066069,27,0.953681883988663,0.129874531564323
"BASP1",0.000138701227962278,0.000415895869578088,0.333499892901043,0.741538027965038,27,0.953681883988663,0.129866572333654
"SF3B4",0.0120314284836431,0.0360863888849205,0.333406274648631,0.741607835752965,27,0.953681883988663,0.129825690127993
"TF",3.58970737667515e-06,1.07761485456534e-05,0.333115988654691,0.741824305994038,27,0.953792719385731,0.129698941044949
"ZNF23",0.0201320475203453,0.0604910669030742,0.33281025696907,0.742052317733816,27,0.953918352612689,0.129565474098183
"FAM9B",0.00173227882385496,0.00521261350068031,0.332324432576648,0.742414690285501,27,0.954216634055505,0.129353443245538
"KIF23",0.0113379546142298,0.0341576464153467,0.331930206091008,0.742708785216725,27,0.954427069786141,0.129181438951535
"ESM1",0.000308640757961568,0.000930920218490743,0.331543726122904,0.742997139890907,27,0.95463005636036,0.129012858018681
"PREP",0.000516406364386998,0.00155981473728911,0.331069037906702,0.743351359540249,27,0.954779950564408,0.128805859939748
"None 4",0.00578992177730073,0.0174902109813635,0.331037846454232,0.743374637101097,27,0.954779950564408,0.128792260505486
"KHDC1L",0.00990113339016274,0.0299279877673265,0.330831911157495,0.743528328763726,27,0.954809839480659,0.128702480011715
"CHMP2B",0.00118826167462188,0.00359706281288274,0.330342208750476,0.743893842320883,27,0.954944208246745,0.128489036206432
"NDP",0.00573730520105068,0.0173828937905671,0.33005466582118,0.744108492713644,27,0.955052292278504,0.128363738712515
"NDUFS4",0.0139462657570887,0.0425220329822435,0.327977398515082,0.74565979551512,27,0.956492430283924,0.127459272567982
"SV2A",0.00248643944615967,0.00759000863753197,0.327593757122283,0.745946418784152,27,0.956492430283924,0.127292366712448
"TNFSF11",0.00417780460905235,0.0127891726163604,0.326667309479266,0.746638733117991,27,0.956722620446091,0.126889484081454
"CHST14",0.00664460479734017,0.0203504501065892,0.326508984446921,0.746757067725414,27,0.956722620446091,0.126820658299166
"DLST",0.00266994165211862,0.00818495867712118,0.326200993485979,0.746987283136709,27,0.956734412149028,0.126686791639173
"H2AC11",2.83471873853853e-05,8.71769047052321e-05,0.325168546431357,0.74775918567562,27,0.957304267484307,0.126238243273266
"COL13A1",0.0121060179194481,0.0372399801023364,0.325081213421179,0.74782449197415,27,0.957304267484307,0.126200315385275
"ZFAND3",0.00253856308364719,0.00781398500104571,0.324874322552125,0.747979209485194,27,0.95733492878341,0.126110473434123
"NOVA1",0.00279249477437838,0.0086048963193267,0.324523930416965,0.748241264940263,27,0.957463938562079,0.125958344464899
"MYL9",0.000499324429075813,0.0015397143803591,0.324296788706589,0.748411158885221,27,0.957463938562079,0.125859745749598
"TAGLN",3.7356976020979e-06,1.15373590013037e-05,0.3237913981593,0.748789219584082,27,0.957463938562079,0.125640416819161
"CCDC115",0.0135228214675583,0.0417923626749305,0.323571595431002,0.748953664449824,27,0.957463938562079,0.125545049985752
"SCARF1",1.31483504592576e-05,4.06366665663598e-05,0.323558784965452,0.748963248941468,27,0.957463938562079,0.125539492278517
"TPPP3",0.000212534097714336,0.000656914313346982,0.323533972994855,0.748981812796385,27,0.957463938562079,0.125528727958838
"SELENOW",3.64243536074736e-05,0.000112683286440004,0.323245396528855,0.749197731674264,27,0.957555271226831,0.125403546196482
"GBP2",0.00357070688201251,0.0110629297081293,0.322763226036649,0.749558548143241,27,0.957757333708031,0.125194438676342
"VTN 2",2.02880241883268e-05,6.29155797924248e-05,0.322464233108276,0.749782318911765,27,0.957757333708031,0.125064805164926
"SLAMF9",0.0120234010172881,0.0372905079168073,0.322425241407587,0.749811502529785,27,0.957757333708031,0.125047901541973
"CXCL9",0.00496045394176034,0.0154147299202413,0.321799601253259,0.750279819326754,27,0.957757333708031,0.124776734841186
"TNC 6",3.50906966009739e-06,1.0913487254855e-05,0.321535140707323,0.750477808049123,27,0.957757333708031,0.124662145505061
"TNNI3",0.0133770385989187,0.0416834929622955,0.320919329169913,0.750938903691713,27,0.957793201544535,0.124395395710768
"RNF31",0.0123833225522649,0.0386291859182507,0.320569078998227,0.751201199469379,27,0.957793201544535,0.124243727288116
"EVI2A",2.93458889809741e-05,9.15877215355295e-05,0.32041291658937,0.751318156399665,27,0.957793201544535,0.124176115846909
"ITIH3",0.000146711251199778,0.000457924400241199,0.32038312682727,0.751340467957709,27,0.957793201544535,0.124163218990118
"SNRPB2",0.00500873793765833,0.0156778913664753,0.319477780562296,0.752018647839065,27,0.95788073537166,0.123771390055707
"ARMC8",0.00954825977700387,0.0298872342779356,0.319476191346782,0.752019838472876,27,0.95788073537166,0.123770702459348
"CAMK1",0.00171043676929342,0.00536371916294741,0.318890068128309,0.752459002284823,27,0.95788073537166,0.123517157616535
"FCGR2A",1.94392367475204e-05,6.09944982657624e-05,0.31870475699006,0.752597867827903,27,0.95788073537166,0.123437016406651
"COCH",4.69882773758173e-05,0.000147576789897714,0.318398830929886,0.752827136468555,27,0.95788073537166,0.123304734684222
"IL17A",0.0158236044431715,0.0497205163913447,0.318251007665038,0.752937927210941,27,0.95788073537166,0.123240825898832
"HEPH",0.0168616917852049,0.0529881956403681,0.318216002289368,0.752964163868926,27,0.95788073537166,0.123225692862156
"WFDC11",0.0115548026019198,0.0363557903133616,0.31782564764307,0.753256756617022,27,0.958059887976584,0.12305696407103
"BROX",0.00482374478192484,0.015217881504085,0.316978731936505,0.753891696780676,27,0.958387264650724,0.122691039897992
"KEAP1 2",0.0119051056565215,0.0375580812302893,0.316978537415817,0.753891842634848,27,0.958387264650724,0.122690955875769
"NSUN6",0.0131608943921391,0.0416939027889925,0.315655132088371,0.754884364727977,27,0.958527991071045,0.122119569704265
"CEBPB 2",0.00912598821539087,0.0289173073753329,0.315589141718483,0.754933867172283,27,0.958527991071045,0.122091091258375
"CRTC3",0.00829974348965935,0.0263658985940128,0.314790844699071,0.755532791421053,27,0.958527991071045,0.121746681789327
"HNRNPF",0.000501239243101608,0.0015926367930855,0.314722883006194,0.755583787051187,27,0.958527991071045,0.121717369529648
"RGMB",3.61548601528147e-06,1.14977918509264e-05,0.314450466851176,0.755788208153065,27,0.958527991071045,0.121599888251242
"NUDT7",0.00516163469615684,0.0164179117409057,0.314390452185004,0.755833245601708,27,0.958527991071045,0.121574009397271
"MDM4",0.0130739757590242,0.0417003728214301,0.313521795476739,0.756485219462919,27,0.958527991071045,0.121199552992285
"PRTFDC1",0.00496580355691734,0.0158551456047651,0.313198231079311,0.756728119099893,27,0.958527991071045,0.12106012787593
"CHFR",0.00270428765090731,0.00863729279569579,0.313094358947162,0.7568061012678,27,0.958527991071045,0.121015375369137
"RRM2B",0.00288543927467108,0.00922686389126121,0.312721560508103,0.757086001917404,27,0.958527991071045,0.120854783595478
"RBP4 2",7.45443972482477e-06,2.38490512552077e-05,0.312567558560511,0.757201637928439,27,0.958527991071045,0.120788455270162
"PSMD6",0.00637686706723906,0.0204145355081559,0.312368952244415,0.757350774699657,27,0.958527991071045,0.120702926005597
"YES1",0.0167128092525651,0.0535499764361415,0.312097415626227,0.757554691552327,27,0.958527991071045,0.120586007865965
"RND1",0.00463779979706142,0.0148682789040611,0.311925800355726,0.757683579337267,27,0.958527991071045,0.120512124761248
"PLA2G2E 2",0.0126093799323312,0.0405026548008642,0.311322307002506,0.758136876172703,27,0.958713257196829,0.120252378536758
"GFP",0.019783397737782,0.0635993434261183,0.311062924112791,0.758331731360847,27,0.958713257196829,0.120140771170768
"WFDC13",0.0121296027033231,0.0390351002367603,0.310735789834102,0.758577506382711,27,0.958713257196829,0.120000039300905
"CTNNA1",0.00598802015221098,0.0193055375714131,0.310171116968938,0.759001804333215,27,0.958713257196829,0.119757191678924
"SNN",0.00975189172642203,0.0314561731376365,0.310015197454332,0.759118976589441,27,0.958713257196829,0.119690151868848
"HNRNPA0",0.000937022920343901,0.00302382694530745,0.309879810350267,0.759220723664768,27,0.958713257196829,0.119631945930582
"MMP7 2",0.0108164260542415,0.0349069974086586,0.309864120583413,0.759232515235466,27,0.958713257196829,0.119625200890358
"FZD8",5.88033402460942e-05,0.000189858975293382,0.309721150423505,0.759339966524716,27,0.958713257196829,0.119563741193659
"MYL12B",0.0147094909295742,0.0475042537601475,0.309645763595056,0.759396626569873,27,0.958713257196829,0.119531336436864
"PSMB9",0.00102963629395703,0.00332851218979089,0.309338297487717,0.759627729449278,27,0.958713257196829,0.119399190160664
"PSMD9",0.00249226846470142,0.00806012559201034,0.309209631568508,0.759724446265385,27,0.958713257196829,0.119343898727551
"F10 2",5.22032031191874e-06,1.6883352167732e-05,0.30919927867737,0.759732228597909,27,0.958713257196829,0.119339450000414
"L3HYPDH",0.00484304024164575,0.0156673542881739,0.309116660832863,0.759794333869144,27,0.958713257196829,0.119303949500093
"MSRB2",0.00700793817323422,0.0226989918674334,0.308733454514719,0.760082418207323,27,0.958772329990649,0.119139313203471
"PRPS2",0.00985286793028359,0.0319695951852768,0.308194954399085,0.760487307971069,27,0.959067054643744,0.118908029637446
"INSRR",0.00358687075458133,0.0116663866230762,0.307453444709819,0.761044951362885,27,0.959464454783482,0.118589690729686
"BRK1",0.00584351422681357,0.0190298116831048,0.307071574018864,0.761332184004387,27,0.95966131527137,0.118425810768789
"SPATA24",0.00116936044428964,0.00381412465318089,0.306586845113837,0.761696834028782,27,0.959898319901609,0.118217849535521
"LRRFIP2",0.00156921304223272,0.00512383444106168,0.306257561652903,0.761944578176865,27,0.959898319901609,0.118076616937716
"PMEL",0.00476043943632975,0.0155520032785526,0.306098150255329,0.762064524388488,27,0.959898319901609,0.118008255170253
"UCN3",0.00255033074819353,0.00834124697751772,0.305749338805993,0.762327002378695,27,0.959898319901609,0.117858696816125
"COL15A1",1.78562126403441e-05,5.84296672478794e-05,0.305601819784317,0.762438018061447,27,0.959898319901609,0.117795456253989
"C19orf18",0.0174325531742381,0.0570921870452084,0.305340434067347,0.762634737046631,27,0.959980899229434,0.117683417048071
"VCL",0.00612370425495319,0.0200933180303833,0.304763217587732,0.76306920799021,27,0.960180531179675,0.117436071107782
"UGT1A8",0.0218940129591064,0.0718398422243605,0.304761428772769,0.763070554554712,27,0.960180531179675,0.117435304722491
"DNAJB9",3.13911253626085e-05,0.000103138720162583,0.304358298349301,0.763374038045545,27,0.960180531179675,0.117262614265473
"IL12A|IL12B",0.0181345748858134,0.0596192317252462,0.304173240094507,0.763513365995525,27,0.960180531179675,0.117183355821322
"COL1A1",2.29253236305061e-05,7.54535310681558e-05,0.303833674925008,0.76376904132271,27,0.960180531179675,0.11703794933427
"KITLG",0.000321140877435314,0.00106059152090472,0.302794121115894,0.76455194236059,27,0.960180531179675,0.116593004019773
"UBE2D4",0.00014745683770913,0.000487017817257378,0.302775037142435,0.764566317130546,27,0.960180531179675,0.116584838682355
"ADM2",0.0111623081479481,0.0369200820370927,0.302337035349314,0.764896260278534,27,0.960180531179675,0.116397462419801
"STK17B 2",0.0124298878638208,0.0411483810315219,0.302074773107083,0.765093841944211,27,0.960180531179675,0.116285293553503
"CST4",0.0021372069719659,0.00708470233539446,0.301665034152336,0.765402561255441,27,0.960180531179675,0.11611008883579
"GAPDH",2.2140320675626e-06,7.3435924741923e-06,0.301491684804598,0.765533183861063,27,0.960180531179675,0.116035979027913
"SCMH1",0.00715076762137778,0.0237339143479805,0.301289012698668,0.76568591079021,27,0.960180531179675,0.115949344185103
"PLTP",7.55159781546861e-06,2.50721972959223e-05,0.301194096645721,0.765757439680367,27,0.960180531179675,0.115908775133293
"DSC1",0.00486907495029519,0.0161677645969389,0.301159441127506,0.765783556662752,27,0.960180531179675,0.115893963304734
"IGFBP4",2.83787391375081e-06,9.42765093628336e-06,0.301016014798441,0.765891648163888,27,0.960180531179675,0.115832666311201
"PCK2 2",0.00397164047505619,0.0132220515924698,0.300380046718175,0.766370995973679,27,0.960180531179675,0.115560939898902
"HERC1",0.00206657093967759,0.00688088010446265,0.300335263556954,0.766404753935539,27,0.960180531179675,0.115541810033937
"DNAJC16",0.0263447443243642,0.0880033584267602,0.29936066981227,0.767139528160277,27,0.960180531179675,0.115125638920532
"NCBP2",0.0134421550329891,0.0449539851299987,0.299020320314581,0.767396179802914,27,0.960180531179675,0.114980367106225
"SNRPA1",0.0110817019543971,0.0370726591680086,0.298918453736385,0.767473000884202,27,0.960180531179675,0.114936893731236
"TNFSF18",0.00831169781875786,0.0278876924304867,0.298041791714239,0.76813422191226,27,0.960180531179675,0.114562885772314
"EMILIN3 2",0.0100614723459797,0.0338880349007148,0.296903387152953,0.768993129029911,27,0.960180531179675,0.114077540611737
"HOMER1",0.00878188817108259,0.029614077524799,0.29654437703584,0.769264058593012,27,0.960180531179675,0.113924558111278
"SIGLEC12",0.0130065431003434,0.0438629575087024,0.296526815314789,0.769277312439119,27,0.960180531179675,0.113917075605656
"ITPKC",0.0106555731442041,0.0359359273777606,0.29651588039435,0.769285565069194,27,0.960180531179675,0.113912416619333
"MMP13",0.013592366113434,0.0458661075274159,0.296348804077374,0.769411661710866,27,0.960180531179675,0.113841235525568
"SOX2",0.0113950867310035,0.0384754660413703,0.296165008599273,0.769550384192357,27,0.960180531179675,0.113762940666314
"XYLB",0.00564170971867305,0.0190785176653822,0.295710066034631,0.769893792784811,27,0.960180531179675,0.113569181826019
"GNRH2",0.00863844741539349,0.0292168326575936,0.295666799910576,0.769926454256303,27,0.960180531179675,0.113550757991329
"CLUL1",0.000194197482119071,0.000656815904012734,0.295665011965523,0.769927803980152,27,0.960180531179675,0.113549996649642
"PPCS",0.00418927806505716,0.0141731723846745,0.295578008321343,0.769993484125455,27,0.960180531179675,0.11351294991886
"CNEP1R1",0.0165256101429355,0.0559115473423229,0.295567032723243,0.770001769866863,27,0.960180531179675,0.113508276590467
"DHX38",0.0123804194587169,0.0419125936298199,0.295386622170489,0.770137970097944,27,0.960180531179675,0.113431464068315
"HMGN1",0.0118750919028066,0.0404062897324398,0.293892163359725,0.771266494711369,27,0.960927151116968,0.112795534808912
"GDF5",0.0051929678860342,0.0176960036464383,0.293454273054437,0.771597260340387,27,0.960927151116968,0.112609323046251
"CHD7",0.0110444248112205,0.037659670299891,0.293269291081725,0.771737001904251,27,0.960927151116968,0.112530676453962
"GMPR",0.00627841403217191,0.0214085922748461,0.293266084550019,0.77173942429475,27,0.960927151116968,0.112529313257467
"KCNF1",0.00668034326100285,0.0228040331407284,0.292945691658009,0.771981478615545,27,0.960927151116968,0.112393119135194
"CRTAC1",3.6068142426659e-06,1.2315743180491e-05,0.292862086339974,0.772044645653583,27,0.960927151116968,0.112357584637892
"CREB3L4",0.00103539389796879,0.00353781763743203,0.292664575758163,0.772193878871732,27,0.960927151116968,0.112273645321094
"TRA2B",0.00429217905799148,0.0146736953309488,0.292508394183344,0.772311891431805,27,0.960927151116968,0.112207278196128
"HNRNPA1",8.6591155407058e-05,0.000296257685518452,0.292283237329433,0.772482032325011,27,0.960975523984945,0.112111613330766
"AMBP",3.51790188177679e-06,1.20630448375936e-05,0.291626362095041,0.772978469641753,27,0.961429727530967,0.111832602648302
"GLUL",0.000237929297832598,0.000817770027395309,0.290948909671378,0.773490561545345,27,0.961686797538758,0.111544981374806
"HEXB",5.62079881163474e-05,0.000193405710585286,0.29062217421735,0.773737580997955,27,0.961686797538758,0.111406308630751
"CIRBP",0.00110626958271322,0.00380697648679335,0.290590074971815,0.773761850071458,27,0.961686797538758,0.111392686752135
"SHC1 2",0.00206505462621189,0.00710901008549772,0.290484132301989,0.773841951140667,27,0.961686797538758,0.111347730216934
"PENK",2.93565902844409e-05,0.000101304201452659,0.289786503061868,0.774369478001559,27,0.961954693405495,0.111051773205773
"HSPA6",0.00720879491642739,0.0248855648511497,0.289677769403508,0.774451709183443,27,0.961954693405495,0.11100565742577
"FCN1 2",0.00721948739543501,0.0249789909916001,0.289022378760726,0.774947413338331,27,0.962407126895661,0.110727767005748
"CHIT1",0.000456448586528335,0.00158392284201323,0.288176023743789,0.775587697218758,27,0.962752105707238,0.110369088546893
"SAT2",0.00704594670185088,0.0245461675899811,0.287048749097875,0.776440753552975,27,0.963054382422309,0.109891677587286
"FBL",0.00246852334849819,0.00860671011309166,0.286813813415572,0.776618575376633,27,0.963054382422309,0.109792226090906
"IL1RL1",0.000429470799348815,0.00150078639272592,0.286163841456981,0.777110601090292,27,0.963296090515073,0.109517166495224
"PNP",0.00293304819671826,0.0102626907621461,0.285797191467251,0.777388195274167,27,0.96347705732219,0.109362058464483
"PAK5",0.00678656490270949,0.0238474423938435,0.284582505353343,0.778308060889674,27,0.96394241002118,0.108848471566164
"VSIG4",7.4973743639398e-06,2.63615833601818e-05,0.284405312894229,0.77844227396381,27,0.96394241002118,0.108773587371395
"NFKBIA",0.00950967683249786,0.0335036030314959,0.283840422284077,0.778870192828055,27,0.96394241002118,0.108534916186152
"CXCL13 2",0.00141925691845129,0.00500578498851071,0.283523347828317,0.779110415891459,27,0.96394241002118,0.10840098954919
"UBQLN3",0.000430988703772638,0.00152014923651452,0.283517363572035,0.779114949920064,27,0.96394241002118,0.108398462182293
"PQBP1",0.0168974743212406,0.0597861804753878,0.282631775217632,0.779786012177307,27,0.96394241002118,0.108024559464389
"S100A3",0.00604738692622619,0.0214579979014311,0.28182437867714,0.780397975685122,27,0.96394241002118,0.107683865815092
"FCRL1",0.00571891943218747,0.0203321279204046,0.281275007445146,0.780814452336411,27,0.96394241002118,0.107452156775963
"CXCL1",0.000510211102878486,0.00181463592664276,0.281164444827467,0.780898277588141,27,0.96394241002118,0.107405535084779
"FGF8 3",0.00884624400431579,0.0315438518104002,0.280442732786335,0.781445524283352,27,0.96394241002118,0.107101291896558
"PI3",4.59756098586207e-05,0.000164393436307066,0.279668160064153,0.782032980976884,27,0.96394241002118,0.106774930886149
"JAM3",0.000166044463496297,0.000594104198886858,0.279487106483014,0.782170315899241,27,0.96394241002118,0.106698669956097
"PGLYRP1",0.00666971095408446,0.0238719993734997,0.279394735636953,0.782240384911327,27,0.96394241002118,0.106659766380065
"ADGRE5 2",0.00199752041128781,0.00716658082161857,0.27872711701822,0.782746870723493,27,0.964079717457385,0.106378659936197
"RBM19",0.0113826724670151,0.0409698928430049,0.277830174236312,0.78342748606621,27,0.964481983972886,0.106001195569006
"F13A1|F13B",6.33136567263966e-06,2.28901987963539e-05,0.276597233993799,0.784363348890099,27,0.965052542618543,0.105482707899036
"H2BC12",0.000478408162040462,0.00173119974841256,0.276344865737847,0.784554949769105,27,0.965052542618543,0.105376633280663
"DPY30",0.000696591757928143,0.00252275519967545,0.276123405876939,0.78472309605357,27,0.965052542618543,0.105283565001311
"GSTM5",0.00613071531091596,0.0222337776012747,0.275738807001671,0.785015133089946,27,0.965249544734883,0.105121971083907
"TNFSF12",6.7421836996426e-05,0.000244940626354714,0.275257877796018,0.785380361709625,27,0.965256884143268,0.104919962382858
"FCGR3A",6.21400373074106e-05,0.000225791264377714,0.275210103803926,0.78541664510879,27,0.965256884143268,0.104899899090177
"CRADD",0.00145203779810585,0.00528560391396899,0.274715590070673,0.785792247522778,27,0.965425378456991,0.104692260170035
"DBNL 2",6.6588174164926e-05,0.000242915637022994,0.274120575278663,0.786244254525287,27,0.965463634246834,0.104442515139146
"GIMD1",0.00587931674744361,0.0214668096482707,0.273879390732717,0.786427493776794,27,0.965526694942128,0.10434131182543
"XG",0.00589021828098901,0.0216085822563226,0.272586984704448,0.787409609038797,27,0.966386599525321,0.10379928966382
"SAG",0.0125262675243373,0.0461517235908984,0.271414945092269,0.78830056667893,27,0.966789388105523,0.10330816123942
"LILRA2",0.000476872860680538,0.00175766789093363,0.271309991574822,0.788380364293126,27,0.966789388105523,0.103264200964563
"DKK3",1.01976056469827e-05,3.76628952260652e-05,0.27076000359965,0.788798566280736,27,0.966851198577232,0.103033887439222
"PCP4L1",0.00243556258151529,0.00899652282354148,0.270722659108037,0.788826964772819,27,0.966851198577232,0.103018252159284
"DNAJB3",0.00875613598224372,0.0324854846516436,0.269539952262978,0.789726504007391,27,0.967467827282147,0.102523286387338
"RNF146",0.0068649839601098,0.0256074024818743,0.268085916366138,0.790832817253405,27,0.967883377415114,0.101915317031171
"PCYOX1",1.35942111735113e-05,5.07149080807426e-05,0.268051578677183,0.79085894873613,27,0.967883377415114,0.101900966879015
"TAGLN2 2",0.000846140608791685,0.00317110638289991,0.266828200199927,0.791790120148166,27,0.968052015632051,0.101389921618802
"NREP",0.00998221396275904,0.0374909987568245,0.266256282674838,0.79222554194306,27,0.968110639989187,0.101151159727602
"DCTPP1",0.00126054527684791,0.00473853151937488,0.266020236795682,0.792405272386965,27,0.968110639989187,0.101052643480604
"NPY",5.82220576465022e-05,0.000218909693833727,0.265963816525754,0.792448233735783,27,0.968110639989187,0.10102909824231
"SFTPD 2",9.90084128115764e-06,3.72615404236301e-05,0.265712076543106,0.792639929889426,27,0.968110639989187,0.100924053508464
"BEGAIN",0.00737627867292783,0.0277808769248953,0.26551640874654,0.792788937115187,27,0.968110639989187,0.100842418794413
"METAP1",0.00230952625180734,0.00870635417499995,0.265269044353729,0.792977324426661,27,0.968110639989187,0.10073923136736
"SEC22A",0.00696289026373896,0.0262550211141162,0.265202234402139,0.79302820762398,27,0.968110639989187,0.100711364766168
"INHBC",0.00467263001047139,0.0176778960332901,0.264320482577346,0.793699847074702,27,0.968529445421997,0.100343703371597
"AGA",0.0264365308271993,0.100050899640956,0.264230815735488,0.793768156335471,27,0.968529445421997,0.100306327708
"PLA2G12B",0.00407306907315479,0.0154382491050284,0.263829728711149,0.794073729713682,27,0.968608839595677,0.10013917147566
"TCAP",0.00899513890345033,0.0341210350400358,0.263624444360962,0.794230141250218,27,0.968608839595677,0.100053635365492
"KRT72",0.00951609468519431,0.0363531963329875,0.261767757586676,0.795645197662664,27,0.969332157393823,0.0992805541826559
"KIR2DL5A 2",0.00955156996116286,0.0365079041151438,0.261630191945223,0.795750070473552,27,0.969332157393823,0.0992233142447871
"TAFA4",0.00118168061501739,0.00452324996879263,0.261245923433414,0.796043037314544,27,0.969388974217693,0.0990634519068522
"FRG1",0.013233698767345,0.0508523354416951,0.260237777722483,0.796811793881691,27,0.969388974217693,0.0986442463968177
"KCNIP4",0.00270376885451634,0.0103907243029499,0.260209854066551,0.796833089909743,27,0.969388974217693,0.0986326393599374
"GALP",0.00720358695016795,0.0277438665165724,0.259646107577146,0.797263066522643,27,0.969388974217693,0.0983983542773152
"PLEK",0.000275395470475398,0.00106174102786094,0.259381019710832,0.797465274982302,27,0.969388974217693,0.0982882188813246
"CKMT2",0.00941585651988127,0.0363134814739681,0.259293687569758,0.79753189491228,27,0.969388974217693,0.0982519396094399
"ARHGDIB",1.42839046439057e-05,5.52413305877674e-05,0.258572784035523,0.798081884391999,27,0.969388974217693,0.0979525471014224
"TIGIT",0.00286454978133685,0.0110990435567433,0.258089786447993,0.798450430919593,27,0.969388974217693,0.0977520403850012
"TFPI",1.20127351696862e-05,4.66019576670459e-05,0.257773187459481,0.79869203450544,27,0.969388974217693,0.0976206468403261
"SKA1",0.01226841111277,0.0476677342168888,0.25737348993658,0.798997081599982,27,0.969388974217693,0.097454806978047
"AKT3",0.000211815282381352,0.000823673872137401,0.257159161588676,0.799160669303518,27,0.969388974217693,0.0973658980613134
"CTPS1",0.00293826662808679,0.0114305886096961,0.257052959249569,0.799241732493481,27,0.969388974217693,0.0973218474566883
"WNT11",0.00553489007985855,0.0215683608882959,0.256620802504378,0.799571617107815,27,0.969388974217693,0.0971426307022888
"JAG1 2",0.00471105030308353,0.0183646902953482,0.256527620521695,0.799642752067546,27,0.969388974217693,0.097103994830704
"PFKFB4",0.00862376867054099,0.0336317371944948,0.256417580235868,0.799726758897151,27,0.969388974217693,0.097058372224642
"PTP4A2",0.00772019703590909,0.030133724729628,0.256197901360613,0.799894473246587,27,0.969388974217693,0.0969673038950907
"DPYSL5",0.00226445465950211,0.00884363599901484,0.256054710953092,0.800003797568577,27,0.969388974217693,0.0969079514341027
"TAGLN 2",4.78157877717882e-06,1.86860454688302e-05,0.255890353320335,0.800129287962381,27,0.969388974217693,0.0968398323680506
"SPRN",0.00212900421193833,0.00832244960197356,0.25581461153378,0.800187120199152,27,0.969388974217693,0.0968084432987534
"PROK1",0.0225982768839491,0.0884622209174338,0.255456811388911,0.800460332298885,27,0.969388974217693,0.0966601851569985
"TP53I3",0.000114368438088581,0.000447799835480964,0.255400804168992,0.800503101117344,27,0.969388974217693,0.0966369813017814
"ST13",4.01618419020976e-05,0.000157959209489197,0.254254513123809,0.801378583086103,27,0.970054994506177,0.0961622683068779
"SCPEP1",0.00305984986000332,0.0120517748352583,0.253892053397108,0.80165546753172,27,0.970229736782894,0.0960122410657149
"CFB",3.37695677166932e-06,1.33364742984071e-05,0.253212108096116,0.802174951761528,27,0.970449963964092,0.0957309031641298
"HSPA6 2",0.00302318868317353,0.012005643536506,0.251813963489822,0.803243437923836,27,0.971106283225389,0.0951528137193124
"F7",4.22073372365095e-05,0.000168028217735023,0.251191959335482,0.803718909765201,27,0.971106283225389,0.0948958135433868
"mdh 2",0.00420497750779627,0.0167527128077798,0.251002781223798,0.803863536416,27,0.971106283225389,0.094817670669039
"USP12",0.00930835870479668,0.037112838970156,0.250812359363883,0.804009121107028,27,0.971106283225389,0.0947390243560488
"LRRC4B 2",1.56957330020061e-06,6.26765513889786e-06,0.250424323836779,0.804305811217559,27,0.971106283225389,0.0945787934501353
"CHCHD7",2.95257376293901e-05,0.000118571016080408,0.249013111343901,0.805385069419795,27,0.971851671867862,0.0939964257947633
"UBE2L3|UBB",0.0074157011864432,0.0298262194272288,0.248630276610695,0.805677919301765,27,0.971926589439769,0.093838538623304
"MVD 2",0.00202528532466102,0.00814939040256091,0.248519855426803,0.805762391492404,27,0.971926589439769,0.0937930069259066
"EPHA10",0.000122822398085832,0.00049443158535,0.248411310533261,0.805845430665127,27,0.971926589439769,0.093748252297601
"NFATC4",0.0109063370821222,0.0440712602079677,0.247470506417478,0.806565263220507,27,0.972634539950146,0.0933604859194073
"TPM3",0.00951451557780264,0.0385202820421158,0.247000153513934,0.806925207127552,27,0.972908340148355,0.0931667176163522
"PADI1",0.000881272511815876,0.00359121461292248,0.245396782649731,0.808152533889726,27,0.973746659086024,0.0925066610390501
"CRKL",0.000211736322476288,0.000865580373392381,0.244617748952014,0.808749039204519,27,0.974110005725995,0.0921862222656525
"CNN1",0.00135858015921997,0.00555462798027875,0.244585265483754,0.808773914327376,27,0.974110005725995,0.092172864645508
"TPPP2",0.000193809676606315,0.000792837552709987,0.244450677120246,0.808876981309358,27,0.974110005725995,0.0921175233827884
"CPOX",0.0154475006578823,0.0635183864541926,0.243197309003158,0.809836971985453,27,0.974506597188625,0.0916024000018632
"AMH",0.000398453153336221,0.00163966425766292,0.243008988867119,0.809981238067584,27,0.974506597188625,0.0915250407486189
"ATF1",0.00324868202109799,0.0133843836595821,0.242721824457879,0.810201238797096,27,0.974611118835613,0.0914070971159804
"TIPIN",0.00800071011625489,0.0330555484457761,0.242038341290242,0.810724928920907,27,0.974920697212543,0.0911264726884883
"RAD1",0.00722471576707822,0.0299354872403155,0.24134284867588,0.811257913054098,27,0.974921073780212,0.0908410540387617
"FGF17",0.00683852441503483,0.0284139112407296,0.240675222678679,0.811769629202099,27,0.975004112455181,0.0905672010067516
"FOLR2",1.84706980550422e-05,7.6815597348898e-05,0.24045504679405,0.8119384064124,27,0.975004112455181,0.0904769150566166
"ZHX3",0.00301822757650331,0.0125590891606683,0.240322171288948,0.812040267453893,27,0.975004112455181,0.0904224344294859
"CGA|FSHB",2.96005987362729e-05,0.000123256373109792,0.240154711593743,0.81216864519864,27,0.975004112455181,0.0903537810120288
"THPO",0.00113569463798372,0.00475398189858107,0.238893345034127,0.813135804376734,27,0.975004112455181,0.0898369154563406
"MAPRE3",0.000869527051019137,0.00364384689144994,0.238628865844893,0.813338633537281,27,0.975004112455181,0.0897285982475388
"ENSA",0.0047111072498051,0.0197823991533352,0.238146405463204,0.813708666739251,27,0.975004112455181,0.0895310583475251
"KYAT1",0.00587911774776837,0.0246926173135687,0.238092125800604,0.813750300437987,27,0.975004112455181,0.0895088380814647
"ECHS1",0.00127903565454962,0.00537234510552674,0.238077716421051,0.81376135284379,27,0.975004112455181,0.0895029395075993
"C11orf49",0.00996078473280908,0.0419849674066676,0.237246456245366,0.814399019679021,27,0.975004112455181,0.0891627577826698
"CYTH1",0.01322468158416,0.0557685155333568,0.23713526274964,0.814484327072159,27,0.975004112455181,0.0891172683003036
"TMEFF1",8.72114954453912e-06,3.68545224426952e-05,0.236637160557421,0.814866498556431,27,0.975004112455181,0.0889135368912137
"NRBF2",0.0158047061097776,0.0669094773386731,0.236210276008877,0.815194065137223,27,0.975004112455181,0.0887389907871271
"RPS25",0.00171571030368138,0.00726510804334773,0.236157575832937,0.815234506590753,27,0.975004112455181,0.0887174461449191
"FAS",0.000161426286707678,0.000683957953688086,0.236017851444264,0.815341731860589,27,0.975004112455181,0.0886603284929146
"BCAR3",0.00852321132063542,0.0363048935357869,0.23476756135461,0.816301374482539,27,0.975004112455181,0.0881494722379563
"ARL2",0.000712146429484375,0.00304471508788381,0.233895917656894,0.816970565414496,27,0.975004112455181,0.0877935903566208
"EDAR",0.00147179096441446,0.00630170489206329,0.233554409421507,0.817232791699254,27,0.975004112455181,0.0876542154997992
"HCE000342",1.40841467867429e-05,6.04454631681866e-05,0.233005854344345,0.817654043829279,27,0.975004112455181,0.0874304110435727
"MFAP5",0.00818914126438836,0.0351817139404115,0.232766978841866,0.817837501065916,27,0.975004112455181,0.0873329792150566
"TMEM132B",5.86188224150331e-06,2.52165194814015e-05,0.232461987699244,0.818071750734782,27,0.975004112455181,0.0872086039305968
"CALD1",0.000289217003215908,0.00124475436634232,0.232348655314033,0.818158800520677,27,0.975004112455181,0.087162393765811
"EPHA10 2",0.00354028442981161,0.0152387888986052,0.232320590131388,0.818180357552131,27,0.975004112455181,0.0871509510282086
"PRR15",0.0111867740465714,0.0482008802603788,0.232086509336364,0.81836016206441,27,0.975004112455181,0.0870555203231542
"CCN3",5.47206980443953e-05,0.000235865504517508,0.231999580253727,0.818426937494118,27,0.975004112455181,0.0870200848035648
"SYT5",0.000296952716284011,0.00128152979780178,0.231717371530008,0.81864372853123,27,0.975004112455181,0.0869050608725302
"LECT2",7.17295811663381e-05,0.000309634240664108,0.231659073016251,0.818688514931528,27,0.975004112455181,0.0868813021191112
"ATXN3",0.00219492520447433,0.00949487245386682,0.231169530200528,0.819064618919139,27,0.975004112455181,0.0866818338525739
"IGHE",0.00120788149436463,0.00523031868660715,0.230938412502005,0.819242196451542,27,0.975004112455181,0.0865876867221203
"OLFML1",0.00637937593077144,0.0276991524187181,0.230309427318811,0.819725522235848,27,0.975004112455181,0.0863315429008882
"FLRT1 2",0.000702624487007729,0.00305231237302563,0.230194161389598,0.819814102946646,27,0.975004112455181,0.0862846149543484
"CBARP",0.00969905802093272,0.0421490774084779,0.230113174884863,0.819876341722512,27,0.975004112455181,0.0862516453691201
"ERP44",0.000115223529113591,0.000501159730638159,0.229913782112681,0.82002958179019,27,0.975004112455181,0.0861704805717515
"ADAM19",0.0146019814414243,0.0636025274731928,0.229581779553945,0.820284753123125,27,0.975004112455181,0.0860353607348169
"CARD9",0.00875145326542792,0.0381369441779991,0.229474423136308,0.820367269699638,27,0.975004112455181,0.0859916750618324
"PTH2",0.0131879701632831,0.057633271723392,0.228825637846452,0.820865985649073,27,0.97522365925833,0.0857277398888917
"LYPD1",0.0100104624356477,0.0438178527170465,0.228456252758213,0.821149963291249,27,0.97522365925833,0.0855775221954643
"PSG5",0.00303309066572853,0.0132845249099599,0.228317586536685,0.821256574198041,27,0.97522365925833,0.0855211408702095
"DTX1",0.00783401180531218,0.0343157608248396,0.228291945654357,0.821276288090216,27,0.97522365925833,0.0855107159529546
"ALCAM",3.35146992434119e-06,1.46944077906644e-05,0.228077917265263,0.821440847651668,27,0.97522365925833,0.0854237048563182
"SERPINB13",0.00083360864104473,0.00365712223718585,0.227941147979289,0.821546009534072,27,0.97522365925833,0.0853681094934008
"STMN1",0.000205999065587653,0.000906108502523256,0.227344810267207,0.822004573242944,27,0.97522365925833,0.085125766245047
"TXNL4A",0.00055270321431066,0.00244080894416207,0.226442637238205,0.822698436659082,27,0.97522365925833,0.0847593279654465
"CDH11 3",0.000654801252988504,0.00289289103443758,0.226348398606658,0.822770924310913,27,0.97522365925833,0.0847210641266134
"PCBP1",0.000263796854024506,0.00116624825924173,0.226192709771778,0.822890682515707,27,0.97522365925833,0.0846578551079659
"TBC1D13",0.00691236399046054,0.0305604647565561,0.226186481309243,0.822895473634302,27,0.97522365925833,0.0846553265214179
"TEAD3",0.00533480338558045,0.0235940152027829,0.226108330427422,0.822955590211864,27,0.97522365925833,0.0846236003239612
"BIN1",0.000142791299347695,0.00063426660468841,0.225128200495188,0.823709636273133,27,0.975367565933644,0.0842258533367378
"VGLL4",0.0044715796828546,0.0198780118368911,0.224951052426476,0.823845940534166,27,0.975367565933644,0.0841539939234411
"CST2",0.000177686800645154,0.000790076061413551,0.224898347542956,0.823886494704774,27,0.975367565933644,0.0841326161170202
"PTPRS",2.72528446337612e-06,1.2142889124285e-05,0.224434599993649,0.824243350254614,27,0.975547574077273,0.0839445479268495
"VPS53",0.00558966075537983,0.0249798751206376,0.223766561217187,0.824757476449152,27,0.975547574077273,0.0836737388733809
"SCIN",0.00038724185544951,0.00173105444476692,0.223702874638152,0.824806494147676,27,0.975547574077273,0.083647928275707
"MOB1B",6.56874210609029e-05,0.000294593545967953,0.222976443170444,0.825365658455534,27,0.975654641883394,0.0833536050655
"TAPBP",0.00129910980379309,0.00585806686832974,0.22176424970777,0.826298943030233,27,0.975654641883394,0.0828628027759666
"ZDHHC4",0.0167596563253022,0.075748477069439,0.221254036697511,0.826691841068271,27,0.975654641883394,0.082656348566148
"BPIFA2 2",0.000626672220886152,0.00283578153524219,0.220987481968575,0.826897124298816,27,0.975654641883394,0.0825485184141839
"CST8",0.000195145035763206,0.000884143381129628,0.220716503599086,0.827105827197434,27,0.975690913097677,0.0824389194347796
"BAG2",0.0041767572310127,0.0189575552846522,0.220321511307639,0.827410066698732,27,0.975690913097677,0.0822791995571192
"DENND10",0.00324112123106463,0.0147126798623152,0.220294416883656,0.827430936959475,27,0.975690913097677,0.0822682452248817
"OXSR1",0.0024360445085164,0.011110654794181,0.219253010163922,0.828233208345278,27,0.975690913097677,0.0818473602717336
"TMCO5A",0.00622853882512461,0.02841952112206,0.219164101969679,0.82830170962043,27,0.975690913097677,0.0818114422533493
"C2orf66",0.0074950255894166,0.0343102097901522,0.218448841766273,0.828852847951188,27,0.975690913097677,0.0815225659460125
"RBM3",0.000529156941913779,0.00242380132503435,0.218316962058052,0.828954476630331,27,0.975690913097677,0.0814693187755413
"CCL11",0.00101540230433845,0.00465124566365255,0.21830760569655,0.828961686912291,27,0.975690913097677,0.0814655412797465
"HNRNPA1 2",5.69340271107314e-05,0.000261004137808057,0.218134576673266,0.829095030821693,27,0.975690913097677,0.0813956877897493
"MASP1 2",0.0114857788175208,0.0527505320080799,0.217737686811604,0.829400911641322,27,0.975690913097677,0.0812354916141785
"CABLES2",0.00279699524232181,0.0128689456474013,0.217344553233593,0.829703924565867,27,0.975690913097677,0.081076855656201
"CRK",0.000270929938943086,0.00124750517183663,0.217177407404422,0.829832762578204,27,0.975690913097677,0.0810094228138139
"NRP1 2",3.14850355236302e-06,1.45039973426929e-05,0.217078332129538,0.829909133281813,27,0.975690913097677,0.0809694559065944
"TNF",0.00881261516080939,0.0406189585497556,0.21695817606979,0.830001756082944,27,0.975690913097677,0.0809209887608831
"PAGR1",0.00469005463108373,0.0216620901938807,0.216509791488571,0.830347417330419,27,0.975706993484829,0.0807401608037778
"CEMIP2",0.00514014071624624,0.0237726741070508,0.216220551928642,0.830570411610088,27,0.975706993484829,0.0806235443354005
"RNGTT",0.00210797555297548,0.00980416154751349,0.215008243464746,0.831505219240216,27,0.976491772546939,0.0801350204310986
"CCL17",0.0038947899136659,0.018195865981347,0.214048065514361,0.832245789338759,27,0.976646177908753,0.0797483934336177
"EPB41L1",0.00460512695823314,0.0215489906799871,0.213704995589886,0.832510432108593,27,0.976646177908753,0.0796103156849335
"NHEJ1",0.00969818775774425,0.0454574442100287,0.213346525003372,0.832786976406311,27,0.976646177908753,0.0794660751871216
"MICU2",0.00305211000453742,0.0143209011744931,0.213122761434422,0.832959611294944,27,0.976646177908753,0.0793760562366527
"CHRDL2",0.000120666468717199,0.000567188696197658,0.21274484051979,0.833251198870897,27,0.976646177908753,0.0792240528097782
"PRMT3",0.0133579163031796,0.0630483664872179,0.21186776196474,0.833928008800778,27,0.976887941237486,0.0788714394462725
"NCAM1",2.21308160366352e-06,1.04550245500744e-05,0.211676366044284,0.834075719512841,27,0.976887941237486,0.0787945212161198
"SEPHS1",0.000610027204215331,0.00288485195550656,0.211458755466089,0.834243669058807,27,0.976887941237486,0.0787070804517229
"GDF3",0.00289279285660468,0.0136992715659338,0.211163990923301,0.834471178012872,27,0.976997200420955,0.0785886589201839
"FOXP3",0.00418365597007349,0.0198341880129618,0.210931547454297,0.834650595884345,27,0.977051009349103,0.0784952922251299
"EFNB3",0.000224547292964049,0.00106728357590938,0.210391406775584,0.835067553544579,27,0.977072801855892,0.0782783904505965
"STX2",0.000109719714477891,0.00052175251463333,0.210290724818064,0.83514527969104,27,0.977072801855892,0.0782379692110269
"PDE1B",0.00186455480990186,0.00892612434731532,0.208887389123439,0.836228827836802,27,0.977199420529865,0.0776748648235796
"PRSS2",0.000260246195428638,0.00124668987928975,0.20874974582845,0.836335123222781,27,0.977199420529865,0.0776196639451732
"UGT2A1",0.00428720114003707,0.0205674819288855,0.208445601404225,0.836570010772369,27,0.977199420529865,0.0774977079953096
"GPT 2",3.17087635056619e-06,1.52239000045576e-05,0.208282788879126,0.836695755532951,27,0.977199420529865,0.0774324341376219
"STAT3",0.000408948034641297,0.00196346807015416,0.208278423702194,0.836699126944651,27,0.977199420529865,0.077430684179482
"PMM2",0.000756619013843851,0.00365803169988847,0.206837741145578,0.837812000786085,27,0.977199420529865,0.0768534231132005
"AIF1L",0.000174517718842662,0.000844527922072528,0.206645291744036,0.837960686932876,27,0.977199420529865,0.0767763558907428
"PCYT1A",0.00124852073001753,0.00604692596154326,0.206471972363771,0.838094598505485,27,0.977199420529865,0.076706958350368
"ZFP91",0.0054453871356217,0.0263848723836121,0.206382924899189,0.838163401090522,27,0.977199420529865,0.0766713068181503
"MYG1",0.00103856090244288,0.00504166553727636,0.205995597043103,0.838462685493156,27,0.977294271691672,0.0765162602433603
"RIC3",0.00255239643137433,0.0124038203779862,0.205775023629351,0.838633131470577,27,0.977337337710299,0.0764279841329998
"NET1",0.0117915506121799,0.0573715855871998,0.205529453151644,0.838822903136969,27,0.977402908461842,0.0763297201115448
"PLBD1",0.00462609870861167,0.0225409588355861,0.205230786425478,0.839053719861512,27,0.977458581862077,0.0762102328631283
"TLR10",0.0140025993591414,0.0684214391091433,0.204652219267195,0.839500892046242,27,0.977546574420131,0.0759788380482022
"PTK2",0.013032896632271,0.0638278211167763,0.204188336750938,0.839859464658726,27,0.977546574420131,0.0757933792112013
"LRP6",0.000569770883886192,0.00279079707809299,0.20416062792911,0.839880884182847,27,0.977546574420131,0.0757823032361104
"CYRIB",3.9752721092593e-05,0.000195184279692781,0.203667637348476,0.840261997679323,27,0.977834697982884,0.0755852777412862
"RPS20",0.00361196589328205,0.0177777119802556,0.203173833465949,0.840643779741877,27,0.977869049348339,0.0753879961944738
"ARSA 2",0.0129184793623043,0.0636716874493105,0.202892052650384,0.840861655033483,27,0.977910750834016,0.075275451762014
"TACC3",0.00249567462019849,0.0123647116715448,0.201838480871482,0.84167640002087,27,0.978294545020217,0.0748548499470666
"C5|C6",2.22484666142731e-05,0.000110350593781676,0.201616193006543,0.841848322023998,27,0.978294545020217,0.0747661494052118
"PGD",2.9366955159688e-05,0.000145940398260062,0.201225675068783,0.84215037599142,27,0.978294545020217,0.0746103531176617
"HAMP",7.68855726029361e-05,0.000382559560880716,0.200976737912216,0.842342934316907,27,0.978294545020217,0.0745110627042701
"MRTO4",0.0020845026438835,0.0103808413227955,0.20080286164341,0.842477437341298,27,0.978294545020217,0.0744417212808175
"HECTD3",0.0028449959886266,0.0141681368937008,0.200802406835263,0.842477789167248,27,0.978294545020217,0.0744415399156794
"CYCS",0.000177223607909709,0.000883599131328119,0.20057014728311,0.842657462551955,27,0.978294545020217,0.0743489287620767
"TARS1",0.00287134304158189,0.0143564405224027,0.200003826651966,0.843095598252646,27,0.978294545020217,0.07412317811586
"LY6G6C",0.000259349986698974,0.00129917559009739,0.19962658525591,0.843387480825547,27,0.978294545020217,0.073972849904907
"GNPDA1",0.00104317601773617,0.0052296439552868,0.199473621274273,0.843505839985966,27,0.978294545020217,0.0739119062403577
"RBM46",0.00394367316360857,0.0197871256742376,0.199305004098859,0.843636315485778,27,0.978294545020217,0.0738447337267421
"CTCF",0.00668384157946351,0.0335403036418095,0.199277909074496,0.843657281964712,27,0.978294545020217,0.0738339405534376
"PDIA4",8.63202380068538e-05,0.000433226438253342,0.199249700352718,0.84367911036195,27,0.978294545020217,0.0738227039647965
"COMMD10",0.00266780235421806,0.013439426705763,0.198505666396773,0.844254902658209,27,0.978294545020217,0.0735264087011684
"DNAJB2",0.000540924516153198,0.00272599058825481,0.198432275769338,0.844311702917973,27,0.978294545020217,0.0734971909737611
"YWHAQ",0.000207234747071394,0.00104456506714952,0.198393334784697,0.844341841420927,27,0.978294545020217,0.0734816886990983
"AZU1",0.0111764580553462,0.0564116393969389,0.198123262766809,0.844550871196725,27,0.978294545020217,0.0733741857440936
"FAM221A",0.00478791592138431,0.0242120959994432,0.197748923574994,0.844840620664137,27,0.978294545020217,0.0732252130557958
"TGFB3",0.0154106869349546,0.0780327489319941,0.19748999164934,0.845041054570688,27,0.978294545020217,0.0731221912391971
"ACY1",0.000112266905315412,0.000568843115559086,0.197360049273112,0.845141644317444,27,0.978294545020217,0.073070497925767
"GARS1",0.0001202254942659,0.000611805202681563,0.196509434275727,0.845800180329702,27,0.978294545020217,0.0727322265949046
"HSPA1A 8",0.000666436723903054,0.00339316369378941,0.196405709846198,0.845880490378241,27,0.978294545020217,0.0726909916129699
"NCAM1 2",2.37759610748176e-06,1.21227474505722e-05,0.196126836525786,0.846096420256581,27,0.978294545020217,0.0725801423991763
"HAVCR2 2",0.000131679114604792,0.000671695993798774,0.196039749857791,0.846163853435912,27,0.978294545020217,0.0725455308702627
"TRAPPC5",0.00455306711775361,0.0232722606649221,0.195643525281426,0.84647067418429,27,0.978294545020217,0.0723880833442444
"KLRG2",0.000109495863180259,0.000560315581381217,0.195418201489853,0.846645167097506,27,0.978294545020217,0.0722985663628761
"ERO1B",0.00332245288554254,0.0170869628431647,0.19444373561517,0.847399894605564,27,0.978294545020217,0.0719115943499275
"ATP5MF",0.00493700673046298,0.0253995692040478,0.194373640387421,0.847454189358963,27,0.978294545020217,0.071883769049769
"PLG 2",0.00192258704700793,0.0098920199606041,0.194357376417032,0.847466787305883,27,0.978294545020217,0.071877313033346
"SLC30A5",0.00599271347294461,0.0308997000333009,0.193940830056156,0.847789455010348,27,0.978294545020217,0.0717119895834365
"APOC3",0.00448736319633101,0.0231425632829135,0.193900871803777,0.847820409141417,27,0.978294545020217,0.071696133095926
"FAM219B",0.00222011826652248,0.0114646104156577,0.193649691182734,0.848014994870768,27,0.978294545020217,0.0715964683422772
"AKR1D1",0.00581634260780731,0.0300442162578461,0.193592755353981,0.848059103540708,27,0.978294545020217,0.0715738795273409
"USP5",0.00550567957752256,0.0285073581942713,0.193131876338823,0.848416168998606,27,0.97838181120324,0.0713910633521298
"VASP",0.00104407178835452,0.00541071345568138,0.192963792465893,0.848546399992989,27,0.97838181120324,0.0713244047193724
"MYZAP 2",0.0130207682693144,0.0675235848730771,0.192832893777623,0.848647823030998,27,0.97838181120324,0.071272498502394
"PPP2R1A",0.00114504934925773,0.00594744855090475,0.192527827598195,0.848884204994261,27,0.97838181120324,0.0711515471668844
"KCNE5 2",4.86506227069839e-05,0.000254847685499559,0.190900782997568,0.850145171128394,27,0.978927309537093,0.0705069076542725
"RPL11",0.0110799139938582,0.0581993031535304,0.190378808568022,0.850549789765138,27,0.978927309537093,0.070300258433137
"ANGPT2 2",6.96740888895658e-05,0.000366586708498942,0.190061688747144,0.850795631763846,27,0.979043511496875,0.0701747485597732
"EDN3",0.00543984569258852,0.0287255422832718,0.189373124411176,0.851329483047775,27,0.979135138746828,0.0699023259601045
"TMEM154",0.00638528843604191,0.0337925698187762,0.188955396712506,0.851653387044682,27,0.979260946529624,0.0697371220432712
"ERBB4",0.00783486349843702,0.0415073432289716,0.188758491605128,0.851806075504869,27,0.979282707093459,0.0696592666468326
"LTA|LTB 2",0.00359459770550951,0.0190790158516541,0.188405824150404,0.852079563334757,27,0.979443316560489,0.0695198508859379
"WSCD2",0.0231637121466591,0.123891036119416,0.18696842703238,0.853194436092391,27,0.979991168840965,0.0689519853630815
"HMGCS2",0.00843191643995278,0.0453470555334794,0.185941872978446,0.853990841725153,27,0.979991168840965,0.0685467866992345
"SYK",0.00258891902490746,0.0139236061507407,0.185937392718461,0.853994317879331,27,0.979991168840965,0.0685450189150481
"SGK3",0.00142596811843672,0.00767280862225336,0.185846954960013,0.854064487573435,27,0.979991168840965,0.0685093359387174
"LRSAM1",0.00316544517441871,0.017040109220112,0.185764371197962,0.854128564505287,27,0.979991168840965,0.0684767538392884
"CA5A",0.00461746067877612,0.0248671864229306,0.185684886108315,0.854190238134253,27,0.979991168840965,0.0684453960895414
"FAM171B",0.010651555214508,0.057396452956278,0.18557863188204,0.854272683799406,27,0.979991168840965,0.0684034804038087
"CSF2",0.00839081400059802,0.0452217675648864,0.185548121014033,0.854296358358563,27,0.979991168840965,0.068391444916626
"EEF1A1",0.000130625012417375,0.000709640187195776,0.184072174567163,0.855441767945708,27,0.980428898284815,0.0678095486250448
"PSMG3",0.00316922046098248,0.0172198701905927,0.184044387437592,0.855463335280848,27,0.980428898284815,0.0677985993624312
"SLC3A1",0.00103377391569985,0.00562195809639943,0.183881469405105,0.855589788494564,27,0.980428898284815,0.0677344073951887
"PELI1",0.00661782539686401,0.0360524496784949,0.183561046638434,0.855838504720593,27,0.980428898284815,0.06760817822659
"CGA|LHB",4.47626020257511e-05,0.000243975999124915,0.18347133400951,0.855908143527596,27,0.980428898284815,0.0675728415140507
"DBNDD2",0.00164814109267683,0.00898322890570684,0.183468673678103,0.855910208609607,27,0.980428898284815,0.0675717936765614
"VSIG8",0.0103483903585148,0.056521494217978,0.18308769967414,0.856205950447417,27,0.98046441946509,0.0674217582378713
"HORMAD2",0.00651340924227764,0.0356032568083582,0.182944197418158,0.856317353686833,27,0.98046441946509,0.0673652547005519
"DUSP26",0.000546744787857999,0.00299369451198768,0.182632124175885,0.856559631929651,27,0.98046441946509,0.0672423969524167
"AADAT",0.00358530031224759,0.019634623518422,0.182600919690857,0.85658385833885,27,0.98046441946509,0.0672301138063852
"TSHR",0.00859396554305126,0.0473910267226192,0.181341619656226,0.857561667883656,27,0.981097064622702,0.0667346397299707
"ANXA1",0.000108669649840637,0.000599337988543142,0.181316138669583,0.857581455521874,27,0.981097064622702,0.0667246188028877
"RPS6KB2",0.0057921506186855,0.0320140635463225,0.180925192776749,0.857885062251672,27,0.981097064622702,0.0665708941717968
"HS6ST3",3.78731388530697e-06,2.1044703479501e-05,0.179965181690304,0.858630696858857,27,0.981097064622702,0.0661935891408755
"C5orf46",0.00603243335334311,0.0335487760969479,0.179810832321001,0.858750591553426,27,0.981097064622702,0.0661329507669781
"UBL7",0.00704171100947105,0.0391735427516555,0.179756808162914,0.858792556972663,27,0.981097064622702,0.0661117281851469
"COLEC10",0.00413319332515434,0.0230376116702148,0.179410669140591,0.85906144430111,27,0.981097064622702,0.0659757721797293
"PTGS2",0.00297594617253828,0.0166259524330224,0.178994026629564,0.859385123071256,27,0.981097064622702,0.0658121687158625
"SGF29",0.00409496279813249,0.0229058502394984,0.178773665038254,0.859556326422284,27,0.981097064622702,0.0657256588805187
"SLAMF1",0.00839078089795059,0.0469866749332946,0.178577882130683,0.859708439976986,27,0.981097064622702,0.0656488096611395
"IL17F 2",0.00672986643718179,0.0376958553745751,0.178530673208199,0.859745119782076,27,0.981097064622702,0.0656302807083102
"HTRA1",3.48480163108249e-06,1.95277736977903e-05,0.178453605875042,0.859804999295967,27,0.981097064622702,0.0656000340267114
"GLIPR2",7.89285713889837e-05,0.000442590577621884,0.178333148918535,0.859898593244739,27,0.981097064622702,0.0655527615366062
"MFGE8",3.78297926906573e-06,2.12704512078139e-05,0.177851387923356,0.860272937977291,27,0.981097064622702,0.0653637386963923
"NRXN1",5.04740011582112e-05,0.000284349035502159,0.17750720015306,0.860540404028918,27,0.981097064622702,0.0652287338955601
"TYRP1",4.58696165297637e-05,0.00025918773487611,0.176974487437413,0.860954405029611,27,0.981097064622702,0.0650198475804534
"PTPRH",0.00466800082783987,0.026443199490723,0.176529350371446,0.861300377167567,27,0.981097064622702,0.0648453626041531
"RGS21 2",0.000257413401722993,0.00146097714488507,0.176192627396127,0.861562105810839,27,0.981097064622702,0.0647134109161608
"YY1",0.00373315709378632,0.0212855087751407,0.175384912487798,0.862189993608891,27,0.981097064622702,0.0643970217809708
"DUSP15",0.00634377187444208,0.0361898665619151,0.175291386156091,0.862262703508556,27,0.981097064622702,0.0643603985575262
"SUB1",0.00596961565227186,0.0340582323670282,0.175276731567873,0.86227409649399,27,0.981097064622702,0.0643546603086166
"SIRPG",0.00709640838752722,0.0405260394174324,0.175107375147907,0.862405762256839,27,0.981097064622702,0.0642883503623596
"RSPO1 2",0.00342470199814678,0.0195775150260898,0.174930372602595,0.86254337681706,27,0.981097064622702,0.0642190552823986
"NUDT1",0.00296409398105749,0.0170057056356333,0.174299969937537,0.863033533294053,27,0.981097064622702,0.0639723293813911
"HAPLN1",0.000326440596116133,0.00187800308052484,0.173823248482054,0.863404235305797,27,0.981097064622702,0.0637858253051562
"IFNA21",0.00463612800514631,0.0267027168182403,0.173620086551621,0.86356222517728,27,0.981097064622702,0.0637063632760513
"ZNRF3 2",0.00547045492432235,0.031552433678648,0.17337663966074,0.86375155046965,27,0.981097064622702,0.0636111600405424
"HNRNPA2B1",3.40555170432969e-05,0.000196641166379747,0.1731861017216,0.863899734990745,27,0.981097064622702,0.0635366592190925
"YWHAB 2",7.11442520551561e-06,4.12221956654709e-05,0.172587245552155,0.864365508429226,27,0.981097064622702,0.0633025714946337
"CAPNS2",0.00372826676538039,0.0216034498308219,0.172577379750767,0.864373182190469,27,0.981097064622702,0.0632987158833934
"PLXDC2 2",0.00684193543702994,0.039801839195221,0.171899981894592,0.864900104335944,27,0.981115043979531,0.0630340505016547
"HARS1",0.000121723450470664,0.000708131020470682,0.171893967291189,0.864904783154059,27,0.981115043979531,0.0630317011212085
"GIPC2",0.00203332684601705,0.0118434176108513,0.171684129769608,0.865068020934568,27,0.981115043979531,0.0629497422980916
"DVL2",0.00440115694455688,0.0256410230833468,0.171645137959231,0.865098354298263,27,0.981115043979531,0.0629345141527987
"APOM",0.000464701315349191,0.00270784165364137,0.171613179346836,0.8651232163997,27,0.981115043979531,0.062922033123032
"SOX10",0.00388325854021122,0.0227845582276443,0.170433786839882,0.866040819922337,27,0.981115043979531,0.0624616374870138
"RBBP4",0.00123669157839,0.00726146795170264,0.170308756661251,0.866138108490191,27,0.981115043979531,0.0624128528175748
"CLIC1",0.000396470269961343,0.00233154672551735,0.170046032370795,0.866342546704462,27,0.981115043979531,0.0623103565634391
"VSTM2L",0.0048654797010156,0.0286182750875887,0.170013031397748,0.866368226995705,27,0.981115043979531,0.0622974833142497
"TYK2",0.00121742017439846,0.00716152335707249,0.169994582674393,0.866382583261524,27,0.981115043979531,0.0622902868414632
"HSPA1A 2",0.000580750254399652,0.00342835099909667,0.169396381686902,0.866848111379603,27,0.981115043979531,0.0620569926835196
"TNFRSF11A",0.00089943535546146,0.00531419673787977,0.169251422148197,0.86696092824083,27,0.981115043979531,0.062000474648089
"ASPA",0.00114853595647267,0.00679063326666862,0.169135323815848,0.867051285523814,27,0.981115043979531,0.0619552135257927
"CER1",0.00201871693126613,0.011978965472887,0.16852180898553,0.867528803864505,27,0.981115043979531,0.0617160967656295
"ALKAL2",0.0010296657498888,0.00611737870712742,0.16831813088327,0.867687344436809,27,0.981115043979531,0.0616367368588328
"CA8",0.00750388632460132,0.0445830000085751,0.168312727343562,0.867691550563702,27,0.981115043979531,0.0616346316151823
"NUDT3",0.00316564214456976,0.0189008737445635,0.167486550481842,0.868334695083534,27,0.981115043979531,0.0613128460091086
"SLIT1",0.000141742099026758,0.000846336426286883,0.167477252100114,0.868341934016141,27,0.981115043979531,0.0613092254980322
"SNX16",0.00381006377169762,0.0227654189933111,0.167361899766356,0.86843173854851,27,0.981115043979531,0.0612643127802628
"TMEM132D",2.40021941947571e-06,1.43446149504189e-05,0.167325468670431,0.86846010139651,27,0.981115043979531,0.0612501290204047
"PTPN7",0.00934287286231106,0.0559192126942159,0.167078047278685,0.868652732120421,27,0.981115043979531,0.0611538100488692
"ACY3",0.0010456946509873,0.00627072860245572,0.166758078252309,0.868901857304582,27,0.981115043979531,0.0610292744582365
"DECR1",0.00228353018310859,0.0137118915173476,0.16653648260122,0.869074397903902,27,0.981115043979531,0.0609430437859694
"COA4",0.000728131135793798,0.00437241782923208,0.166528260617234,0.869080799898942,27,0.981115043979531,0.0609398445881965
"MMP8",0.000175767027479198,0.00105580673337153,0.166476516888577,0.869121090029989,27,0.981115043979531,0.0609197113899836
"EIF4H",0.000703390523104861,0.00422543514354222,0.166465819308542,0.869129419720177,27,0.981115043979531,0.0609155491147942
"ADAMTS15",0.00192296889557706,0.0116123783840454,0.165596472314326,0.869806389765242,27,0.981171765848059,0.0605774062480658
"CYSRT1",0.00201023796556709,0.0121876342170763,0.164940785862322,0.870317047011888,27,0.981171765848059,0.0603225098125125
"ZSWIM7",0.0053100251817609,0.0321982605413114,0.164916523206214,0.870335944190315,27,0.981171765848059,0.0603130800865923
"C1GALT1C1",1.84194998356842e-05,0.000112168576964268,0.16421265504288,0.870884192113176,27,0.981380947733775,0.0600395924895702
"ROPN1B",0.0040049144917551,0.024426408427124,0.16395838560154,0.871082260592708,27,0.981380947733775,0.0599408304865057
"UBASH3A",0.00416442008715933,0.0254187554893446,0.163832571933155,0.871180268944614,27,0.981380947733775,0.0598919693238089
"TXNRD3NB",0.0143592029501367,0.0881204673648426,0.162949691252608,0.871868088466581,27,0.981380947733775,0.0595492178021196
"METTL2B",0.00725061332285316,0.0445256163660567,0.162841391419357,0.871952467931252,27,0.981380947733775,0.0595071887805134
"MED4",0.0115427807710584,0.0709079354938149,0.162785458223717,0.871996047672204,27,0.981380947733775,0.0594854835055549
"TCEAL7",0.00504084986041618,0.0312593157099332,0.161259123750248,0.873185433222026,27,0.981776552799481,0.0588935179515164
"ELL3",0.00575113834030805,0.0357304690209241,0.160958937788925,0.873419386932753,27,0.981776552799481,0.0587771724507776
"SF3B6",0.00269733572047777,0.0167603695865041,0.160935336572157,0.87343778133663,27,0.981776552799481,0.0587680262100349
"PPP1CC",0.000323904699963877,0.0020133058148337,0.160882016819006,0.873479338150855,27,0.981776552799481,0.0587473636440716
"GLB1",0.0162134306746213,0.100869173288634,0.16073722174987,0.873592191662766,27,0.981776552799481,0.0586912564306943
"DNAJB14",0.00373515133793963,0.0232778068259753,0.160459761774965,0.87380845204006,27,0.981776552799481,0.0585837588292354
"ECI2",0.0021151288972985,0.0132033935703875,0.160195853135992,0.874014159394403,27,0.981776552799481,0.0584815315566209
"ATP2A3",0.00255824630951447,0.0159708744310506,0.160181981303462,0.87402497224228,27,0.981776552799481,0.0584761587247642
"CCL24",0.00458532256099446,0.0286633784894752,0.159971461936286,0.874189071424746,27,0.981776552799481,0.0583946270955023
"TRUB1",0.00186765721339185,0.0116906851519192,0.159756009944828,0.874357021517254,27,0.981776552799481,0.0583111980124146
"PPA1",0.000864062960668073,0.00541043287216201,0.15970311083867,0.874398258581889,27,0.981776552799481,0.0582907159817634
"HSPA5",0.000366331103739448,0.00231426732032904,0.158292475774736,0.875498040732351,27,0.982198750972308,0.0577448214823977
"IRF8",0.00258393694083154,0.0163374742555719,0.158160123187357,0.875601240727721,27,0.982198750972308,0.0576936317080107
"FOXRED1",0.00243580097789493,0.0156461796882028,0.155680238015643,0.877535307958132,27,0.982890517234441,0.0567354005112619
"RTCA",0.000768878154654339,0.00494432157569256,0.155507311343648,0.877670202883215,27,0.982890517234441,0.0566686457963823
"GHRL 2",0.00252507450264118,0.0162416762341401,0.155468836235847,0.877700216676854,27,0.982890517234441,0.0566537944296112
"EIF4A1",0.000816548235180523,0.00527079691916038,0.154919312526007,0.878128911347418,27,0.982890517234441,0.056441723983148
"ANXA3",0.00664986958139444,0.0431814740427609,0.153998207073926,0.878847569511013,27,0.982961182519933,0.0560864439943372
"FOSL2",0.00764201155308981,0.0497547272307667,0.153593677996575,0.879163221742936,27,0.982961182519933,0.0559304881552951
"JUP",0.00393236526268753,0.0256868231115827,0.153088813108786,0.879557194140381,27,0.982961182519933,0.055735914828518
"THSD7A 2",0.00429743631798642,0.0280998315923999,0.152934593357091,0.879677546167445,27,0.982961182519933,0.0556764932855896
"RTKN",0.00276434210691768,0.018090050276119,0.152810084257584,0.87977471435908,27,0.982961182519933,0.0556285242551889
"MYL6",0.00244257068739718,0.0160070022011274,0.152593887144287,0.879943441389615,27,0.982961182519933,0.0555452413518507
"CNP",0.000120631857965254,0.000791026904101017,0.152500322479359,0.880016463992054,27,0.982961182519933,0.0555092026748166
"SMURF1",0.00130266683206174,0.00856886231533681,0.152023312328194,0.880388763684163,27,0.982961182519933,0.05532550894139
"UBLCP1",0.000486795197005249,0.00320279947234177,0.151990532410486,0.880414348978501,27,0.982961182519933,0.055312887936725
"RERG",0.00507185441356414,0.0334735058481312,0.151518470654824,0.880782816040699,27,0.982961182519933,0.0551311669830591
"FCN2 2",0.00295753813768691,0.0195517326131865,0.151267317132407,0.880978864694314,27,0.982961182519933,0.0550345104945772
"FIG4",0.00555669912312927,0.0370956646943905,0.149793760777915,0.882129267804227,27,0.982989715677705,0.0544677684050911
"PTX3",0.00444365281929554,0.0296711712851438,0.149763309867058,0.882153043573627,27,0.982989715677705,0.05445606315204
"TWF1",0.00469346723473523,0.0314609433813677,0.149183931894263,0.882605437591724,27,0.983044942736804,0.054233401261355
"CLIC4 2",2.3712579674566e-06,1.59159774566927e-05,0.148986009430385,0.882759990132543,27,0.983067521715903,0.0541573588570357
"SPINT3",0.00430625964054736,0.0290527386493869,0.148222158761554,0.883356505744067,27,0.983446109249692,0.0538639881208354
"HGS",0.000738019189014953,0.00498272175100573,0.148115673701023,0.883439668942403,27,0.983446109249692,0.0538231035879402
"CLGN",4.1092347767829e-05,0.000278638240714112,0.147475621660957,0.883939568447715,27,0.983446109249692,0.0535774250172525
"IBSP",0.000150315492962484,0.0010223696478275,0.147026560580999,0.884290327666448,27,0.983446109249692,0.0534051252552078
"CTSF 2",2.73706056292229e-05,0.000186532170498128,0.14673396849525,0.884518882739426,27,0.983446109249692,0.0532928913218091
"MAP2K5",0.000431675251539925,0.00294339825747955,0.146658798361038,0.884577602705808,27,0.983446109249692,0.0532640610600381
"CASQ2",0.00146619241657267,0.0100502134763805,0.145886693851673,0.8851807794037,27,0.983817896768558,0.0529680248052607
"SUN3",0.00215057253188648,0.0149399745038593,0.143947536947331,0.886695981039207,27,0.984647163168156,0.0522252599760545
"SH3GL2",0.000864898886819247,0.00601653505020851,0.143753652160519,0.886847501322899,27,0.984647163168156,0.0521510532549692
"NRCAM",1.8687806535125e-06,1.31676387443396e-05,0.14192222993024,0.88827896710485,27,0.985914238655945,0.0514506211044181
"S100Z",0.00611935341585552,0.0432865698940991,0.141368406663466,0.888711919654507,27,0.985951099405177,0.051238994912789
"FGFR4",0.00221669046699979,0.0156869231899591,0.141308173703474,0.888759009029006,27,0.985951099405177,0.0512159839535929
"NFE2L2",0.00467409091148864,0.033179278890713,0.140873794360761,0.88909861368606,27,0.985951099405177,0.0510500669212091
"EXD1",0.00171653285461596,0.0122333868397632,0.140315423447297,0.889535188632556,27,0.985951099405177,0.050836867224047
"CLPSL1",0.00551048034720889,0.0393425022940057,0.140064307705422,0.889731540759586,27,0.985951099405177,0.0507410135285705
"CBFB",0.00334943956785044,0.0240213041879526,0.139436208027801,0.890222695122533,27,0.986277292825676,0.0505013381136589
"ICAM4",0.00194571739292128,0.0140231611429699,0.138750269863133,0.890759128439313,27,0.986722284657922,0.0502397183336594
"ISL1",0.00384412030285727,0.0278716468444411,0.137922252112059,0.891406744796932,27,0.986884823786182,0.049924084163902
"PPP2R5A",0.000685370952964129,0.00498348006234278,0.137528583317323,0.891714671403578,27,0.986884823786182,0.0497740878414847
"SNAP29",0.00416406936616716,0.030429780940993,0.136841910700632,0.892251826201328,27,0.987034561977085,0.0495125544865097
"ZPLD1",0.00579208440653593,0.0423278630380114,0.13683857371525,0.892254436711426,27,0.987034561977085,0.0495112838491869
"LMNB2",0.000803219136110487,0.00588607267216031,0.136460961467485,0.892549849231988,27,0.987063058342505,0.0493675190344704
"DPYS",0.00213978009478243,0.0157042409531982,0.136254920002781,0.892711045667973,27,0.987092216483194,0.0492890915922506
"RBM4",0.00204300172393816,0.0150757642635131,0.135515632125047,0.893289465828005,27,0.987433516431651,0.0490077874258865
"ADAMTS3",0.00215605120126821,0.0160666312823959,0.134194353711881,0.894323386220781,27,0.987598495714694,0.0485054124615702
"NR1D1",0.00237520570196356,0.0178370686424821,0.133161213289643,0.895131967099376,27,0.987598495714694,0.0481129329990401
"COL5A1",2.98620499789654e-06,2.26035933740065e-05,0.132111958859187,0.895953277835581,27,0.987598495714694,0.0477146373325763
"RPS5",0.0010144429469797,0.00776025936522531,0.130722814694254,0.897040821355005,27,0.987598495714694,0.0471877932035847
"TPH1",0.00295716408364139,0.0226331172066855,0.130656509071931,0.897092736343621,27,0.987598495714694,0.0471626597423734
"PPIH",0.00296488230956087,0.0227949851591322,0.130067305982565,0.897554082307862,27,0.987598495714694,0.0469393734569054
"TMX2",0.00285287318935143,0.0219609636000974,0.129906557895246,0.897679954432391,27,0.987598495714694,0.046878472685107
"PNOC",0.00418380588786893,0.0322377267472398,0.129779804905975,0.897779208974042,27,0.987598495714694,0.0468304563328947
"NELFA",0.000998104211313355,0.00769328743272331,0.129737023352063,0.897812709659975,27,0.987598495714694,0.0468142509101685
"UBE2D3",0.000457709041504716,0.00354252006431698,0.129204361074795,0.89822983436577,27,0.987598495714694,0.0466125241060326
"KLHL41",0.00249264540650666,0.0193990746857235,0.128493005305098,0.898786939406638,27,0.987598495714694,0.0463432470949641
"SERPINA10",0.0010133718165678,0.00791309543474209,0.12806263047437,0.899124017266204,27,0.987598495714694,0.046180401370538
"HDAC2",0.00269154588662678,0.0210189615537146,0.128053228497918,0.899131381291064,27,0.987598495714694,0.0461768444170999
"SYT8",0.00801792955740051,0.062834407567102,0.127604124361927,0.899483149329566,27,0.987598495714694,0.0460069681958436
"UTS2",0.00153774195527327,0.0120539040085032,0.127572108935703,0.899508226728045,27,0.987598495714694,0.045994860327039
"KCNE3",0.00633828569188491,0.0498943228565784,0.127034206078001,0.899929577148463,27,0.987598495714694,0.0457914743967387
"DSTN 2",1.05715037008682e-05,8.32214535989519e-05,0.127028587505967,0.899933978450145,27,0.987598495714694,0.0457893503901412
"ABI3",0.0044136138019044,0.034843381827751,0.126670075359596,0.900214825255514,27,0.987598495714694,0.0456538391273272
"STAMBPL1",0.0001330719355765,0.00105355158848421,0.126307944509823,0.900498520293187,27,0.987598495714694,0.045516996480241
"FCRL5",0.00697105883495306,0.0552214278927173,0.126238293738008,0.90055308658821,27,0.987598495714694,0.0454906809202168
"GIPC1",0.00523054090538963,0.0414784826182078,0.126102513284649,0.900659462094413,27,0.987598495714694,0.0454393840364139
"IL4 2",0.00235236061285938,0.0186685823196108,0.12600638723318,0.900734771997621,27,0.987598495714694,0.045403071412785
"HEBP1",2.96794358293993e-05,0.000236521067849913,0.125483264975924,0.901144628448535,27,0.987598495714694,0.0452055016997063
"CPA2",0.00727131861108993,0.0580843221733837,0.125185563660101,0.901377884323397,27,0.987598495714694,0.0450931017278093
"HMGA2",0.00157483495171999,0.0125924363422293,0.125061974420209,0.90147472201008,27,0.987598495714694,0.0450464466958236
"ADSS1",0.00342528748489981,0.027430843614346,0.124869928648801,0.901625201531504,27,0.987598495714694,0.0449739577282489
"BEND6",0.00820575574382937,0.065715188553624,0.124868480551242,0.901626336218114,27,0.987598495714694,0.044973411173181
"OAZ1",0.00744827630857214,0.0597417720858575,0.124674512464543,0.901778325825965,27,0.987598495714694,0.0449002071391205
"KPNA2",0.00929578403958617,0.0746016723751296,0.12460557174701,0.901832347347488,27,0.987598495714694,0.0448741912709983
"KIF16B",0.00163443122939886,0.0131245428087441,0.124532431583821,0.901889660056046,27,0.987598495714694,0.0448465921254802
"ATIC",0.000170831730866398,0.00137351759015441,0.124375349897917,0.902012751263351,27,0.987598495714694,0.0447873230299343
"SIGLEC12 2",0.000931922059103747,0.00750232725716472,0.124217729666986,0.90213626699377,27,0.987598495714694,0.0447278576535266
"BOLA3",0.00178445169010975,0.0145452476021789,0.122682799146193,0.903339213485005,27,0.987598495714694,0.0441491368609998
"CD44",0.00707966642182855,0.0578720735401844,0.122333035413232,0.903613361254157,27,0.987598495714694,0.044017356020764
"PYCARD",7.50159306467867e-05,0.000614477824044699,0.122080777713029,0.903811090540642,27,0.987598495714694,0.0439223338047173
"BCAN",3.16944035718861e-06,2.60034744550022e-05,0.121885264320088,0.903964345811237,27,0.987598495714694,0.0438486986427792
"TMEM132C",0.00348386395341204,0.0286181635385014,0.121736111708392,0.904081263238922,27,0.987598495714694,0.0437925312612722
"STX1A",7.7887428969537e-06,6.40574887781769e-05,0.12158988816944,0.904195886773353,27,0.987598495714694,0.0437374729218291
"CCT8",0.000560043056152076,0.00463544076469984,0.120817649190333,0.904801274185495,27,0.987926939345565,0.043446796487398
"RCN1",1.62037896604559e-05,0.000135090659366596,0.119947520697813,0.905483471225163,27,0.988214386663773,0.0431194729271963
"ZNF75D",0.00332814510024367,0.0277824208937292,0.119793199914946,0.905604469352173,27,0.988214386663773,0.0430614428141557
"DTNBP1",0.0100705800258217,0.0848032938836482,0.118752227238234,0.906420724247648,27,0.988359526581161,0.0426701733967531
"DEFB103A",0.00533441949823667,0.0450492903702976,0.118412952887573,0.906686781170563,27,0.988359526581161,0.0425427159194901
"PSD2",0.00528899534896947,0.0448363753992339,0.117962152423673,0.907040313389958,27,0.988359526581161,0.0423734103007307
"SMOC1 2",2.59069694369156e-06,2.19679104848467e-05,0.11793096778497,0.907064770109885,27,0.988359526581161,0.0423617004845718
"CKAP2",0.000131439613917705,0.00111595155564701,0.117782544638775,0.90718117303819,27,0.988359526581161,0.0423059713815792
"SRA1",0.00130203155694496,0.0110869335624701,0.117438383625966,0.90745109426025,27,0.988359526581161,0.0421767713224089
"ESRP1",0.00236396014269312,0.0201674750203958,0.117216465636001,0.907625147808272,27,0.988359526581161,0.0420934795091599
"PA2G4",0.000329140297869377,0.00280941315879427,0.117156245545114,0.907672380124673,27,0.988359526581161,0.0420708796498316
"APEX1",2.31894182744394e-05,0.000198682142153817,0.116716167960815,0.908017555894179,27,0.988359526581161,0.0419057546129898
"CDH10",0.000942257400639998,0.0080967512446354,0.116374749843562,0.908285360603842,27,0.988359526581161,0.0417776855476146
"NECAP2",0.000228674321670258,0.00196893512115303,0.116141115678988,0.908468627112869,27,0.988359526581161,0.0416900659421026
"HAAO",0.0014715640565832,0.0126725031483988,0.116122603352372,0.908483148709688,27,0.988359526581161,0.0416831239313671
"KCTD5",0.00154621168894754,0.0133315985106436,0.11598096715207,0.908594253256976,27,0.988359526581161,0.0416300143700358
"TRMT6",0.000994323869201574,0.00858385341152997,0.115836538851652,0.908707549981941,27,0.988359526581161,0.0415758636038324
"MYL6B",0.00359009563041097,0.0311336632178847,0.11531234231212,0.909118772291274,27,0.988513074698414,0.0413793744446241
"EIF4B",0.000917150204124357,0.00798708044580258,0.114829218304211,0.909497796856808,27,0.988705272984045,0.0411983486225865
"EIF2S1",0.000633738195347769,0.00553126837001675,0.114573756497346,0.909698222771566,27,0.988705272984045,0.0411026537461435
"VEGFD 2",0.000904631912922774,0.00789864791367335,0.114529970548094,0.909732576225481,27,0.988705272984045,0.0410862535450701
"CEACAM19",0.00286511719980038,0.0251094030805997,0.114105348924605,0.910065733914097,27,0.988705272984045,0.0409272375194154
"LXN",0.00327519350302242,0.0287161054597348,0.114054237181112,0.910105837268061,27,0.988705272984045,0.0409081001308183
"SHC1",0.00179260502082214,0.0157805194461584,0.113596071849114,0.910465334308534,27,0.988802360550776,0.0407365851849545
"LAD1",0.00589165497205381,0.0521722031724444,0.112927087870531,0.910990284012364,27,0.988932364954703,0.0404862548846504
"OCIAD1 2",0.00130985716790014,0.0116537040211527,0.112398355537656,0.911405207852877,27,0.989089464377544,0.0402884941480124
"SSB 2",0.00395857092873282,0.0353502726642323,0.111981340747568,0.911732479196981,27,0.989297981354839,0.0401325737900872
"NIPSNAP3B",0.000124626641840925,0.00111827798433174,0.111445135813346,0.912153313772027,27,0.989314727425927,0.0399321597754766
"IL19",0.0014605433909477,0.0131272180300325,0.111260694200878,0.912298076802138,27,0.989325169644268,0.0398632406630051
"PCBP2",0.000514298442822787,0.00467486315499517,0.110013582381176,0.913276980542405,27,0.989957811833368,0.0393974887545881
"RAN",0.000447275372548651,0.00408971809008488,0.109365820014105,0.913785488139609,27,0.989957811833368,0.0391557432719247
"GDA",0.000333167729356673,0.00305291598359692,0.109130985309375,0.913969847769273,27,0.989957811833368,0.0390681315784479
"GRP",0.00416320436953791,0.0382195788451541,0.108928577847628,0.914128753967986,27,0.989957811833368,0.0389926300870626
"XYLT2",0.00254053126122978,0.0234366334786938,0.10840000819825,0.914543740973299,27,0.989957811833368,0.0387955181711112
"HS6ST2",0.00271119486606588,0.0251794925288464,0.107674722314592,0.915113212693659,27,0.989957811833368,0.0385251741230177
"NDUFB6",0.00308046051001291,0.0286123454452441,0.107661936205406,0.915123252361036,27,0.989957811833368,0.0385204095232238
"CCT5",0.000454728445287528,0.00427952446467695,0.106256769657667,0.9162266778949,27,0.989957811833368,0.0379970669652332
"GABBR2 2",0.00379620191204824,0.0357646207582606,0.106144056096874,0.916315195152736,27,0.989957811833368,0.0379551115182922
"EURL",0.00271018194947487,0.0256421713318181,0.105692373489133,0.916669925756648,27,0.989957811833368,0.0377870168141867
"ERBB2",0.00353078281901617,0.0334556990686467,0.105536064625984,0.916792687603542,27,0.989957811833368,0.0377288593231253
"PDGFRL",9.76826661877167e-06,9.27529034422876e-05,0.105314941702603,0.916966356708558,27,0.989957811833368,0.03764659820551
"CGREF1",1.67580267001254e-05,0.000159305872451329,0.105194029838701,0.917061322206256,27,0.989957811833368,0.0376016228846547
"CACNB3",0.00068320925915524,0.00650168025813342,0.105081952976781,0.917149349718372,27,0.989957811833368,0.0375599375282425
"ANKRD46",0.00162947579090905,0.0155600832299534,0.104721534379217,0.91743243732504,27,0.989957811833368,0.0374259087405207
"SGSH",8.87560772909273e-06,8.48173092842567e-05,0.104643825700094,0.917493474378148,27,0.989957811833368,0.0373970159604939
"COX5A",0.000502681077884024,0.00483232580636621,0.104024665973843,0.917979817930976,27,0.989957811833368,0.0371668667917422
"HTATIP2",0.00538546657201563,0.051799283050207,0.103967975131928,0.918024349630406,27,0.989957811833368,0.037145799441594
"CSNK2B",0.00472561029234253,0.0455756198327878,0.103687241329472,0.918244875215951,27,0.989957811833368,0.0370414868015025
"PRRG1 2",0.0022765099116872,0.0219564910363725,0.103682774625326,0.918248384012158,27,0.989957811833368,0.0370398272791242
"TPT1 2",1.08516598981649e-05,0.000104718426255642,0.103627033810395,0.918292171061425,27,0.989957811833368,0.0370191182631141
"PCDHGC5",0.00283790036313505,0.0274330792065823,0.10344811611429,0.918432721158618,27,0.989957811833368,0.0369526519871685
"CDK2",0.00532824656283101,0.0515877502302209,0.103285112047969,0.918560772542558,27,0.989957811833368,0.0368921052190651
"AHSA1",0.00112855189157514,0.010977012491583,0.102810477116656,0.918933645070688,27,0.990213896903518,0.0367158472864255
"CLEC1B",0.00469448823873676,0.0463187337730354,0.101351825845241,0.920079677455549,27,0.990271052001173,0.0361745618056075
"PDCL",0.00384046694264807,0.0379597325448147,0.101172128600065,0.92022087413251,27,0.990271052001173,0.0361079194979315
"EIF2AK4",0.000864955577138363,0.00857845638380064,0.100828813301624,0.92049064071579,27,0.990271052001173,0.0359806229189574
"NETO1 2",0.000858914463397753,0.00854736406191386,0.100488812360876,0.92075781254691,27,0.990271052001173,0.035854587507947
"SIGLEC9",2.48406064242801e-05,0.000247343986909512,0.100429392825174,0.9208045052344,27,0.990271052001173,0.0358325644937589
"TMOD3",7.20673118671714e-05,0.000723175201453172,0.0996540143002097,0.921413834821951,27,0.990271052001173,0.0355452712002003
"AP2B1",1.17242674731677e-06,1.17694350773809e-05,0.0996162296328052,0.921443529077395,27,0.990271052001173,0.0355312754873066
"PPME1",0.000591367622606993,0.00594208141684006,0.0995219656417089,0.921517609871491,27,0.990271052001173,0.0354963611535986
"BRSK2",0.000223283507801839,0.00225430519543514,0.0990475949103862,0.921890422357967,27,0.990271052001173,0.0353206969435724
"PLBD2",0.000439914680738401,0.00444325687713722,0.0990072581673102,0.921922124230733,27,0.990271052001173,0.0353057627264959
"CHMP4A",7.38951359003851e-05,0.000751761201538972,0.0982960223926298,0.922481127622576,27,0.990271052001173,0.0350425099962352
"NLGN2",0.00212999004653923,0.0217799728970666,0.097795807947314,0.92287430088867,27,0.990271052001173,0.0348574475634463
"MILR1",0.003033454728286,0.0310442033668665,0.0977140464014484,0.922938568137905,27,0.990271052001173,0.0348272051567652
"PHB2",0.00312170995459734,0.0319643049593822,0.0976623755330882,0.92297918340573,27,0.990271052001173,0.0348080938104601
"MLYCD",0.00322824773496323,0.0332844387332935,0.0969897002269144,0.923507951183628,27,0.990271052001173,0.0345593610355333
"PTPN11 2",7.74587944518713e-05,0.000800218118646806,0.0967971014988471,0.923659353279913,27,0.990271052001173,0.0344881675979345
"ARF1",0.000306673621659282,0.00321638261617538,0.0953473694693543,0.924799083177045,27,0.990271052001173,0.0339526094721485
"NR3C1",0.00255889160070944,0.0268661639555073,0.0952458864223111,0.924878871851777,27,0.990271052001173,0.0339151415647418
"EVL",0.00118745163239217,0.0124740913837685,0.0951934370095525,0.924920109291483,27,0.990271052001173,0.0338957781715321
"SETD2",0.0060648537330789,0.0637862205194736,0.0950809388561802,0.9250085597322,27,0.990271052001173,0.0338542484206855
"ANKRD1 2",0.00247800200308213,0.0261715896504186,0.0946828998995288,0.925321521390457,27,0.990271052001173,0.0337073367708007
"THRA",0.00276604291814076,0.0293364986104443,0.0942867434478359,0.925633015088097,27,0.990271052001173,0.0335611635475865
"EPHB6 2",9.46900107968463e-06,0.000100640426678995,0.0940874496675893,0.925789722291152,27,0.990271052001173,0.0334876448720842
"GNLY",2.33877468807759e-05,0.000249714753822755,0.0936578496974847,0.9261275325263,27,0.990271052001173,0.0333292046153168
"GMFG",0.00104465148143866,0.0112256873630823,0.0930590214790932,0.926598436711578,27,0.990339399473867,0.0331084368418079
"SDHAF2",1.6328637089852e-06,1.77445525511702e-05,0.0920205626079603,0.927415120503851,27,0.990687335330559,0.0327258276791041
"COL6A5",0.00410467908005331,0.0446114801098489,0.0920094798456848,0.92742383685139,27,0.990687335330559,0.0327217459644907
"DKK4",0.000275990140644951,0.00301598316256562,0.091509178191225,0.92781732265029,27,0.990731050350975,0.0325375233227529
"ST6GALNAC5",0.000405703820157247,0.00443401395272355,0.0914980928077701,0.927826041484667,27,0.990731050350975,0.0325334422134927
"RELL2",0.00356734794204641,0.0390496183983668,0.091354233110652,0.927939190309607,27,0.990731050350975,0.0324804830249872
"FKBP1B",0.00124746306331694,0.0137458844050941,0.0907517498731939,0.928413073432346,27,0.99094796772098,0.032258752662962
"SOCS7",0.0025337139615502,0.0280807329167987,0.0902296236019703,0.928823773587386,27,0.991215810439204,0.0320666771996258
"LANCL1",0.000671435863101031,0.00750988878169948,0.0894068983734118,0.929470963144052,27,0.991270716246141,0.031764173125311
"ABHD14A",0.000295472900060215,0.00332028053610749,0.0889903418843672,0.929798662540944,27,0.991270716246141,0.0316110828587883
"LCNL1",0.00380039653008771,0.0428459833376238,0.0886990152645305,0.930027852789831,27,0.991370691653226,0.0315040448527367
"PLD5",0.00139322780929192,0.0159213485256541,0.0875068972359347,0.930965770697134,27,0.991696910944905,0.0310662866562905
"USF1",0.0009459604781653,0.0108571153666868,0.0871281593882491,0.931263770109865,27,0.991696910944905,0.0309272925110166
"GREM1",0.00195131321852184,0.0224018862884783,0.08710486221535,0.931282101181017,27,0.991696910944905,0.0309187439075468
"SHARPIN",0.0074375169989409,0.0858764060302289,0.0866072224345632,0.931673671654491,27,0.991825352651232,0.0307361771489689
"MLEC",0.000779044526984276,0.00907192816439715,0.0858741948642894,0.932250490175857,27,0.991958236558295,0.0304673796152325
"ATL3",0.00319211383611543,0.0372276039671584,0.0857458846648165,0.932351461210378,27,0.991958236558295,0.0304203442003712
"HEXIM2",0.00260322765311115,0.0304159212125035,0.0855876642671275,0.932475971041413,27,0.991958236558295,0.0303623507027355
"ITIH1",1.11927677362798e-06,1.32184922909947e-05,0.0846750710283735,0.933194160538039,27,0.991959485032011,0.0300279874672707
"WNK3",0.000991077082165221,0.0117452653625367,0.0843809868550449,0.933425610215206,27,0.991959485032011,0.0299202876349623
"EHD2",4.19166371877479e-05,0.000498932242095566,0.0840126847920146,0.933715479162471,27,0.992041643472509,0.0297854413868666
"GAP43",1.69993905225613e-05,0.000202522175382444,0.0839384155856492,0.933773933228939,27,0.992041643472509,0.0297582537858539
"CPE 2",0.00370692447468888,0.044765918883978,0.0828068442936758,0.934664590510138,27,0.992392067915533,0.0293442101158316
"AK1",7.74592335454312e-06,9.36064602553081e-05,0.08274988001273,0.934709429274651,27,0.992392067915533,0.0293233761598647
"USH1C",0.00351664066306854,0.0425443338068891,0.0826582613569824,0.934781546284048,27,0.992392067915533,0.0292898696924279
"ARMC5",0.00159341178492522,0.0193215971062797,0.0824679127797025,0.934931379702625,27,0.992407224996798,0.0292202634698603
"DEFB118",0.00270702102057373,0.0329202243784323,0.0822297256985659,0.935118872778145,27,0.992462346710467,0.0291331778867232
"CLIC4",3.68353841683318e-06,4.52629941099395e-05,0.0813807943832929,0.935787154706955,27,0.992824794306002,0.0288229205438983
"SPACA5",0.00153405971115062,0.0188739769506413,0.0812790921151619,0.935867218345269,27,0.992824794306002,0.028785764969832
"PRKAR2B",0.000306167680503345,0.0037795290690362,0.081006833102998,0.936081553695691,27,0.992908295364554,0.028686312824814
"CRISPLD2",0.00124325228307372,0.0154307727939847,0.0805696707269498,0.936425719157024,27,0.99298561557772,0.0285266668094752
"EHMT2",0.0027398709555087,0.0345063850540762,0.079401854213791,0.937345169388077,27,0.993099956124902,0.0281004544094202
"MAPK14",0.000474972725925667,0.00606642833131543,0.0782952834823444,0.938216481150375,27,0.993099956124902,0.0276969423014639
"VEGFC",0.00189865218034474,0.0242516778797918,0.0782895183482057,0.938221020812906,27,0.993099956124902,0.0276948409254418
"POLR2J",0.00219051846438582,0.028005512803932,0.0782174023993687,0.938277807541603,27,0.993099956124902,0.0276685556301316
"SRC",0.00140190763230752,0.0181008004335796,0.0774500352872116,0.938882080963197,27,0.993099956124902,0.0273889495899312
"APRT",0.00135714536733136,0.0175982627761145,0.0771181442507703,0.939143444556277,27,0.993099956124902,0.0272680686269888
"NTM 3",1.22001326481013e-06,1.58321607538379e-05,0.0770591761781082,0.939189882535776,27,0.993099956124902,0.0272465945276258
"BCAM",0.000443749983926439,0.00578297230262566,0.076733894043546,0.939446049588134,27,0.993099956124902,0.0271281554665265
"SIGIRR",0.0020046368792424,0.0262751389321427,0.0762940544070768,0.939792443836668,27,0.993099956124902,0.0269680511339136
"ENPP7",0.00229326154115385,0.0300586053523305,0.0762930120766915,0.939793264734893,27,0.993099956124902,0.0269676717826903
"NME1",0.000683796909463218,0.00896573746587916,0.0762677818824764,0.939813135059598,27,0.993099956124902,0.0269584894641215
"PIP4K2A",0.0040450745678907,0.0530937116437256,0.0761874512566448,0.939876400616918,27,0.993099956124902,0.0269292549741406
"C2orf68",0.00450539384179249,0.0591833985832306,0.0761259736623012,0.939924818465981,27,0.993099956124902,0.0269068828164199
"RPIA",0.00298971597783443,0.0394478584901471,0.0757890565486886,0.940190168127501,27,0.993236972707278,0.0267842946818005
"NNMT",0.00155932091336962,0.0208000074617326,0.074967324710745,0.940837378345051,27,0.993390704466904,0.0264854369242602
"RS1",0.00120875792800173,0.0161350205133728,0.074915177641076,0.94087845168331,27,0.993390704466904,0.0264664777128029
"LYN 2",0.000558703775284862,0.00754669030680219,0.0740329538607508,0.941573355343377,27,0.993837735650067,0.0261458396623585
"NDUFB8",0.0014876265024255,0.0203289629819892,0.0731776876047973,0.94224707035299,27,0.994050529566755,0.0258352041903854
"BLOC1S6",0.00268905129397442,0.0370380179890087,0.0726024620100465,0.942700214894146,27,0.994050529566755,0.0256263939185438
"MESD 2",0.0029568710189141,0.0407466990142225,0.0725671303553208,0.942728048697964,27,0.994050529566755,0.0256135712960734
"IL10RA 2",0.00244576130697276,0.0337725531668037,0.0724186085337719,0.942845053008543,27,0.994050529566755,0.0255596732780515
"CD3E 2",0.0013218275263659,0.0183227754380399,0.0721412283218653,0.943063574436807,27,0.994050529566755,0.0254590293237092
"PLCD1",7.57421489939871e-05,0.00105127209232563,0.0720480925413227,0.943136948260814,27,0.994050529566755,0.0254252409258003
"SAMSN1",0.00224313377305777,0.0312251433770624,0.0718374210798836,0.943302920419488,27,0.994050529566755,0.0253488210048218
"LZIC",0.00187251937017374,0.0261413195976439,0.071630636823036,0.943465832682777,27,0.994050529566755,0.0252738230517972
"ARMC10",0.00544097975146437,0.076058940036663,0.0715363604704671,0.943540107903207,27,0.994050529566755,0.0252396341627241
"ANKRD40",0.00200840846434618,0.0286256712711872,0.0701610957982224,0.944623663148995,27,0.994905745635706,0.0247411793962939
"SP6",0.00138004079249587,0.0198031589544494,0.0696879116948056,0.944996504717011,27,0.99501214023202,0.0245697978239881
"LAS2",0.00157827993415262,0.0228377190897352,0.0691084747978182,0.945453084713548,27,0.995098426854203,0.024360016851242
"CPNE6",0.00229743046801666,0.0337798830031888,0.0680117947063282,0.946317289729351,27,0.995098426854203,0.0239632250410149
"SQSTM1",0.00536749577421062,0.0790170361679124,0.0679283358946115,0.946383059637081,27,0.995098426854203,0.0239330422304886
"None 7",0.00161013514221603,0.0239810619648639,0.0671419449470225,0.947002795796817,27,0.995098426854203,0.0236487388453665
"OLFM1",3.21009858756641e-05,0.000478262920663681,0.0671199553398742,0.947020125778486,27,0.995098426854203,0.0236407914067956
"MNDA",6.60538188519406e-05,0.000992992790662183,0.0665199379825227,0.947493008935997,27,0.995098426854203,0.0234239857838694
"CYRIA",0.00148677876680518,0.0224302525349138,0.0662845308803786,0.947678542362038,27,0.995098426854203,0.0233389526971911
"CBLC",0.00355760972355905,0.0539871332609288,0.0658973631062151,0.947983690774967,27,0.995098426854203,0.0231991342519804
"CSAG1",0.00255181449244727,0.0387898306538429,0.0657856569475498,0.948071734105862,27,0.995098426854203,0.023158801324681
"CFHR5 3",4.48028489353933e-06,6.81920433868473e-05,0.0657009919489152,0.948138464881062,27,0.995098426854203,0.0231282342414851
"DKK1",0.000327307571027857,0.00498740007388509,0.0656268930061772,0.948196868079403,27,0.995098426854203,0.023101483501432
"MBNL2",0.00368888868315768,0.0575851239662668,0.0640597506626646,0.949432124730355,27,0.995098426854203,0.0225360776976127
"GZMB",0.000825524573857258,0.0129157866508627,0.0639159345204979,0.949545490338342,27,0.995098426854203,0.022484224471272
"TBCE",0.000708678065610822,0.0111066500632492,0.0638066439092888,0.949631641312979,27,0.995098426854203,0.0224448233092658
"PLEKHA4",0.00250307781799278,0.0395208559204863,0.0633356176047611,0.950002946354753,27,0.995098426854203,0.0222750477810189
"ARF5",0.00231909361739387,0.0369442989012601,0.0627727061106788,0.950446698618018,27,0.995098426854203,0.0220722335014823
"COL9A1 2",0.000683642726300088,0.0109817464768853,0.0622526414845801,0.950856688494134,27,0.995098426854203,0.0218849342573949
"VCX3A",0.00543548662020552,0.0874066335453423,0.0621862025767856,0.950909066211347,27,0.995098426854203,0.021861011906801
"MYBPH",0.0010069201968155,0.0163441761665221,0.0616072775131964,0.951365476547609,27,0.995098426854203,0.0216526124461867
"GUCA2B",0.00112424145533079,0.0183266515401489,0.0613446189484136,0.951572555716489,27,0.995098426854203,0.0215580919319165
"DYNLT3",0.000819765812704966,0.0135525200595431,0.0604880722628204,0.952247878400849,27,0.995098426854203,0.0212499862698837
"DDX6",0.000168856750051918,0.00279228752147831,0.0604725511800163,0.952260115945264,27,0.995098426854203,0.0212444050929842
"CEBPE",0.0016213174967697,0.0269217011324939,0.0602234416313614,0.952456527145186,27,0.995098426854203,0.0211548376490055
"CDH4",0.0038227464215353,0.0640393902075621,0.0596936730525565,0.952874235003143,27,0.995098426854203,0.0209644158867911
"COMMD7",0.00229321196115657,0.0384390656750089,0.0596583689245989,0.952902071820195,27,0.995098426854203,0.0209517287985986
"CST7",0.00010606256075684,0.00178465422692667,0.0594303138146201,0.953081891590414,27,0.995098426854203,0.0208697819032685
"PRIM1",0.00333431939161958,0.0563294848850729,0.0591931454445657,0.953268899787019,27,0.995098426854203,0.020784575519969
"NPPC",0.00107227495630015,0.0182859634016764,0.0586392377992973,0.953705668767868,27,0.995098426854203,0.0205856359381899
"PDLIM5",2.61370441832643e-05,0.00044688784468145,0.0584868093736031,0.953825864698912,27,0.995098426854203,0.0205309050687358
"TMUB1",0.00195065098279419,0.0335797024171866,0.0580901807454915,0.954138627504676,27,0.995098426854203,0.0203885217461325
"AGO3",0.000960979345980995,0.0165712093186139,0.0579909002115832,0.954216916669954,27,0.995098426854203,0.0203528883940604
"MPO",0.000369913598213384,0.00639271892553014,0.0578648306804304,0.954316331379202,27,0.995098426854203,0.0203076439533572
"FUT5",0.000130665408097562,0.0022786791658462,0.0573426088481566,0.954728148107959,27,0.995098426854203,0.0201202730067391
"UBE2Q1",0.00152505109449418,0.0268959537677199,0.0567018781956907,0.955233436718448,27,0.995098426854203,0.0198904840286081
"TIFA",0.0022125546992103,0.0390322763897122,0.0566852590691704,0.955246543034887,27,0.995098426854203,0.0198845253156483
"SRPK2",0.00246383186041395,0.0436916757406908,0.0563913335582902,0.955478343181009,27,0.995098426854203,0.0197791521919869
"DOK2",0.00256125615089621,0.0463433521735479,0.0552669591380602,0.956365101663807,27,0.995098426854203,0.0193762799332616
"LONP1",0.00248877438533478,0.0457357198690259,0.0544164253336761,0.957035928859602,27,0.995098426854203,0.0190717577168169
"CLCNKB",0.000479624458513943,0.00885100854447615,0.0541886787368738,0.957215561096323,27,0.995098426854203,0.0189902498378176
"MAPK9 3",0.00122854408739529,0.0227577310347135,0.0539835928951499,0.957377321923111,27,0.995098426854203,0.01891686417421
"IGFBP2 4",9.47784627262376e-07,1.75895577470291e-05,0.0538833688085453,0.95745637404099,27,0.995098426854203,0.0188810052913529
"USP2",0.00158950947797098,0.0295182868720711,0.0538482969848396,0.957484037176161,27,0.995098426854203,0.0188684576978222
"ADM 2",0.000502280669943916,0.00934596108693568,0.0537430731063104,0.957567033538943,27,0.995098426854203,0.0188308139368303
"CELA3B",0.00152165099218964,0.0284601091368377,0.053466098280701,0.957785502470864,27,0.995098426854203,0.0187317409461111
"IFNB1",0.00214928407703829,0.0402677797715199,0.0533747847344294,0.957857528429755,27,0.995098426854203,0.0186990830072256
"FCRL4",0.0029310190466736,0.0551513103604678,0.0531450481868249,0.958038740781165,27,0.995098426854203,0.0186169287426451
"SCGB1D1",0.000126348297056723,0.00242277668534151,0.0521502034509272,0.95882348411812,27,0.995098426854203,0.0182613374898539
"LETMD1",0.00119594956692323,0.0232658517073542,0.0514036443611131,0.95941240514068,27,0.995098426854203,0.0179946704341048
"TMEM167A",0.00228952631557714,0.0446915455233498,0.05122951754669,0.959549767977448,27,0.995098426854203,0.0179324952406962
"ASMTL",0.00139501447304731,0.0272474852603021,0.051197916421291,0.959574697188113,27,0.995098426854203,0.0179212123678789
"PLEKHA1",0.00250454307864216,0.0491299196552314,0.0509779599929688,0.959748215591138,27,0.995098426854203,0.0178426866704614
"CD81 2",0.00187794432705915,0.0370000682999699,0.0507551583914421,0.959923980546405,27,0.995098426854203,0.0177631587692381
"MAST4",0.00108738847268492,0.0215460745728759,0.0504680548193138,0.960150475441101,27,0.995098426854203,0.017660698697343
"CSRP1",5.46838660423213e-05,0.00108379425497383,0.0504559475115893,0.960160026924344,27,0.995098426854203,0.0176563783997025
"FKBP4",3.31692474987391e-05,0.000658511201969305,0.0503700580939932,0.960227785459899,27,0.995098426854203,0.0176257313002824
"CLEC12A",6.25018916876353e-05,0.0012432997588701,0.0502709754761284,0.960305952547234,27,0.995098426854203,0.0175903791124577
"BMPER 2",0.00091164135547301,0.0182718649229228,0.0498931750709978,0.960604006084067,27,0.995098426854203,0.0174556065201082
"SEPTIN1",0.00217455550649974,0.043892998522483,0.049542195331811,0.960880905550918,27,0.995098426854203,0.0173304367510409
"GFAP",0.00072143249893744,0.0145870674395006,0.0494569934587303,0.960948124869159,27,0.995098426854203,0.0173000563389033
"LRP4",6.57806514694223e-06,0.000134936643042611,0.0487492870625585,0.961506475356767,27,0.995098426854203,0.0170477866181768
"SRP14",0.00106389085759043,0.0218439902863517,0.0487040528604865,0.961542163917907,27,0.995098426854203,0.017031667062118
"ZFAND1",0.00017164458567758,0.00356755095243543,0.0481127215745595,0.962008715790487,27,0.995098426854203,0.0168209932401839
"ITGA2B|ITGB3 3",0.000462826939594158,0.00969707047114789,0.0477285321346511,0.962311843136308,27,0.995098426854203,0.0166841693268477
"KRT34",6.53560730188827e-06,0.000137125268524532,0.0476615825238588,0.962364667299152,27,0.995098426854203,0.0166603302636955
"PABPC4",0.00065223876694879,0.0137020584707663,0.0476015168334274,0.962412060103425,27,0.995098426854203,0.0166389434367573
"ST8SIA3",0.00199261168031865,0.0418864019471433,0.0475718034419174,0.962435504503511,27,0.995098426854203,0.0166283641329447
"TNIP1",0.00209201539152977,0.0448726009002601,0.046621219843703,0.963185550121445,27,0.995098426854203,0.0162900413993667
"CASP5",0.00185269292638265,0.0398910761474641,0.0464437940840168,0.963325549457463,27,0.995098426854203,0.0162269211409648
"MAP2K1",0.00140640511150878,0.0303906488803552,0.0462775611355208,0.963456718097279,27,0.995098426854203,0.016167790623191
"NRIP3",0.00173914209939947,0.0376426851998021,0.0462013294261117,0.963516870239802,27,0.995098426854203,0.0161406768695424
"BLVRB",6.25557188564585e-06,0.000136515547834953,0.0458231460434736,0.9638152865904,27,0.995098426854203,0.016006189853435
"HIP1R",0.00104450077943393,0.023015033095666,0.0453834141837765,0.964162276275702,27,0.995098426854203,0.015849864686448
"OLA1",0.000119861917741513,0.00265016102938658,0.0452281640294352,0.964284784933955,27,0.995098426854203,0.0157946857443794
"FAM3D 2",0.00169394042115316,0.0375320558632608,0.0451331636967778,0.964359750603781,27,0.995098426854203,0.0157609240260806
"FUT9",3.76948030956507e-05,0.000847142147761507,0.0444964321457215,0.96486221014555,27,0.995098426854203,0.0155347028698385
"EIF1B",0.000173390198049048,0.00391155367862986,0.0443277051255456,0.964995359015788,27,0.995098426854203,0.0154747753180525
"AGXT",0.00139702887988822,0.0318967271655204,0.043798502355388,0.965412979627611,27,0.995098426854203,0.0152868665461699
"FAM163B",2.7553227380074e-05,0.000645312595832029,0.0426974888728902,0.966281877046142,27,0.995098426854203,0.0148961657288495
"GPN1",0.00134593855542565,0.031661188041721,0.0425106775416027,0.966429308989674,27,0.995098426854203,0.0148299076349147
"KLHL14",0.00145017544743298,0.0342175542396962,0.0423810374427819,0.966531621977598,27,0.995098426854203,0.0147839326072647
"POLE2",0.00121587735572122,0.0288180280504171,0.0421915529263156,0.966681165702826,27,0.995098426854203,0.0147167428853538
"SAR1B",0.00106539517155972,0.0254586445372636,0.0418480712906891,0.966952249188422,27,0.995098426854203,0.0145949720659273
"ICAM5 3",2.96501924518e-07,7.2053929420183e-06,0.0411500006875333,0.967503194768536,27,0.995098426854203,0.0143475922335414
"SIRT2",0.0014694891019085,0.0357337858754418,0.0411232413780822,0.967524314628179,27,0.995098426854203,0.0143381120184465
"SELE",2.92434778256989e-05,0.000711698249418432,0.041089714425454,0.96755077590319,27,0.995098426854203,0.0143262344579547
"ALPI 2",0.000890208570712053,0.0217428362110344,0.0409426149409282,0.967666875179039,27,0.995098426854203,0.0142741253064216
"STX3",9.47511794625502e-05,0.00233717706380829,0.040540864844942,0.967983962891691,27,0.995098426854203,0.014131837821089
"YBX1",0.000591489893052454,0.0145900687470203,0.0405405830026162,0.967984185342162,27,0.995098426854203,0.0141317380167483
"EIF3B",0.000710390370415067,0.0176247974013984,0.0403062999384437,0.968169099496386,27,0.995098426854203,0.0140487826044076
"CXCL11",0.00316177699198861,0.0786046073639057,0.0402238125476658,0.968234205301383,27,0.995098426854203,0.0140195788824447
"C1QL2",0.000729535573417821,0.018219118881288,0.040042308202242,0.968377464187386,27,0.995098426854203,0.0139553258938165
"SLCO5A1",0.00202140008215757,0.0505288283517007,0.040004887271239,0.96840700014886,27,0.995098426854203,0.013942079912838
"GAGE12F",0.00106590755473231,0.0267557313766934,0.0398384757166762,0.968538347658137,27,0.995098426854203,0.0138831794398406
"DPH2",0.00119015039181431,0.0303745338019397,0.0391825072797762,0.969056107872223,27,0.995098426854203,0.013651076784265
"F13B",5.43967485792818e-05,0.00139088898657335,0.039109338778572,0.969113861115031,27,0.995098426854203,0.0136251947253411
"DPEP1 2",0.00158999799829395,0.0410499822002964,0.0387332201640387,0.96941074115583,27,0.995098426854203,0.0134921725657426
"USP14",0.000246807711144154,0.00640565486833618,0.0385296610911946,0.969571417416198,27,0.995098426854203,0.0134201958194874
"CD6",0.00162817721682882,0.0426985129800132,0.0381319419154236,0.969885354778245,27,0.995098426854203,0.0132795984448561
"LRRC24",0.000808237103952181,0.0212914223695477,0.0379606909263221,0.970020532297327,27,0.995098426854203,0.0132190729821508
"IBSP 2",2.35309894757163e-05,0.000635662583409651,0.0370180502830569,0.970764624970154,27,0.995098426854203,0.012886057906827
"WFDC3",0.00268911355336027,0.0726635630624242,0.0370077304226065,0.970772771313767,27,0.995098426854203,0.0128824134629082
"ERCC4",0.00107293117229069,0.0293126954068075,0.036602951635813,0.971092300181995,27,0.995098426854203,0.0127394893972047
"ZNF382",0.00514145114625039,0.14292419339133,0.0359732738331639,0.971589372151712,27,0.995098426854203,0.012517244423834
"DKKL1",0.00115810362992847,0.0323259351264737,0.0358258353670961,0.971705762785954,27,0.995098426854203,0.0124652216411405
"DIMT1",0.00133918965288381,0.0376030990214694,0.0356138107691392,0.971873140019579,27,0.995098426854203,0.0123904204493449
"CLCA1",0.000554504607197893,0.0156032561173532,0.0355377494945558,0.971933184909901,27,0.995098426854203,0.0123635894176654
"MGA",0.000675337154412776,0.0190242739944768,0.0354987083664187,0.971964005130278,27,0.995098426854203,0.0123498180600953
"PYGL",2.7069240253626e-05,0.000768671336349416,0.0352156233406382,0.972187482141682,27,0.995098426854203,0.0122499751888499
"FAM171A2",0.000473672063659884,0.013553816139644,0.0349475054685465,0.972399145706184,27,0.995098426854203,0.0121554313746227
"LRRTM3",0.00106148967315614,0.0321382384419935,0.0330288691793743,0.973913857413647,27,0.995952416556127,0.0114794547275158
"RBP5",0.00052721583036412,0.016545218915543,0.0318651468472769,0.974832633878171,27,0.996108307016725,0.0110699406321793
"PLCB1",1.32996837768916e-05,0.00042029752903681,0.0316434974228145,0.975007633523413,27,0.996108307016725,0.0109919841126242
"SMOC1",4.97332909916705e-07,1.58728020134551e-05,0.0313323954708893,0.975253261086594,27,0.996108307016725,0.0108825888043843
"ALDH6A1",0.00023924622457419,0.00765653363502296,0.0312473288799798,0.975320425032344,27,0.996108307016725,0.0108526807509319
"UBE3A",0.000752832618249661,0.0242414180158938,0.0310556345241878,0.975471777131985,27,0.996108307016725,0.0107852913265149
"TRABD2A",6.66135478830026e-05,0.00214599708368691,0.031040838027868,0.975483459730869,27,0.996108307016725,0.0107800900916186
"MAPKAPK3",0.000990150124288288,0.0325700380729166,0.0304006437472249,0.975988931524019,27,0.996108307016725,0.0105551075436553
"EFHD1",1.12091818032571e-05,0.000375632122748152,0.029840849928515,0.976430930720473,27,0.996108307016725,0.010358471749258
"NUDC 2",0.000144382945422383,0.00484123715333572,0.0298235638638153,0.976444579487719,27,0.996108307016725,0.0103524011274814
"FTHL17",0.000672718437110119,0.0232056113025301,0.0289894727762148,0.977103171495168,27,0.996430187841778,0.0100595770740608
"HSF1",0.000543594707929706,0.0191625531033138,0.0283675512860394,0.977594246799202,27,0.996578225683693,0.00984136294308407
"UBE2D3|UBB",1.5821826555773e-05,0.000560158156804936,0.0282452845925131,0.977690790844738,27,0.996578225683693,0.00979847554256316
"PDE6D",0.000282910987292019,0.0100622614396175,0.0281160441904374,0.97779284183663,27,0.996578225683693,0.00975314641584399
"ISOC1",5.91960127889632e-05,0.00213311581769087,0.027750960495452,0.978081121825724,27,0.996586305072838,0.00962512343303479
"CACNB4",0.000307566313812425,0.0111355432324458,0.0276202343605712,0.978184347468611,27,0.996586305072838,0.00957929087314744
"BRICD5",0.00102986508590106,0.0375833805381865,0.027402140817393,0.978356562143897,27,0.996586305072838,0.00950283769702928
"NLRP1",0.00134769678499627,0.0500313464551791,0.0269370480805191,0.978723820022539,27,0.996586305072838,0.00933984176343816
"CCNH",0.000792447719139209,0.0296927193379111,0.0266882837547125,0.978920257350601,27,0.996586305072838,0.00925268429810561
"GBP6",0.000199462533189231,0.00759726153853731,0.0262545302906123,0.979262775018375,27,0.996586305072838,0.00910075413414596
"PRRX1",4.3095941301872e-05,0.00166548879310031,0.0258758518702782,0.979561805457794,27,0.996586305072838,0.00896815699189629
"ASB8",0.0005449944888107,0.0211417095714367,0.0257781655248452,0.97963894578885,27,0.996586305072838,0.00893395771945766
"DUSP28",0.000605017460272145,0.0239834135871325,0.0252264948888154,0.980074589312528,27,0.996586305072838,0.00874087074206204
"CCDC51",0.000431900046871573,0.0171556300756446,0.0251754115102267,0.980114929179679,27,0.996586305072838,0.00872299555036089
"FBXO48",0.000728545979224256,0.0300185553883141,0.0242698547548318,0.980830044203842,27,0.997174941482617,0.00840623957107235
"PKLR",0.000528490697570418,0.0236193211305912,0.022375355102223,0.982326176148333,27,0.997643302156973,0.00774428310856494
"GAGE2D 2",5.98469133468377e-05,0.00270077397224382,0.02215917139379,0.982496905920284,27,0.997643302156973,0.00766880863076796
"CFD",6.6559656230392e-07,3.00860708067474e-05,0.0221230803643075,0.982525408674898,27,0.997643302156973,0.00765620970101865
"IGHG2",0.000647129076276355,0.0294623205492941,0.0219646336137586,0.982650541678949,27,0.997643302156973,0.00760090211064498
"APOF",0.00030704611573548,0.0139814519379341,0.0219609606426077,0.982653442405947,27,0.997643302156973,0.00759962010059608
"TARBP2",0.000891899006027891,0.0431730598586433,0.0206586933830526,0.983681922311484,27,0.997815611418425,0.00714530981714222
"IFI16 2",0.00025627519143966,0.0124377137028321,0.0206046864852104,0.983724575487591,27,0.997815611418425,0.00712647889527368
"BCL2L2",0.000858530590860337,0.0434791257503739,0.0197458108010131,0.984402898644861,27,0.997815611418425,0.00682711615613614
"EIF2A",0.000336418490214292,0.017153480001961,0.0196122588638476,0.984508376431424,27,0.997815611418425,0.00678058442939834
"FMR1 2",0.00058110549554295,0.0299133320116646,0.0194263044757552,0.984655241550174,27,0.997815611418425,0.00671580290470097
"CES3",2.02857870889795e-05,0.00112801695671159,0.0179835834632459,0.985794708092608,27,0.997815611418425,0.00621351753892072
"IDH1",2.70121407019849e-05,0.00150545407544834,0.0179428526864497,0.985826877872883,27,0.997815611418425,0.00619934528785763
"KARS1",5.20055788167442e-05,0.00291516313722802,0.0178396804462187,0.985908364969641,27,0.997815611418425,0.00616344858558283
"TLR1 2",0.000199239401601296,0.0113203035066712,0.0176001819636622,0.986097525327673,27,0.997815611418425,0.00608013108603174
"PVRIG",0.000236886516029785,0.0135218201973813,0.0175188334537728,0.986161776083719,27,0.997815611418425,0.00605183485865537
"CLN5 2",0.000446748330455593,0.0265118469729445,0.0168508942779996,0.986689331988047,27,0.997815611418425,0.00581956733206037
"CRMP1",0.000609845449360549,0.0364423286252716,0.0167345356997203,0.986781235687787,27,0.997815611418425,0.00577911750691839
"MOG",0.000222672420561012,0.0134147491828027,0.0165990744610023,0.986888227509651,27,0.997815611418425,0.00573203165109868
"ISG15",0.000179060651460353,0.0111553594659017,0.0160515357669723,0.987320694431336,27,0.997815611418425,0.00554175999483141
"NXPH3",0.000248548722696868,0.0156710261299559,0.0158603987151649,0.987471662694828,27,0.997815611418425,0.00547535839704491
"PDGFC 2",0.000623185062244463,0.0394063018004229,0.0158143503392083,0.987508033753864,27,0.997815611418425,0.0054593625361557
"GZMB 2",0.000616689776700624,0.0391368169737417,0.0157572798297415,0.987553110623256,27,0.997815611418425,0.00543953870872843
"RAD51D",0.000916181044550666,0.0583891944982264,0.0156909348112089,0.98760551297233,27,0.997815611418425,0.00541649443190435
"TSNARE1",0.000760803714794843,0.0489671605858432,0.0155370192123167,0.987727082814158,27,0.997815611418425,0.00536303800471747
"DLX3",0.00084976558951991,0.0556186432073209,0.0152784307656045,0.987931328916078,27,0.997815611418425,0.00527324216267944
"GSTA1",0.00010739193777037,0.00717658436161084,0.0149642131073988,0.988179514882482,27,0.997815611418425,0.00516415334653361
"SH2D3C",0.000435209745098197,0.0291054707111155,0.0149528502534058,0.988188489897152,27,0.997815611418425,0.00516020894009
"UGP2",0.000202074943535482,0.0136138168151829,0.0148433717214497,0.988274962217593,27,0.997815611418425,0.00512220727444955
"NANOG",0.000673894931181596,0.0477488655728664,0.0141133181510503,0.988851603395778,27,0.997990159302875,0.00486887792955062
"SMAD4",0.000535811983057321,0.0379826881279723,0.0141067420307917,0.988856797648279,27,0.997990159302875,0.00486659666786643
"S100A6",1.23872329283511e-06,8.97397740524695e-05,0.0138035035848301,0.989096315867077,27,0.998004643753668,0.00476141577097148
"ASF1A",0.000374481627520517,0.0278648601079448,0.0134392071616303,0.989384063179542,27,0.998109511717987,0.00463508945286333
"ARF3",0.000401485133673289,0.0303880241622392,0.0132119525616339,0.989563565824851,27,0.998148424789572,0.00455630312480093
"NARF",0.000455818896689752,0.0360919187601303,0.0126293894131581,0.990023720219051,27,0.998172926251178,0.00435439991069899
"CTDSP1",0.000134884812844568,0.0107445260742712,0.0125538168842609,0.990083413633675,27,0.998172926251178,0.00432821494308604
"AARS1",7.10642051338993e-05,0.00579978553519503,0.0122529022327909,0.990321101417863,27,0.998172926251178,0.00422396705554594
"PTP4A1",0.000245955371611403,0.0204145129471662,0.0120480646414611,0.990482899955301,27,0.998172926251178,0.00415301787319689
"RIPPLY1",0.000444924103971787,0.0410945141387891,0.0108268491134641,0.991447530522971,27,0.998456807020624,0.00373026462287905
"SYN3",0.00121381359754284,0.115132921513621,0.0105427151642221,0.991671968123346,27,0.998456807020624,0.00363196292007468
"BTNL3",0.000449248293769623,0.0453556417620651,0.00990501459832432,0.992175690752647,27,0.99856882901088,0.00341141779702779
"TRIM72",0.000555462325994484,0.056943794933344,0.00975457162004542,0.992294526847993,27,0.99856882901088,0.0033594040554624
"C9 2",1.01968890869493e-07,1.16204278990872e-05,0.00877496868058559,0.99306832724743,27,0.998834884673908,0.00302086920286008
"ART5",0.000556418483685796,0.0637437519864142,0.00872898858862884,0.993104647663075,27,0.998834884673908,0.003004985635521
"CRABP2",2.26731574570958e-06,0.000272602675360525,0.00831729088025636,0.993429854983941,27,0.998937066261674,0.00286279253894995
"UBE2Z",8.93670013314526e-05,0.0125025350591988,0.00714791047641979,0.994353575427352,27,0.999380108367956,0.00245916031812182
"HSPA1A",6.24477747819096e-06,0.00102538674171943,0.00609016795723273,0.995189117493789,27,0.999380108367956,0.00209438168685524
"CSTB",3.3251559927507e-05,0.00552665075453734,0.00601658425769128,0.995247243651525,27,0.999380108367956,0.00206901652566867
"SSBP1",0.000249667026228431,0.0433294409741535,0.00576206432890191,0.995448297426398,27,0.999380108367956,0.00198129186512834
"ARHGAP26",0.000141779904474341,0.0301017474722112,0.00471002238674772,0.996279343524237,27,0.999380108367956,0.0016188740846818
"RBM18",0.000234701064799534,0.056093185971713,0.00418412790669245,0.996694768318579,27,0.999380108367956,0.00143782135813687
"TBX5",0.000146199383420261,0.0362653542668171,0.00403137888422707,0.996815430980256,27,0.999380108367956,0.00138524763343699
"IRF3",1.54053440313541e-05,0.00394386445697483,0.00390615453431959,0.99691435084205,27,0.999380108367956,0.00134215217430818
"FCER2",2.05600257450008e-07,7.18580870109664e-05,0.00286119859297995,0.99773980630484,27,0.999380108367956,0.000982700615523681
"DEFB107A",0.000130601211770959,0.0464766417989558,0.00281003976870579,0.997780218925256,27,0.999380108367956,0.000965110235245255
"DEFA3",9.88393216938833e-05,0.0423732388650142,0.00233258831142811,0.998157379247725,27,0.999385964643407,0.000800978201317339
"PTK6",5.49263572671565e-05,0.0296808563669662,0.00185056511133175,0.998538151437764,27,0.999630494554337,0.000635337260613679
"EDA",2.52155625348448e-05,0.0157210201976528,0.00160393932568127,0.998732972577372,27,0.999688828580659,0.00055061191197091
"MPPED2",2.59422839308454e-05,0.0213138410292133,0.00121715667745144,0.999038510275951,27,0.99970861873209,0.000417770554808986
"IZUMO4",1.55013857631833e-07,0.000150265195227242,0.00103160187824872,0.999185088743824,27,0.99970861873209,0.000354055743404809
"RTP4",5.34461123616494e-05,0.0602241011349011,0.000887453882324137,0.999298958049643,27,0.99970861873209,0.000304565419668505
"MATN4",7.04609221820041e-07,0.00121552445030742,0.00057967507082382,0.999542087107709,27,0.999815223352307,0.000198914588568395
"TEAD4",4.5600548506437e-06,0.0389606573208243,0.000117042554315591,0.999907542517766,27,0.999907542517766,4.01556307177427e-05
"LGALS8",-3.25564139134909e-05,0.0923598945498656,-0.00035249513949925,0.999721547323844,27,0.999858121305719,-0.000120947300557043
"SERPINB8",-8.84678937770786e-06,0.00789901812990007,-0.00111998595676344,0.999115269996997,27,0.99970861873209,-0.000384403429987869
"CROT",-3.83604160656243e-05,0.0162427980971731,-0.00236168767450853,0.998134392342153,27,0.999385964643407,-0.000810979831728755
"ENG",-5.61812458982759e-05,0.0209193737316734,-0.00268560840390808,0.997878512794668,27,0.999380108367956,-0.000922328887466302
"HSPA1A 7",-2.2965611090759e-05,0.00809022461696705,-0.00283868646150997,0.99775758963349,27,0.999380108367956,-0.000974959987529391
"GCH1",-0.000130731871166814,0.0419121374947444,-0.00311918883123552,0.997536008488792,27,0.999380108367956,-0.00107141844248768
"AFAP1L2",-4.73992281030784e-05,0.0146730790546184,-0.00323035321534367,0.997448194912958,27,0.999380108367956,-0.00110965127799625
"FTO",-6.64351662279175e-05,0.0195082898418133,-0.00340548386181566,0.997309851674848,27,0.999380108367956,-0.00116989086957881
"CHL1 2",-7.77790974764846e-08,2.27616204739037e-05,-0.003417115998646,0.99730066295212,27,0.999380108367956,-0.00117389226388325
"COTL1",-6.46331862195076e-07,0.00015671571723124,-0.0041242312743998,0.996742083093665,27,0.999380108367956,-0.00141720515881082
"TNMD",-7.46555205189434e-05,0.0176680901296545,-0.00422544372204893,0.996662131290311,27,0.999380108367956,-0.00145204267624227
"ACVRL1",-0.000173483968539882,0.0364909963207056,-0.00475415817686086,0.996244478969653,27,0.999380108367956,-0.00163407238093363
"ZNF41",-0.000151068971135995,0.0298748817303747,-0.00505672198134256,0.996005472416366,27,0.999380108367956,-0.00173827539788613
"TPP1",-1.31148020069237e-07,2.56501307456304e-05,-0.005112957176313,0.995961050157492,27,0.999380108367956,-0.00175764554461012
"SYT2",-0.000135700198912076,0.0257062323751025,-0.00527888322691377,0.995829979115723,27,0.999380108367956,-0.0018148035791863
"COL6A3",-3.71857340052595e-06,0.000688568498202636,-0.00540044078437005,0.995733956441194,27,0.999380108367956,-0.00185668234287881
"STARD10",-7.7219484047554e-06,0.00138156026962684,-0.00558929536012287,0.995584773568761,27,0.999380108367956,-0.00192175409401257
"ASAH1",-0.000155722330339542,0.0272426179707557,-0.00571612943024443,0.995484582966913,27,0.999380108367956,-0.00196546148714288
"CD160",-2.44355892489128e-05,0.00410327466136255,-0.00595514345627514,0.995295777759574,27,0.999380108367956,-0.00204783828929065
"SULT6B1",-0.000217636436566918,0.0357514099656252,-0.00608749240312968,0.995191231000531,27,0.999380108367956,-0.00209345936633892
"SUMO4",-0.00022035664636789,0.034191867911001,-0.00644470921979058,0.994909054203834,27,0.999380108367956,-0.00221661680464388
"ROGDI",-0.000564472156751388,0.0827393743197472,-0.00682229182166617,0.99461079056821,27,0.999380108367956,-0.00234683340179398
"KISS1",-1.58917456806322e-07,1.92512898215639e-05,-0.00825489919269278,0.993479139386867,27,0.998937066261674,-0.00284124757206976
"NT5DC3",-8.17283432258058e-05,0.00931118039652183,-0.00877744171472988,0.993066373758335,27,0.998834884673908,-0.00302172351504119
"STAT3 2",-9.77541501152335e-05,0.0107988156906026,-0.00905230285579389,0.992849256838983,27,0.998834884673908,-0.00311668493125208
"XRCC4",-0.000250216000604257,0.0253870826344773,-0.00985603600881841,0.992214379306793,27,0.99856882901088,-0.00339448339906419
"OSMR",-0.000224829789233709,0.0215902901459287,-0.0104134677076633,0.991774061009968,27,0.998456807020624,-0.00358725449172357
"PROS1",-3.53852239838502e-07,3.36876682774882e-05,-0.0105039101229504,0.991702620306612,27,0.998456807020624,-0.00361853925907857
"MUSTN1",-2.7512464851278e-05,0.00254999994906828,-0.0107892021179571,0.991477267869551,27,0.998456807020624,-0.00371723864676775
"PGAM1",-3.90830752485959e-07,3.57313102992375e-05,-0.0109380470297027,0.991359695407515,27,0.998456807020624,-0.00376874169264741
"PILRA",-2.15913626542409e-06,0.000195458855473731,-0.0110465000943089,0.991274028554453,27,0.998456807020624,-0.00380627221695984
"SRL",-0.000274895893597545,0.0229486849408985,-0.0119787209727052,0.9905376737078,27,0.998172926251178,-0.00412900203127602
"KLK13",-1.19797688323278e-05,0.000982327159470084,-0.0121952943241337,0.990366605109954,27,0.998172926251178,-0.00420401236776816
"MRM2",-0.000402649239630182,0.0308658121076893,-0.0130451529422054,0.989695316971384,27,0.998148424789572,-0.00449848471963358
"USF2",-0.000459706103924308,0.0334492308113267,-0.0137433983614547,0.989143791159215,27,0.998004643753668,-0.00474057072053219
"CLEC2A",-0.00055665215045405,0.0388748176008524,-0.0143190935625597,0.988689068689849,27,0.997990159302875,-0.00494026753691285
"IL4I1",-0.000206251615770491,0.0133685477991435,-0.0154281241963846,0.987813093446569,27,0.997815611418425,-0.00532522156998853
"HNRNPD",-9.13893292619117e-05,0.00590053237247427,-0.0154883192723828,0.987765548400173,27,0.997815611418425,-0.00534612537088871
"HSPA1A 3",-7.29629717364818e-05,0.0046425374449898,-0.0157161837897986,0.987585570160291,27,0.997815611418425,-0.00542526427022173
"SCGN",-0.000370810941964269,0.0227413713051557,-0.0163055664932661,0.987120050785455,27,0.997815611418425,-0.00563002643559062
"CSNK2A1|CSNK2B",-8.23828184324383e-05,0.00494049430047704,-0.0166750153774054,0.98682824680027,27,0.997815611418425,-0.00575842783459502
"CABP7",-0.000332873677924875,0.019960725057796,-0.0166764321917688,0.986827127753021,27,0.997815611418425,-0.00575892031778324
"DLX2",-0.000853663822584429,0.0510285078443533,-0.0167291551065586,0.986785485455623,27,0.997815611418425,-0.00577724713618238
"RAB11FIP3",-0.000607440866604586,0.0352679823294938,-0.0172235786252109,0.986394975324919,27,0.997815611418425,-0.00594914869356861
"NMT2",-0.000465402409611391,0.0266287504543331,-0.0174774407987912,0.986194468905713,27,0.997815611418425,-0.00603743754860839
"TAFA1",-2.09623101806635e-06,0.000116070813423491,-0.018059932176215,0.985734406796565,27,0.997815611418425,-0.00624008424791173
"TRIO",-0.000293190091656597,0.0159279045098142,-0.0184073235418973,0.985460033267619,27,0.997815611418425,-0.00636098445739795
"TTC25",-0.000406636676709016,0.0219441207681776,-0.018530552260663,0.985362706304173,27,0.997815611418425,-0.00640387879015614
"SMYD2",-0.00109260607710767,0.0556683858989937,-0.0196270479099236,0.984496696198454,27,0.997815611418425,-0.00678573694098541
"DDI2",-0.000397382809622788,0.0199833693503997,-0.019885676066676,0.984292434974083,27,0.997815611418425,-0.00687585276042503
"MYL5",-0.000863360938444974,0.042307584642404,-0.0204067650219778,0.983880888886391,27,0.997815611418425,-0.0070574751768772
"LSM1",-0.000566648451851856,0.0272757273376137,-0.0207748246210996,0.983590205192308,27,0.997815611418425,-0.00718580471179968
"PSMB7",-0.000249303973793555,0.0116014284086507,-0.0214890757424026,0.983026115262347,27,0.997815611418425,-0.00743494446320872
"KIR3DL2",-0.000198305620640149,0.00892824037692065,-0.0222110530483438,0.982455932620531,27,0.997643302156973,-0.00768692049344632
"PRDM1",-0.000255681330198077,0.0114403073513178,-0.0223491661846502,0.982346858641519,27,0.997643302156973,-0.00773513930447763
"IQCF1",-0.000929568331110906,0.0407954208967653,-0.0227860948772467,0.982001799276286,27,0.997643302156973,-0.00788771647471384
"THTPA",-0.00170413742470639,0.0737296030169538,-0.0231133405711479,0.98174336312283,27,0.997643302156973,-0.00800202600750581
"NCK2",-0.000279375684827046,0.011606711143712,-0.0240701850307009,0.980987724912039,27,0.997196769519722,-0.00833642690783899
"HCN1",-0.0012866124128055,0.0510176992308904,-0.0252189422926089,0.980080553494268,27,0.996586305072838,-0.00873822787858449
"CSK",-2.12436744683129e-05,0.000842195163590315,-0.0252241705803084,0.980076424786983,27,0.996586305072838,-0.00874005740021063
"CDNF 2",-4.99942734428711e-05,0.0019627744356124,-0.0254712271241053,0.979881328261177,27,0.996586305072838,-0.00882651777900639
"TRIML1",-0.000831370947243994,0.032259404489874,-0.0257714288403853,0.97964426557838,27,0.996586305072838,-0.00893159935163768
"KIAA0319L",-3.52876255679125e-05,0.00135745962767242,-0.0259953407442539,0.979467448520668,27,0.996586305072838,-0.00900999270932805
"NAT14",-0.000738689827977801,0.0282520404132698,-0.0261464240165409,0.97934814282977,27,0.996586305072838,-0.00906289590604502
"DUSP6",-0.000355912635382894,0.0130231222593943,-0.0273292861952635,0.978414091069403,27,0.996586305072838,-0.00947730123994564
"TGFBI",-6.93279732664911e-07,2.46093663929955e-05,-0.0281713767674343,0.977749150000404,27,0.996578225683693,-0.00977255292663178
"BUB1",-0.000933684952578327,0.0316221537494725,-0.0295262922309301,0.976679300988928,27,0.996136690239613,-0.0102480162963202
"SPATA22",-0.00114145409132253,0.0383890352348024,-0.0297338571897144,0.97651541038916,27,0.996108307016725,-0.0103208987210654
"CHRNA5",-0.000718096241432072,0.0240978090239416,-0.0297992336447944,0.976463790205514,27,0.996108307016725,-0.0103438568364518
"CDKN2D",-0.000772872890395306,0.0258023505166959,-0.0299535846509489,0.976341917581501,27,0.996108307016725,-0.0103980645929755
"DDI1",-0.0015330992482558,0.0503912510259086,-0.03042391718887,0.975970555565039,27,0.996108307016725,-0.0105632845346616
"GOLGA7",-0.000585845110747762,0.0191815168592779,-0.0305421680175619,0.975877188733416,27,0.996108307016725,-0.0106048335744531
"FKBP5",-0.000541075687206594,0.0176284782786725,-0.03069327247952,0.97575788230114,27,0.996108307016725,-0.0106579317443175
"FSCN1",-5.28816395489373e-06,0.000164854827100434,-0.0320777016233321,0.974664815969734,27,0.996108307016725,-0.011144711072925
"NPM1 2",-0.000375621687082438,0.0116398270450697,-0.0322703838835425,0.974512688993414,27,0.996108307016725,-0.0112125016218416
"HNMT",-0.000275241409186638,0.00846297588231567,-0.0325230052660064,0.974313240223762,27,0.996108307016725,-0.0113013956570513
"NQO1",-2.35882386535138e-05,0.000705864389440875,-0.0334175218446682,0.973607018345374,27,0.995777728598279,-0.0116163041106929
"DECR2",-0.00129028593592601,0.0383307515059833,-0.033661900308023,0.97341408505796,27,0.995719507714031,-0.0117023739146896
"MGMT",-8.01553748596091e-05,0.00236755700604572,-0.0338557317331439,0.9732610591045,27,0.995702098058139,-0.0117706527207469
"CBS",-0.000998934930110648,0.029373206701124,-0.0340083716522658,0.973140553738893,27,0.995702098058139,-0.0118244286887118
"ANXA5",-0.000619931115139665,0.0177372362898723,-0.0349508291488251,0.972396521840033,27,0.995098426854203,-0.0121566032515549
"NEIL2",-0.00311049345463377,0.0881499324721867,-0.0352863963408617,0.972131611294297,27,0.995098426854203,-0.012274934467198
"RBBP6",-0.000861024016414949,0.0240752960031098,-0.0357637977245942,0.971754736632122,27,0.995098426854203,-0.012443333806364
"NT5E 2",-0.00157218708532979,0.0436283294674836,-0.0360359221753277,0.971539916593461,27,0.995098426854203,-0.012539351317263
"CR2",-8.26431596393945e-05,0.00229256153155215,-0.0360483932500786,0.971530071750409,27,0.995098426854203,-0.0125437521479468
"CASP3",-0.000830199208173379,0.0227437910250874,-0.0365022351488207,0.971171805671476,27,0.995098426854203,-0.0127039341961611
"PDRG1",-0.00111820207061383,0.0301940781431153,-0.0370338205165173,0.970752176189794,27,0.995098426854203,-0.0128916271984382
"VAMP3",-0.00169190193968161,0.0455645725708572,-0.0371319611755503,0.970674705629204,27,0.995098426854203,-0.0129262873108607
"ALDH3B1",-0.000810881705697917,0.0217834921107947,-0.0372245965694403,0.970601581100257,27,0.995098426854203,-0.0129590055587945
"ITGA11",-0.00154101381320586,0.0413110033161684,-0.0373027447775092,0.970539892670216,27,0.995098426854203,-0.0129866088480295
"ARPC1B",-1.62334583117654e-05,0.000432838677545323,-0.037504638919579,0.970380522861982,27,0.995098426854203,-0.0130579290607487
"B2M",-9.86909976777758e-05,0.00257460795645368,-0.0383324371504371,0.969727094386391,27,0.995098426854203,-0.013350469937837
"SETMAR",-2.50134340311715e-05,0.000651218370774786,-0.0384102094684642,0.969665705349726,27,0.995098426854203,-0.0133779640276216
"PGF",-0.000123089502698582,0.00318950245845869,-0.0385920701745012,0.969522155615187,27,0.995098426854203,-0.013442261931871
"OGG1",-0.00275574700624805,0.0709507552184077,-0.0388402772847876,0.969326237772871,27,0.995098426854203,-0.0135300315980338
"RECQL",-9.87463466395127e-05,0.00252855578831356,-0.0390524690401917,0.969158749563497,27,0.995098426854203,-0.0136050790766278
"None 5",-0.00171094771056528,0.0437516962116085,-0.0391058600857472,0.969116606915497,27,0.995098426854203,-0.0136239642359742
"ARTN",-0.00139528839874276,0.0352799045250983,-0.0395490979220236,0.968766753739457,27,0.995098426854203,-0.0137807737824782
"EGFLAM",-2.82441043156022e-06,7.11397845483019e-05,-0.0397022629389962,0.968645860152155,27,0.995098426854203,-0.0138349733035864
"PGPEP1",-0.000821867189624323,0.0206259035035784,-0.0398463606446008,0.968532124117636,27,0.995098426854203,-0.0138859700964913
"VCAN",-0.0016562786709732,0.0413286044340299,-0.0400758432000047,0.968350995392726,27,0.995098426854203,-0.013967196686965
"ITIH2",-3.85955421182408e-07,9.52444488733661e-06,-0.0405226158319801,0.967998366346049,27,0.995098426854203,-0.0141253756332332
"ARHGEF2",-0.000627191744489695,0.0154053649371322,-0.0407125535194526,0.967848454188905,27,0.995098426854203,-0.0141926392432021
"B4GALT3",-0.000970931690240983,0.0237701960012831,-0.0408466000948655,0.967742655946405,27,0.995098426854203,-0.0142401157920642
"OBP2A",-0.000550765517251392,0.0134432690176227,-0.0409696121181089,0.967645567417451,27,0.995098426854203,-0.0142836884581651
"KPNB1",-0.000204028417799495,0.00491466100308551,-0.0415142402846101,0.967215720061918,27,0.995098426854203,-0.0144766535444458
"ABHD5",-0.00218649714284714,0.0519819252075577,-0.0420626426227331,0.966782904156694,27,0.995098426854203,-0.0146710379251825
"LSM3",-0.000626523653669164,0.0148847531524987,-0.0420916388233142,0.966760019755775,27,0.995098426854203,-0.0146813180890393
"ATF5",-0.00320149193051462,0.0745044531322927,-0.0429704775475627,0.966066435940553,27,0.995098426854203,-0.0149930063275045
"TMOD4",-0.00115994329909311,0.0267692126623375,-0.043331244505561,0.965781724748521,27,0.995098426854203,-0.0151210169062313
"FGF3",-0.00178802629743842,0.041221663346038,-0.0433758890908577,0.965746492316625,27,0.995098426854203,-0.0151368605792596
"N6AMT1",-0.000454985480638776,0.0103880498580259,-0.0437989311619688,0.965412641230607,27,0.995098426854203,-0.0152870187752991
"HNRNPDL",-0.000401882067438449,0.0091206242288608,-0.0440630002239052,0.965204249745975,27,0.995098426854203,-0.0153807745821877
"G3BP1",-0.000262460754612519,0.00593404710407747,-0.0442296378861189,0.965072748057924,27,0.995098426854203,-0.0154399479108185
"GPD1 2",-0.000245150875349543,0.00540150251113707,-0.0453856820105294,0.964160486729133,27,0.995098426854203,-0.0158506707654044
"TIMELESS",-0.002182416680713,0.0480112719613111,-0.0454563395544209,0.964104730817705,27,0.995098426854203,-0.0158757860705532
"NCR3",-0.00277231270981122,0.0604134143741549,-0.0458890254512287,0.963763302182563,27,0.995098426854203,-0.0160296146223191
"TCP10L3",-0.00113631325232206,0.0247411932334746,-0.0459279890666161,0.96373255668141,27,0.995098426854203,-0.0160434694915103
"F10",-8.83330487306487e-07,1.92010355351332e-05,-0.0460043150115632,0.963672329391346,27,0.995098426854203,-0.0160706110432745
"SORT1",-0.000971358479379632,0.0210638468575992,-0.0461149611439183,0.963585021112343,27,0.995098426854203,-0.0161099597102406
"TXNDC5",-1.29613579882573e-05,0.000280774415870354,-0.0461628882677195,0.963547203081973,27,0.995098426854203,-0.0161270048944807
"UBE2J1",-0.00124686748760349,0.0265806674255545,-0.046908810363609,0.962958626884973,27,0.995098426854203,-0.0163923717555755
"CCL16",-1.54907206202313e-05,0.000329461669963577,-0.0470182787027815,0.962872251751469,27,0.995098426854203,-0.0164313287006487
"TGIF2",-0.00236009189361988,0.0500594177758439,-0.0471458118867444,0.962771623277148,27,0.995098426854203,-0.0164767186003354
"EMC2",-0.00123333779609722,0.0257187994517037,-0.0479547188201089,0.962133380033242,27,0.995098426854203,-0.0167647177780836
"ABR",-4.725891257769e-05,0.000982228850912911,-0.0481139528061778,0.962007744352064,27,0.995098426854203,-0.0168214317918859
"ELAVL1",-0.000820081698844887,0.0167767888541892,-0.0488819228740614,0.961401829763446,27,0.995098426854203,-0.0170950556467189
"VTI1A",-0.000189057430036264,0.00386278866131472,-0.0489432497122215,0.961353445004676,27,0.995098426854203,-0.0171169130656243
"LGSN",-0.00128404885100053,0.025737640249713,-0.0498899214746329,0.960606572930214,27,0.995098426854203,-0.0174544460360574
"CD59",-0.00113871801341597,0.0225125353862228,-0.0505815090961652,0.960060971393138,27,0.995098426854203,-0.0177011849825704
"GPR68",-0.000626365406914363,0.0123319154418073,-0.0507922236306355,0.959894740172676,27,0.995098426854203,-0.0177763880734667
"GSN",-1.04544925705215e-06,2.05813014869526e-05,-0.0507960712647305,0.959891704818263,27,0.995098426854203,-0.0177777613904582
"ANXA7",-8.63267155734897e-05,0.0016718456167057,-0.0516355784953355,0.959229442023617,27,0.995098426854203,-0.0180774997255543
"KAZALD1",-1.31395249502121e-05,0.000251094468122357,-0.0523290100672758,0.958682436551776,27,0.995098426854203,-0.0183252290055975
"CASS4",-0.0014117069559639,0.0269068391581427,-0.0524664732139927,0.958574002781796,27,0.995098426854203,-0.0183743535640431
"MTHFS",-0.00049708481962082,0.00944392608498062,-0.0526353992129789,0.958440751577917,27,0.995098426854203,-0.0184347289602295
"PTH 2",-0.000970163032661243,0.0183671925466761,-0.0528204313313421,0.958294797054546,27,0.995098426854203,-0.0185008697946045
"PDLIM4",-0.000347405041432077,0.00653939251811732,-0.053124971542784,0.958054577012099,27,0.995098426854203,-0.0186097499819395
"CT83",-0.000785718444351361,0.0146515908244471,-0.0536268350492247,0.957658718010062,27,0.995098426854203,-0.0187892333974274
"SIL1",-0.00371050629118263,0.068810011449939,-0.0539239307332788,0.957424380619764,27,0.995098426854203,-0.0188955174914086
"DPH7",-0.00127978248538964,0.0236601124664146,-0.0540902959445476,0.957293159988278,27,0.995098426854203,-0.0189550441788147
"ZBTB16",-0.000769710493547804,0.0141831137623257,-0.0542695000862483,0.957151814018738,27,0.995098426854203,-0.0190191732350743
"PPARA",-0.00101536869249495,0.0185513680704103,-0.0547328201694451,0.956786380293926,27,0.995098426854203,-0.0191850154264129
"CUEDC1",-0.000379564303512764,0.00683473159520453,-0.0555346319347901,0.956153991368889,27,0.995098426854203,-0.0194721577070962
"RNF114",-0.00120318161338887,0.0214484318687975,-0.0560964839177462,0.955710876142861,27,0.995098426854203,-0.0196734716223496
"HPSE",-0.00129857409948439,0.0229845658095444,-0.0564976563074839,0.955394492804739,27,0.995098426854203,-0.019817266455853
"MCF2L",-0.00175348567403987,0.0309758805157561,-0.0566080978117134,0.955307394767977,27,0.995098426854203,-0.0198568604888339
"ABRAXAS2",-0.00301814680293124,0.0515583688218474,-0.0585384462677632,0.953785146810588,27,0.995098426854203,-0.0205494450688824
"PILRA 2",-1.31171253879624e-06,2.21140278655963e-05,-0.0593158580955272,0.953172140035494,27,0.995098426854203,-0.0208286599949839
"YARS1",-0.000402372947755653,0.0066537108866035,-0.0604734642988149,0.952259395999553,27,0.995098426854203,-0.0212447334366397
"TMEM221",-0.000711098216217256,0.0117275924263737,-0.0606346290324771,0.952132326808719,27,0.995098426854203,-0.021302689421031
"SQSTM1 2",-0.000854910783821067,0.0140813901216835,-0.0607121013219153,0.952071244791076,27,0.995098426854203,-0.0213305515504912
"YWHAH",-5.8620305265245e-06,9.65024144891019e-05,-0.0607449104518157,0.952045376949924,27,0.995098426854203,-0.0213423515217152
"RNASE13",-0.00178192192259533,0.0289358021382285,-0.0615819086017716,0.951385477164116,27,0.995098426854203,-0.0216434823418318
"MSANTD2",-0.00191890523230792,0.030919820022713,-0.0620606856992808,0.95100801919722,27,0.995098426854203,-0.0218158209401694
"BIRC5",-0.00123254841678326,0.0197668994734158,-0.0623541602182421,0.950776655712308,27,0.995098426854203,-0.0219214899852852
"CCK",-2.01935204784762e-06,3.23147608765843e-05,-0.0624900817171408,0.950669502170065,27,0.995098426854203,-0.0219704381944878
"PMVK",-0.00354653402842482,0.0567224148088997,-0.0625243837092135,0.950642460387348,27,0.995098426854203,-0.0219827918715769
"DEFB129",-0.00147235658563469,0.0233791433968937,-0.0629773538165781,0.950285369617312,27,0.995098426854203,-0.0221459569853088
"POMK",-0.000688790301764979,0.0108084569129581,-0.0637269785420712,0.949694439864322,27,0.995098426854203,-0.0224161046341529
"SNTA1 2",-0.00157406025936136,0.0246485965383529,-0.0638600358812372,0.949589553718196,27,0.995098426854203,-0.0224640716308638
"ADAM7",-7.8319527261787e-05,0.00122480161621032,-0.0639446635481402,0.949522844089434,27,0.995098426854203,-0.022494582330185
"STAC",-0.00146828062973199,0.022770701297965,-0.0644811334758148,0.949099968565145,27,0.995098426854203,-0.022688040987211
"HS2ST1",-0.000442628573184856,0.00681192172956781,-0.0649785171875337,0.948707916562557,27,0.995098426854203,-0.0228674754021478
"CHMP1A",-0.000131208134552099,0.00201569526049087,-0.0650932396001899,0.948617490956892,27,0.995098426854203,-0.0229088719295302
"CCL5",-0.000562000790185125,0.0085897228846103,-0.0654271153720254,0.948354329998857,27,0.995098426854203,-0.0230293685562039
"FLI1",-0.00244848361283804,0.0372855040450194,-0.0656685131541118,0.948164063934563,27,0.995098426854203,-0.0231165087625503
"CCL25",-0.000337273905484112,0.0051228444475831,-0.0658372333837375,0.948031083074275,27,0.995098426854203,-0.0231774232248696
"ADGRE5",-0.00036169668808526,0.00543151862336927,-0.0665921840954479,0.947436069590388,27,0.995098426854203,-0.0234500853818846
"GNLY 2",-4.12017125228873e-05,0.000611711790535107,-0.0673547790975965,0.946835062847325,27,0.995098426854203,-0.0237256678118626
"RPP25",-0.00353523709385603,0.0516252763394517,-0.0684788023333917,0.945949270475934,27,0.995098426854203,-0.0241321533900852
"PCDHAC1",-0.00324159906863063,0.0469095438307237,-0.0691031889017757,0.945457249938879,27,0.995098426854203,-0.0243581035565247
"HCLS1",-3.06952263651288e-05,0.000438730207195622,-0.0699637860846958,0.944779130174448,27,0.994926353856032,-0.0246697086949027
"NOSIP",-0.00184020331062257,0.0260582074801406,-0.0706189522830769,0.944262911104318,27,0.99466888808557,-0.024907068260537
"LMOD1",-0.000831484664737861,0.0116229928244061,-0.0715379143134203,0.94353888371047,27,0.994050529566755,-0.0252401976369111
"EVPL",-0.00114997378468588,0.0160671979205766,-0.0715727652307781,0.943511426507009,27,0.994050529566755,-0.0252528358923812
"S100A16",-9.98707138306257e-05,0.00138564243393946,-0.0720753863943728,0.943115445683606,27,0.994050529566755,-0.0254351425176113
"SYK 2",-0.00703102847389683,0.095346780839783,-0.0737416450977144,0.941802821719167,27,0.993936638000003,-0.0260400127091511
"UBA3",-0.00566431351778064,0.0764986935732878,-0.0740445784522329,0.941564198661005,27,0.993837735650067,-0.0261500631420704
"ALDOA",-1.06713134076798e-06,1.41955781469902e-05,-0.0751735033063264,0.940674984601101,27,0.993390704466904,-0.0265604050280654
"SMPDL3A 2",-6.20983784859974e-05,0.000824419312902814,-0.0753237794337283,0.940556623318214,27,0.993390704466904,-0.0266150539632421
"QDPR",-8.71473771801197e-07,1.1405180397812e-05,-0.0764103452470058,0.939700858192775,27,0.993099956124902,-0.0270103765199664
"CDC42",-0.000139421311360928,0.00182157516986258,-0.0765388734253806,0.939599635934016,27,0.993099956124902,-0.0270571601701646
"RIC8A",-0.000425210850601092,0.00555259529611386,-0.0765787578465674,0.939568225202074,27,0.993099956124902,-0.0270716788386013
"SERPING1 2",-2.1399304196232e-05,0.000278752869612985,-0.0767680139972811,0.939419179038769,27,0.993099956124902,-0.0271405775723148
"MTCP1 2",-0.0011507637953737,0.0148282490183596,-0.0776061822234634,0.938759117946789,27,0.993099956124902,-0.0274458317670073
"C1orf210",-0.00772999516405347,0.0993702447526473,-0.0777898372223496,0.938614494788939,27,0.993099956124902,-0.0275127433706514
"FAM204A",-0.00135207927780402,0.0173196771224181,-0.0780660787292584,0.93839696640158,27,0.993099956124902,-0.0276134048537202
"VAMP2",-0.000598608810156045,0.00764809378553033,-0.0782690206138125,0.938237161442769,27,0.993099956124902,-0.027687369630264
"AGO1 2",-0.000969068082972638,0.0122754486336525,-0.0789435980625577,0.937705989847288,27,0.993099956124902,-0.0279333098111992
"PLOD2",-7.66299948043826e-05,0.000965189003533714,-0.0793937710892144,0.937351533738285,27,0.993099956124902,-0.0280975056634483
"PLEKHM2",-0.00238124329315936,0.0298578412976119,-0.0797526944236859,0.937068935017036,27,0.993099956124902,-0.0282284592762654
"PIN1",-0.00177595544941793,0.0222639058636623,-0.0797683686004318,0.937056594126424,27,0.993099956124902,-0.0282341788298506
"CT55",-0.00369514893405437,0.0457284974441271,-0.080806261753281,0.936239456225548,27,0.992931922211681,-0.0286130602178148
"RTN4IP1",-0.00326322890549411,0.0399943126108752,-0.0815923238197318,0.935620633427998,27,0.992824794306002,-0.02890020917465
"RPS6KA3",-0.00288269405592673,0.0347872558894339,-0.0828663825939288,0.934617725871606,27,0.992392067915533,-0.0293659864454282
"S100A4",-2.75261548721584e-05,0.0003298079131904,-0.0834611717041106,0.934149560184304,27,0.992296710694906,-0.0295835863364175
"PSPN",-0.00492651787006911,0.0583208359760385,-0.0844726895220295,0.933353437880534,27,0.991959485032011,-0.0299538685204362
"SERPINB9",-1.29512672943673e-05,0.000153115844277587,-0.0845847623116497,0.933265234529852,27,0.991959485032011,-0.0299949119634077
"PFDN5",-0.000816552282480311,0.00964650248010421,-0.0846474962468977,0.933215862146194,27,0.991959485032011,-0.0300178879837102
"SPINK2",-0.000288547996859014,0.00339764392802986,-0.0849259083562442,0.932996751661584,27,0.991959485032011,-0.0301198682984146
"IL17F",-0.00129756536141123,0.0152551958596484,-0.0850572731644456,0.932893369353848,27,0.991959485032011,-0.0301679937108559
"PCNP",-0.00210575764104961,0.0244869977964296,-0.0859949291683543,0.932155481890418,27,0.991958236558295,-0.0305116420502975
"SNRPD3",-0.00515632376997452,0.0598333745892299,-0.0861780537262671,0.932011379400132,27,0.991958236558295,-0.0305787850918181
"NCF1",-0.000153087927803092,0.00176637276688761,-0.0866679619799822,0.931625877482246,27,0.991825352651232,-0.030758456707065
"SPEF1",-0.00328190991287547,0.0376461526887263,-0.0871778303618866,0.931224687292977,27,0.991696910944905,-0.0309455191493044
"LILRB3 2",-0.000265493458747964,0.00304095374988593,-0.0873059837749665,0.931123852627675,27,0.991696910944905,-0.0309925478744104
"NT5C",-0.000491159862674867,0.00562392363674143,-0.0873340205877068,0.931101792640913,27,0.991696910944905,-0.0310028372080864
"GZMA 2",-0.00011139045521679,0.00126885970869146,-0.0877878416768892,0.930744723955888,27,0.991696910944905,-0.0311694169557572
"PSMA2",-0.00175645161077693,0.0197044637733069,-0.0891397822840704,0.929681098329222,27,0.991270716246141,-0.031665998743933
"BRF1",-0.00386887145135058,0.0433890475053123,-0.0891670058181596,0.929659681850521,27,0.991270716246141,-0.0316760034279816
"NAALAD2",-0.00351521858597156,0.0392603956095248,-0.0895359950249391,0.929369407114415,27,0.991270716246141,-0.0318116276824911
"SFN",-0.000372414988824564,0.00414179344766239,-0.0899163595506562,0.929070194131104,27,0.991215810439204,-0.0319514724733589
"SYT11",-0.00111637117925771,0.0124031570597681,-0.0900070178808639,0.928998879507791,27,0.991215810439204,-0.0319848098210802
"MLX",-0.00337518489428929,0.0371222827871335,-0.0909207257981214,0.928280162711785,27,0.99094796772098,-0.0323209302930628
"CCL2",-0.000409919669767976,0.0044594074357097,-0.0919224528544874,0.927492281977278,27,0.990687335330559,-0.032689695630572
"TDO2",-0.00283787545324232,0.0308086793702633,-0.092112856222635,0.92734253397515,27,0.990687335330559,-0.0327598201835321
"ITGAV|ITGB1",-0.00453373433040547,0.0487368996401202,-0.0930246766594341,0.926625445485042,27,0.990339399473867,-0.0330957780784587
"CCNB1",-0.00188593844627326,0.0201812537121383,-0.0934500142148719,0.92629096627565,27,0.990271052001173,-0.0332525714185209
"SGTB",-0.000960020572064716,0.0102716428396434,-0.0934631963992672,0.92628060021986,27,0.990271052001173,-0.0332574316041247
"EXOSC8",-0.00439388223388639,0.0468725378609138,-0.0937410781324553,0.926062085845377,27,0.990271052001173,-0.0333598960003823
"MMAB",-0.00222937036589752,0.0237746691563456,-0.0937708260517471,0.926038693697407,27,0.990271052001173,-0.0333708663329861
"NAA80",-0.0039893070589883,0.0422132248767675,-0.0945037265130592,0.925462402059215,27,0.990271052001173,-0.0336412202496968
"ARMC5 2",-0.00235161019983304,0.0248099110713324,-0.0947851120091398,0.925241155041004,27,0.990271052001173,-0.0337450579056368
"CAB39L",-4.81307834936987e-05,0.000506720891556172,-0.0949848018815368,0.925084147154841,27,0.990271052001173,-0.0338187613335246
"SVBP",-0.000971303838264391,0.0102212832830647,-0.0950275822874132,0.925050511093848,27,0.990271052001173,-0.0338345525686313
"ASF1B",-0.00546942592356398,0.057470662819878,-0.0951690071977422,0.924939316879736,27,0.990271052001173,-0.0338867593785674
"CDH11",-0.000773651104195428,0.0081153443316133,-0.0953318888986229,0.924811254362243,27,0.990271052001173,-0.0339468938049485
"DIXDC1",-0.00287442470629675,0.0300223657428278,-0.0957427782646823,0.924488209913772,27,0.990271052001173,-0.0340986230683993
"A4GALT",-0.000290626814048163,0.00302274441909724,-0.0961466712872008,0.92417067892143,27,0.990271052001173,-0.0342478144200287
"PDE4C",-0.000360285608908477,0.00373446860605429,-0.0964757364205406,0.923911985292203,27,0.990271052001173,-0.0343693990423905
"CPXM1",-2.73822487769225e-05,0.000282481100055858,-0.0969347994308571,0.923551108467373,27,0.990271052001173,-0.0345390661022554
"ELK3",-0.00309780821757441,0.0317999769659476,-0.0974154233159235,0.923173300181972,27,0.990271052001173,-0.0347167645775536
"POLR2E",-0.00277151071800106,0.028341901751341,-0.0977884526704324,0.922880082355008,27,0.990271052001173,-0.0348547268775841
"MACO1",-0.00571980406055815,0.0584892848521492,-0.0977923405118875,0.92287702639548,27,0.990271052001173,-0.0348561649718526
"TCEA3",-0.00145949724895891,0.0148901788623121,-0.0980174423997672,0.922700091648134,27,0.990271052001173,-0.0349394362520538
"HSPA1L",-0.00333777245043436,0.0337834896499425,-0.0987989247120314,0.922085861921557,27,0.990271052001173,-0.0352286368394875
"NAXE",-1.70999057879408e-06,1.72062385784498e-05,-0.0993820102515482,0.921627600249841,27,0.990271052001173,-0.0354445277829296
"PIANP",-1.88778365180242e-06,1.89253146297516e-05,-0.0997491290757578,0.921339086433552,27,0.990271052001173,-0.0355805041522216
"CSNK1G1",-0.0010915595436906,0.0109317737305978,-0.0998520066908576,0.921258238248371,27,0.990271052001173,-0.0356186154858788
"RPS19",-0.000727285183016075,0.007257397513978,-0.100212945703374,0.920974594804514,27,0.990271052001173,-0.0357523497036805
"CRIP2",-0.000625989201273297,0.00622924121396933,-0.100492047068187,0.920755270677781,27,0.990271052001173,-0.0358557864347928
"PLCD3",-0.000609930700862841,0.00604063607414995,-0.100971270802582,0.920378700820681,27,0.990271052001173,-0.0360334402240357
"STAT5B",-0.00314345202317939,0.0311265420746423,-0.100989439033777,0.920364424754186,27,0.990271052001173,-0.0360401766521839
"AKT1S1",-0.0013040698120127,0.0129043600863317,-0.101056526886131,0.92031170931128,27,0.990271052001173,-0.036065052322105
"TGM1",-0.006090329195552,0.0600929843783599,-0.101348422924144,0.920082351267775,27,0.990271052001173,-0.0361732997190334
"KRTDAP",-0.00119516751596169,0.01172781999181,-0.101908753442355,0.919642089941946,27,0.990271052001173,-0.0363811602700701
"WFDC6",-0.00713760646301914,0.0695728313522349,-0.102591864155746,0.91910539347018,27,0.990253213479792,-0.0366346853732904
"IRF9",-0.0023239469295425,0.0224892482423064,-0.103335909875846,0.918520866965243,27,0.989957811833368,-0.0369109729401887
"RASSF5",-0.00312326983885919,0.0300785073011848,-0.103837261855616,0.918127028353669,27,0.989957811833368,-0.0370972274082605
"COX7A2L",-0.00113574615064691,0.0108758365779064,-0.104428394313511,0.917662689795229,27,0.989957811833368,-0.0373169254226593
"NMRAL1",-0.00111828827844636,0.0106859758943816,-0.104650084325413,0.917488558459679,27,0.989957811833368,-0.0373993429110871
"SMC3",-8.43104533864288e-05,0.000801843155792113,-0.105145816581974,0.917099189774599,27,0.989957811833368,-0.0375836902382265
"MAGEA4",-0.015164012684139,0.143825978838725,-0.105433057411295,0.916873588555481,27,0.989957811833368,-0.0376905373694661
"GORAB",-0.0039721417940525,0.0375828999949031,-0.105690135529488,0.91667168339041,27,0.989957811833368,-0.0377861840936068
"CTRC",-0.00295390594997727,0.0278713342534941,-0.105983657729158,0.916441162582665,27,0.989957811833368,-0.037895412410363
"FGF7 2",-0.000994703749721279,0.00938313711233872,-0.106009721249118,0.91642069367777,27,0.989957811833368,-0.0379051125767084
"ZC4H2",-0.0109989762742035,0.103532038761839,-0.106237416028338,0.916241876788058,27,0.989957811833368,-0.0379898626992581
"TEK",-0.00225731832218388,0.0211903064690135,-0.106525987506823,0.916015257701166,27,0.989957811833368,-0.0380972924017604
"GBA3",-0.00245079027758826,0.0229871435632443,-0.106615694587952,0.915944810991058,27,0.989957811833368,-0.0381306933672141
"HMGA1",-0.00468364186085436,0.0438040403437655,-0.106922599470233,0.915703804779448,27,0.989957811833368,-0.0382449813016019
"HNRNPR 2",-0.0023669659120305,0.02203945307463,-0.107396762706202,0.915331470128277,27,0.989957811833368,-0.038421605847147
"EPHB6",-1.51326479456047e-06,1.40575951894169e-05,-0.107647486939993,0.915134597957852,27,0.989957811833368,-0.0385150252216725
"MTPAP",-0.0039046334048734,0.0361176914152752,-0.108108609710919,0.914772532347409,27,0.989957811833368,-0.0386868843244109
"RDX",-6.46775843925159e-06,5.95983134855484e-05,-0.108522507785726,0.914447562726209,27,0.989957811833368,-0.0388411932729495
"NPIPB3",-0.00205698967337247,0.0188598497088926,-0.109067129649638,0.914019979223858,27,0.989957811833368,-0.0390443110803464
"EFHD2",-7.9532090509447e-05,0.000727350955956503,-0.109344862831531,0.913801940611943,27,0.989957811833368,-0.039147923982039
"PSIP1",-0.000111518689895616,0.000999790723996517,-0.111542032966496,0.912077263162902,27,0.989314727425927,-0.039968370504893
"YME1L1",-0.00244697567099809,0.0219233976817228,-0.111614801068818,0.912020151019793,27,0.989314727425927,-0.03999556586016
"EIF1AY",-5.88286616903226e-05,0.000522305247448725,-0.112632721914397,0.911221285162534,27,0.989036475711626,-0.0403761441521026
"MRPL50",-0.00143534402275581,0.0126829720288851,-0.113170952319918,0.910798919529279,27,0.988871257581766,-0.0405774932553472
"DNAJC27",-0.00528520399740297,0.0466856276508513,-0.113208374040283,0.910769554569428,27,0.988871257581766,-0.0405914955179106
"RGS4 2",-0.00372619750548599,0.032797925372008,-0.113610768462391,0.910453802385159,27,0.988802360550776,-0.0407420859791266
"RABEPK",-0.00346373792434021,0.0303531895737591,-0.114114462861414,0.910058582952231,27,0.988705272984045,-0.0409306500591522
"ALK",-0.00105162494706613,0.00909815055296258,-0.115586672362076,0.908903562305425,27,0.988425873386515,-0.041482194424294
"HLA-C",-1.51351468534757e-05,0.000130328371737076,-0.116130867375596,0.908476666170239,27,0.988359526581161,-0.0416862228783975
"COL2A1 2",-0.0029309201725408,0.0251438598116793,-0.116566040158217,0.908135313168003,27,0.988359526581161,-0.0418494362984156
"CDH6",-0.00131011306685134,0.0112384432186977,-0.116574247994746,0.908128875048277,27,0.988359526581161,-0.0418525151895694
"SCGB2A1 2",-0.00196761220539208,0.0167496733839832,-0.117471676031223,0.907424982942974,27,0.988359526581161,-0.042189268044528
"UBE2E1",-0.000337827860033538,0.00285719691331186,-0.118237513998275,0.906824363661457,27,0.988359526581161,-0.0424768201935257
"UNC13D",-0.00274035477708847,0.0230669063399669,-0.11880027328764,0.906383047722068,27,0.988359526581161,-0.0426882257722079
"P4HB 2",-0.00824248571604483,0.0693679334518403,-0.118822708215278,0.906365454882335,27,0.988359526581161,-0.0426966554834518
"INHA|INHBA",-0.000172481017638401,0.00144625285790576,-0.119260623545568,0.906022063761049,27,0.988359526581161,-0.0428612261057493
"F11",-1.14719916811414e-05,9.54746724385045e-05,-0.120157434303119,0.905318888232331,27,0.988197343186058,-0.0431984185784715
"ERH",-0.000398725961139039,0.00331444345621947,-0.120299521293941,0.905207487219362,27,0.988197343186058,-0.0432518625336965
"PITPNM3",-0.00603693281528174,0.0497395701290529,-0.121370828087546,0.904367610289883,27,0.987600727167696,-0.0436550002013667
"ZNF526",-0.00779456602923616,0.0641287812559975,-0.121545519446577,0.904230667501106,27,0.987598495714694,-0.0437207677057885
"PAPPA2",-0.00130844029385277,0.0107554190323173,-0.121654050848344,0.904145589870096,27,0.987598495714694,-0.0437616317080198
"TRMT61B",-0.00372673680578467,0.0304231775511332,-0.122496632691343,0.90348513080551,27,0.987598495714694,-0.0440789904879473
"IFNAR1",-0.00027249203849978,0.002223975316755,-0.12252475845702,0.903463085600414,27,0.987598495714694,-0.0440895874833001
"GRAP2",-0.00460278534940894,0.0375053774791596,-0.122723344191551,0.903307434726032,27,0.987598495714694,-0.0441644152660808
"MFAP3",-0.00341314885022288,0.027788556156996,-0.122825699577183,0.90322721043596,27,0.987598495714694,-0.0442029874203535
"CA12",-0.00181218442229756,0.0147369662854797,-0.122968621030442,0.903115192953694,27,0.987598495714694,-0.0442568515984801
"PAWR",-0.00584677885181134,0.0472863791474002,-0.123646152596837,0.902584192228585,27,0.987598495714694,-0.0445122769404185
"CCDC140",-0.00416782301184654,0.03370656945395,-0.123650169072846,0.902581044539905,27,0.987598495714694,-0.0445137915096077
"S100A13",-2.17392181320858e-05,0.000175537217668477,-0.123843925640561,0.90242920058544,27,0.987598495714694,-0.0445868603377414
"GUCA1B",-0.00888578792170381,0.0710238176368767,-0.125109973208342,0.901437112631984,27,0.987598495714694,-0.0450645657686073
"KCTD6",-0.00552259671211362,0.0441115786786252,-0.125196079522533,0.9013696447476,27,0.987598495714694,-0.0450970716706264
"HNRNPK",-0.000909181611350905,0.0072474494508621,-0.125448492951235,0.901171872668386,27,0.987598495714694,-0.0451923719144121
"DDR1 2",-0.000969075087118451,0.00772122330991138,-0.125507973053246,0.901125269504505,27,0.987598495714694,-0.0452148315815152
"SPATA31D4",-0.00668775310743244,0.0532086764208852,-0.125689146156009,0.900983321072248,27,0.987598495714694,-0.045283248569586
"BRF1 2",-0.00146737506410609,0.0116671380797323,-0.12576992353036,0.900920033391325,27,0.987598495714694,-0.0453137557447243
"CRPPA",-0.00324035937578145,0.0254911420487331,-0.127117073436201,0.899864663481827,27,0.987598495714694,-0.0458228020303049
"PMEPA1",-0.00200179682490308,0.015677932097468,-0.127682452791486,0.89942179581666,27,0.987598495714694,-0.046036592320434
"LAMA4",-0.00454604977739486,0.0355842328407197,-0.127754609681868,0.89936527694443,27,0.987598495714694,-0.0460638838600637
"G3BP2",-0.00115752058645306,0.00905259695669623,-0.12786613520851,0.89927792256865,27,0.987598495714694,-0.0461060684616696
"HNRNPAB",-0.000206613854695766,0.0016109245402992,-0.128257934823807,0.898971048739899,27,0.987598495714694,-0.0462542944458211
"PDZK1",-0.0014748213631333,0.0114921278907696,-0.128333183997879,0.898912112275884,27,0.987598495714694,-0.0462827676877633
"ACBD4",-0.00554190307471711,0.0430734999164748,-0.128661545624655,0.898654940656343,27,0.987598495714694,-0.0464070336681046
"ENPEP",-0.00232348040093284,0.0180567166154857,-0.128676793816445,0.898642998602696,27,0.987598495714694,-0.0464128049627666
"CRISP3",-0.00852269839232674,0.0661027268072199,-0.128931116823397,0.898443821922932,27,0.987598495714694,-0.0465090733592752
"SLAMF7 2",-0.00172529857896193,0.0133631761583688,-0.129108421419817,0.898304967321482,27,0.987598495714694,-0.0465761988112894
"RIPPLY3",-0.00229606124697015,0.0177571369003568,-0.12930357297206,0.898152139846065,27,0.987598495714694,-0.0466500910619332
"MAPK3",-0.000389064379186937,0.00300168285190121,-0.129615418544471,0.897907935037139,27,0.987598495714694,-0.0467681904541611
"RARRES1",-7.28722688223347e-05,0.000560904529858969,-0.129919201830403,0.897670053630919,27,0.987598495714694,-0.0468832626853037
"MAMDC2",-0.00267380033675052,0.020493850907558,-0.130468419469395,0.89724000648209,27,0.987598495714694,-0.0470913701681451
"CBL",-0.000313637827335009,0.00238837361350504,-0.131318578283375,0.896574380259595,27,0.987598495714694,-0.0474136753194965
"C16orf72",-0.00761860218404297,0.05788772811309,-0.131609970409604,0.896346254467068,27,0.987598495714694,-0.0475241919497254
"CYTH4",-8.91518967782979e-05,0.000676753835508542,-0.131734601417228,0.896248685808711,27,0.987598495714694,-0.0475714681402588
"CARTPT",-0.0028480210825068,0.0215895981724944,-0.131916354336563,0.896106401662479,27,0.987598495714694,-0.0476404201243079
"HAO1",-0.00552106152083604,0.0418105924664535,-0.132049349103719,0.896002289779456,27,0.987598495714694,-0.0476908804748035
"SNRPA",-0.00144798184451215,0.0109600261498336,-0.132114816581358,0.895951040773829,27,0.987598495714694,-0.0477157217025001
"TTC32",-0.00681259051704557,0.0512222986965736,-0.133000483976743,0.895257771303863,27,0.987598495714694,-0.0480519003973371
"FLT4 2",-0.000178972943563683,0.00134291597665782,-0.133271884968636,0.895045345058555,27,0.987598495714694,-0.0481549617680495
"GUK1",-0.000295424104077302,0.00220235046429096,-0.134140369059024,0.894365634094184,27,0.987598495714694,-0.0484848968570283
"CCDC43",-0.000437988106427051,0.00326335005587986,-0.134214258025396,0.894307809375496,27,0.987598495714694,-0.048512976835902
"ME2",-0.000269029757483267,0.00200431592312734,-0.134225225863345,0.894299226113036,27,0.987598495714694,-0.0485171450667648
"OMG",-2.00921385169661e-06,1.48555031592518e-05,-0.135250474531743,0.893496940295095,27,0.987513753004285,-0.048906930360611
"MYL6B 2",-0.0103364201305078,0.0761183224525447,-0.135794113657088,0.893071574290725,27,0.987341738958381,-0.0491137336379212
"ILF3",-0.00430763335565203,0.031536720165097,-0.136591038418112,0.89244808602019,27,0.987063058342505,-0.0494170375246821
"PIN1 2",-0.000743827676389684,0.00542124208164189,-0.137206135639751,0.891966901965431,27,0.987014765611989,-0.0496512606019753
"YEATS4",-0.00349726800169678,0.0254241392287836,-0.137556987484453,0.891692453164667,27,0.986884823786182,-0.0497849089921062
"NMU",-0.00188273334953219,0.0136769286640091,-0.137657612742151,0.891613743045002,27,0.986884823786182,-0.0498232460659472
"TPD52L2",-0.000342708116952229,0.0024798196145348,-0.138198808874459,0.891190433274571,27,0.986884823786182,-0.0500294841972359
"CILP",-0.00122577167001637,0.00886880090887665,-0.138211657089914,0.891180384128419,27,0.986884823786182,-0.0500343813697874
"GCDH",-0.00655270530660449,0.0468100708915207,-0.139984947294567,0.889793595652234,27,0.985951099405177,-0.0507107244397438
"TAF15",-0.000828013832330784,0.00591182747641404,-0.140060554140703,0.88973447579699,27,0.985951099405177,-0.0507395808846907
"FBLN1",-1.51819931271639e-06,1.08014304938954e-05,-0.140555393433715,0.889347558299336,27,0.985951099405177,-0.0509284829517252
"BTN3A3 2",-0.00115059015521786,0.0081739987639797,-0.140762213017227,0.889185853238382,27,0.985951099405177,-0.0510074554527828
"DIAPH1",-0.00257418211973123,0.0182687152592463,-0.140906576253542,0.889072983528313,27,0.985951099405177,-0.0510625865634053
"ZC3H12A",-0.00356464669951189,0.0252587018463035,-0.141125490977422,0.888901830645052,27,0.985951099405177,-0.0511461993934628
"POLR3F",-0.00338655231704234,0.0235906517123461,-0.143554843602307,0.887002874073759,27,0.984647163168156,-0.0520749729615635
"MBLAC2",-0.00196413360743652,0.0136696723975767,-0.143685492256912,0.886900769092357,27,0.984647163168156,-0.0521249684956701
"RAP1GDS1",-0.00408559540305393,0.028222459816874,-0.144763972721158,0.886057987612892,27,0.9841951945553,-0.0525378550020996
"RPS6KB1 2",-0.00462733301526756,0.0319124050792706,-0.145001074151987,0.885872722355388,27,0.984138725396631,-0.0526286708323836
"SMARCC1",-0.0042214876028235,0.0290937495724475,-0.145099468609621,0.885795841275959,27,0.984138725396631,-0.0526663630161988
"NUDCD2",-0.00201768178344695,0.0138806059066729,-0.145359777304605,0.885592453071403,27,0.984126039607732,-0.0527660931268615
"WNT10A",-0.00193855222038501,0.0132345293999595,-0.146476853222371,0.884719733909918,27,0.983454778614411,-0.0531942855661102
"DKK4 2",-0.000175780863938865,0.00119841976970309,-0.146677206420263,0.884563222988301,27,0.983446109249692,-0.0532711210203016
"CCDC97",-0.00457799939555483,0.0311627991247612,-0.146905911026371,0.884384570495512,27,0.983446109249692,-0.053358842989651
"XRCC6",-0.00320723544018891,0.0217645556316057,-0.147360483461076,0.88402949998459,27,0.983446109249692,-0.0535332423774712
"APLP2",-1.85795269627292e-06,1.26036579425547e-05,-0.147413767077871,0.883987881301522,27,0.983446109249692,-0.0535536887425297
"CD72",-0.00969397153281668,0.0657396438919414,-0.147460055438557,0.883951726737737,27,0.983446109249692,-0.0535714514845129
"FCRL4 2",-0.00330014446534223,0.0220992622747926,-0.149332788773973,0.882489202222337,27,0.983044942736804,-0.0542905997576411
"CD247 2",-0.0007909832931153,0.00528871852396244,-0.149560482285352,0.882311412212595,27,0.983016565029434,-0.054378103376801
"MYORG",-0.00451460259776632,0.0301406410742333,-0.149784557888046,0.882136453317546,27,0.982989715677705,-0.0544642308101053
"UBTD2",-0.00139073084911194,0.00928161384061898,-0.149837180580139,0.882095366247882,27,0.982989715677705,-0.0544844593168561
"CDC37",-0.00824208543517198,0.0549314850992018,-0.150043011221842,0.881934659766075,27,0.982989715677705,-0.0545635894194266
"SPARC 2",-3.98460683277181e-06,2.64483826364514e-05,-0.150655973468872,0.881456107532217,27,0.982961182519933,-0.0547993086977889
"FATE1",-0.00255816020700301,0.0169723913633795,-0.150724794887928,0.881402380098541,27,0.982961182519933,-0.0548257810756268
"CREBL2",-0.00558645748427679,0.0370633577944016,-0.150727236190149,0.881400474235901,27,0.982961182519933,-0.0548267201546912
"AFP",-0.00514119865936406,0.0340944877715402,-0.15079266460356,0.881349396206826,27,0.982961182519933,-0.0548518886786573
"DKK2 2",-0.00102324994511299,0.00678444193198245,-0.15082300878563,0.881325707578212,27,0.982961182519933,-0.0548635616644153
"YWHAG",-3.32973395654511e-05,0.000220549299000667,-0.150974588068631,0.88120737668586,27,0.982961182519933,-0.0549218759781985
"G6PD",-6.82832303120919e-05,0.000451147387028202,-0.151354595583247,0.880910734878185,27,0.982961182519933,-0.0550680976196952
"ARHGAP36",-0.00245373658167496,0.0162046459798434,-0.151421795004168,0.880858279449178,27,0.982961182519933,-0.0550939592430808
"TNFRSF25",-0.000316383836663305,0.0020767887539103,-0.152342811018983,0.880139396356791,27,0.982961182519933,-0.0554485389018612
"IL18",-0.00440091742597664,0.0288208840611163,-0.152698904608348,0.879861481733087,27,0.982961182519933,-0.0555856942749301
"POGLUT2",-0.00318382112830661,0.0207828509927177,-0.153194628081692,0.879474618575319,27,0.982961182519933,-0.0557766896593238
"SH3GL3",-0.00228705476271535,0.0149098699721903,-0.153391999191216,0.879320598429477,27,0.982961182519933,-0.0558527532043748
"PSMD11",-0.0023978683375811,0.0155007391076804,-0.154693806593583,0.878304844112514,27,0.982890517234441,-0.0563547219779938
"MEP1A 2",-0.000444920003097522,0.00287304935671206,-0.154859853715389,0.878175298655909,27,0.982890517234441,-0.0564187829095026
"DPYSL4",-0.00320935338492871,0.0207172345268632,-0.154912248580634,0.878134422322634,27,0.982890517234441,-0.056438998439569
"PPM1F",-0.000269955105497973,0.00173983028862613,-0.15516174609832,0.877939779283519,27,0.982890517234441,-0.0565352727292284
"VSIG10L",-0.000471034788795012,0.00302592105235454,-0.155666582387696,0.877545960167933,27,0.982890517234441,-0.0567301287372181
"SNTA1",-0.00271298696615292,0.0173786294297588,-0.156110525120425,0.877199670239813,27,0.982890517234441,-0.0569015402560932
"FABP4 2",-0.000742745592475369,0.00474003803792037,-0.156696124911529,0.876742921297503,27,0.982644661178662,-0.0571277318665841
"RNF148",-0.0031537823727109,0.0200713241763957,-0.157128764649211,0.876405504221054,27,0.982416888133875,-0.0572949035379361
"PHOSPHO1",-0.0107612378602751,0.068457311480043,-0.15719632611357,0.876352814974631,27,0.982416888133875,-0.0573210139819527
"MICALL2",-0.00388435825904314,0.0247003006761575,-0.157259553637442,0.876303506170607,27,0.982416888133875,-0.0573454506513036
"SARG",-0.00479247927737764,0.0304177140160017,-0.157555537370642,0.876072686196766,27,0.982416888133875,-0.0574598596942571
"PNMT",-0.00317259307110867,0.0200712577544704,-0.158066480432799,0.875674258652678,27,0.982198750972308,-0.057657416638573
"MAT1A",-0.0069733390396904,0.0441154588565285,-0.158070191729592,0.875671364748141,27,0.982198750972308,-0.0576588518855681
"CHIA",-0.00154579673010284,0.00975266408499017,-0.158499945925739,0.875336273435879,27,0.982198750972308,-0.0578250742439999
"CKB|CKM",-0.000228381319147635,0.00143680552320721,-0.158950752526233,0.874984792463237,27,0.982177808283251,-0.0579994950996224
"QTRT1",-0.00654232001415946,0.0409967863411207,-0.159581289121615,0.874493225079281,27,0.981776552799481,-0.0582435507617265
"PRKAR2A",-0.00469230868466599,0.0293255403507447,-0.16000757798643,0.874160918669395,27,0.981776552799481,-0.0584086135242723
"YWHAZ",-2.8536212555191e-06,1.76954819038289e-05,-0.161262703724482,0.873182643194958,27,0.981776552799481,-0.0588949056238823
"ABCF3",-0.00866396378890177,0.0535003703546566,-0.161942127343566,0.872653169640153,27,0.981776552799481,-0.0591583295364003
"GOSR2",-0.0117600873692638,0.0726026003486416,-0.161978872833634,0.872624535671366,27,0.981776552799481,-0.0591725800761312
"CHEK2 2",-0.0068539604580005,0.0419752781927519,-0.163285647006957,0.871606345678936,27,0.981380947733775,-0.0596796165587401
"FAIM",-0.00329192767740506,0.0201527202203379,-0.163349048734516,0.8715569511295,27,0.981380947733775,-0.0597042290322828
"LRRC20",-0.00210063839545919,0.0128556206455113,-0.163402332208102,0.871515439845598,27,0.981380947733775,-0.05972491448589
"SHISAL1",-0.0176266406649856,0.107717841717887,-0.163637150391017,0.871332505717035,27,0.981380947733775,-0.0598160839801432
"PALM",-0.00128142308678021,0.00778460365407855,-0.164609933109291,0.87057474128877,27,0.981289866200937,-0.0601939375439345
"TYW5",-0.00283805917134233,0.0172062702858512,-0.164943309862805,0.870315081176911,27,0.981171765848059,-0.0603234907794487
"TDP1",-0.00103646194686789,0.00627205339461442,-0.165250816862921,0.870075583619857,27,0.981171765848059,-0.0604430185041353
"MTUS2",-0.00419884770445554,0.0253652252410731,-0.165535597044748,0.869853797805002,27,0.981171765848059,-0.0605537360506127
"C16orf71",-0.00508865045619917,0.0307202098856802,-0.165645041981669,0.869768565357063,27,0.981171765848059,-0.0605962923923018
"WNT16 2",-0.00207728430160052,0.0124997769485902,-0.166185709564586,0.869347533164215,27,0.981115043979531,-0.0608065738816005
"TFB1M",-0.00585099852969407,0.0351983006762706,-0.166229574078234,0.869313376425346,27,0.981115043979531,-0.0608236376841286
"OLR1",-5.30151619309659e-05,0.000318036826141478,-0.166695041496176,0.868950938820114,27,0.981115043979531,-0.0610047432304914
"FAHD2A",-0.00255570421470587,0.0152889270386083,-0.167160469027819,0.868588561481876,27,0.981115043979531,-0.0611858941978425
"ALOX15B",-0.00541544718867228,0.0323470604615591,-0.167416980442719,0.868388856708603,27,0.981115043979531,-0.0612857581114618
"RNF150",-0.00729387571669484,0.0434556670540579,-0.16784636414904,0.868054583633057,27,0.981115043979531,-0.0614529653473313
"NRGN",-3.04072534163436e-06,1.81006015892165e-05,-0.167990291739579,0.867942542318166,27,0.981115043979531,-0.0615090241093446
"TCEA1",-0.000823631697275864,0.00485534103771714,-0.169634159758861,0.866663063382845,27,0.981115043979531,-0.0621497123906142
"CRYBB1",-0.00175849592538825,0.0103480443126571,-0.169935098097461,0.866428872766657,27,0.981115043979531,-0.0622670837669633
"ADAM17 2",-0.00267356446700767,0.0157262696843712,-0.170006271078047,0.8663734876766,27,0.981115043979531,-0.0622948462395326
"SLC3A2",-0.0062746001424294,0.0367796588810062,-0.170599737282222,0.865911693777371,27,0.981115043979531,-0.0625263953506254
"TIAL1",-0.00352350778023074,0.0204110154214745,-0.172627755526736,0.86433399933464,27,0.981097064622702,-0.0633184033102248
"RNASE2",-0.00161640614668066,0.00936341334675234,-0.172630010747235,0.864332245206569,27,0.981097064622702,-0.0633192846927868
"ZNF180",-0.00617557563953906,0.0357314619085148,-0.1728329967397,0.864174364026967,27,0.981097064622702,-0.0633986213003789
"CRYAA",-0.00674182765780964,0.0388763173122154,-0.173417343100327,0.863719895387351,27,0.981097064622702,-0.0636270765149952
"IK",-0.00633158099918655,0.0363643146029745,-0.174115229953176,0.863177184634276,27,0.981097064622702,-0.0639000473779569
"FANK1",-0.00399995336978195,0.0229537056937121,-0.174261769457021,0.863063237082747,27,0.981097064622702,-0.0639573821411854
"HPX",-3.21480653872931e-06,1.84406900452272e-05,-0.174332225683786,0.863008452149866,27,0.981097064622702,-0.063984950861764
"KLF4",-0.00556462379796059,0.031903154046048,-0.174422371842257,0.862938357856557,27,0.981097064622702,-0.0640202260679722
"TGM2",-0.000639935761787529,0.00366463720442861,-0.174624587943981,0.862781126317139,27,0.981097064622702,-0.0640993638313984
"NEFH",-0.000663378573851758,0.00379731544574078,-0.174696725444769,0.862725037766065,27,0.981097064622702,-0.064127597805574
"PPIA",-3.83075471593744e-06,2.17849689715962e-05,-0.175843937208819,0.861833153349422,27,0.981097064622702,-0.0645768033089568
"CTAG1A",-0.00637832996537607,0.0362298938132831,-0.176051577690177,0.861671745976436,27,0.981097064622702,-0.0646581472397554
"CFLAR",-0.00175249450834475,0.00993836826496532,-0.176336241686941,0.861450475060776,27,0.981097064622702,-0.0647696851643809
"HBE1",-0.000145660146439638,0.000825635338855032,-0.176421889404147,0.861383902868403,27,0.981097064622702,-0.0648032483857566
"NKD2",-0.00144169178471218,0.00814568846324987,-0.176988328391949,0.860943647932177,27,0.981097064622702,-0.0650252738576354
"MPIG6B 2",-0.0102772600388463,0.05806047088057,-0.177009588158293,0.860927125037058,27,0.981097064622702,-0.0650336087481368
"MAD1L1",-0.0048157213576418,0.0270285888626012,-0.178171394079149,0.860024278553937,27,0.981097064622702,-0.0654892884155341
"HMGN3",-0.0109350795616514,0.0612319437025826,-0.178584557347478,0.859703253575463,27,0.981097064622702,-0.0656514296567704
"EIF1AX",-0.00417743378843068,0.0233078462056268,-0.179228649081364,0.859202847880543,27,0.981097064622702,-0.0659042921464341
"PPIE",-0.00386056611908262,0.0214693494854705,-0.179817563717769,0.858745362702207,27,0.981097064622702,-0.066135595153098
"HSPA12A",-0.000237568327265397,0.00132041066181143,-0.179920031045102,0.858665768382723,27,0.981097064622702,-0.0661758503641443
"CTNNA2",-0.00256440060070201,0.0142523519552703,-0.179928239826672,0.858659392051414,27,0.981097064622702,-0.0661790753859
"NPM1",-0.00150373966931756,0.00832386359011647,-0.180654050013874,0.858095643540257,27,0.981097064622702,-0.0664643028893017
"EBP",-0.00149042248080233,0.00824166885001112,-0.180839889096044,0.857951311652395,27,0.981097064622702,-0.0665373574667648
"RAET1G",-0.00391966720079622,0.0213802848940682,-0.183330915383813,0.856017144903229,27,0.980428898284815,-0.0675175368855824
"EEF1A1 2",-0.000788939528556011,0.00430049283114702,-0.183453283038164,0.855922155612998,27,0.980428898284815,-0.0675657317305949
"PSMB4",-0.000217235624466893,0.00117474689659592,-0.184921215877547,0.854782829012114,27,0.980242025563548,-0.0681442105839958
"ADAM30",-0.00715831691394429,0.03869333505431,-0.185001290374605,0.854720688922996,27,0.980242025563548,-0.0681757836080204
"IDUA",-6.99253576493261e-06,3.7466077277008e-05,-0.18663645284327,0.853451965958893,27,0.979991168840965,-0.0688209168527428
"CFHR5",-0.00075033910064704,0.00401877364208281,-0.186708475637897,0.8533960926744,27,0.979991168840965,-0.0688493499156943
"ITSN1",-0.00208148165029415,0.0111245354522961,-0.187107287240883,0.853086719836057,27,0.979991168840965,-0.0690068187363936
"MAPKAPK5",-0.00741149065518189,0.0395092683886002,-0.187588658496151,0.852713334374212,27,0.979864121951595,-0.0691969456482691
"FTMT",-9.67012204114941e-06,5.1471021326615e-05,-0.187875075953644,0.852491185423245,27,0.979762632415004,-0.0693101028244219
"HEPHL1",-0.00529962665584393,0.028000502365581,-0.189268984772159,0.851410229922457,27,0.979135138746828,-0.0698611359627552
"IL18R1",-0.00159996071311821,0.00845185423280756,-0.189302923245841,0.851383914826507,27,0.979135138746828,-0.0698745591953853
"LRFN5",-0.00128857344917771,0.00680079772468829,-0.189473867822877,0.85125137108358,27,0.979135138746828,-0.0699421755742498
"PODXL2",-0.00785025932188393,0.0412380576435736,-0.190364429618263,0.850560936479367,27,0.978927309537093,-0.0702945669088801
"OVCA2",-0.00167282117589927,0.00878294662817823,-0.190462409339068,0.850484982189275,27,0.978927309537093,-0.0703333507285571
"CDY1",-0.00343509829169277,0.0180231040525066,-0.190594155240147,0.850382854535174,27,0.978927309537093,-0.0703855046651783
"KRAS 2",-0.0047284590023193,0.024769931914651,-0.190895115037538,0.850149564533262,27,0.978927309537093,-0.0705046633004543
"DUS2",-0.00235602455896004,0.0123216151903806,-0.191210691338533,0.849904959448344,27,0.978927309537093,-0.0706296365149715
"TGFB2",-0.00157108685764849,0.00821428453027735,-0.191262775456287,0.84986459020903,27,0.978927309537093,-0.070650265355957
"ACE2",-0.00978142730509626,0.0509368854467834,-0.192030337530461,0.849269718429738,27,0.978672061801371,-0.0709543608479127
"SERPINA12",-0.00239423508011016,0.01243321050774,-0.192567726462903,0.848853288351371,27,0.97838181120324,-0.0711673646032786
"ATP1B3",-0.000159593964906155,0.000824826642329402,-0.193487887897806,0.848140346570594,27,0.978294545020217,-0.071532276637307
"CDH13",-3.94885921837883e-06,2.0408011070314e-05,-0.193495544704155,0.848134414623295,27,0.978294545020217,-0.0715353141310406
"TNFRSF10B 2",-0.0014276702003947,0.00736610114865086,-0.193816263391412,0.847885952866988,27,0.978294545020217,-0.0716625597379545
"CFAP36",-0.000320169277159817,0.00164728786117717,-0.194361462076835,0.847463622581197,27,0.978294545020217,-0.0718789348373561
"SERPINB5",-0.00732020728526625,0.0375728752376329,-0.19482691273875,0.847103104715967,27,0.978294545020217,-0.0720637265240296
"BIRC7 2",-0.00494839592896467,0.0252607852531253,-0.195892403160842,0.846277950042627,27,0.978294545020217,-0.0724869746154201
"HMGB1",-0.00164018674541764,0.00835818030062692,-0.196237301233453,0.846010886652399,27,0.978294545020217,-0.0726240483290115
"MAPT",-0.0106466530819426,0.0541845704305889,-0.196488649763887,0.845816272884178,27,0.978294545020217,-0.0727239636017235
"PRKRA",-0.00238058533007878,0.0121112439457545,-0.196559935605399,0.845761079604411,27,0.978294545020217,-0.0727523041760569
"CALCR",-0.0057237452241366,0.0290826716733397,-0.196809470891342,0.845567882477185,27,0.978294545020217,-0.0728515213579532
"PLK1",-0.0044613501375711,0.0226392732204254,-0.197062427496392,0.845372046525676,27,0.978294545020217,-0.0729521168575569
"CSN2",-0.00152770944418358,0.00774746185506703,-0.197188378950769,0.845274540208742,27,0.978294545020217,-0.0730022118398842
"TCF21",-0.00940173266429635,0.0474300107339683,-0.198223287720301,0.844473452737349,27,0.978294545020217,-0.0734139985629524
"DKK2",-0.000154016142568938,0.000776575280367148,-0.198327382370609,0.844392886059887,27,0.978294545020217,-0.0734554342439999
"CLUH",-0.00511717581326212,0.0256592569286522,-0.199428059335111,0.84354109523822,27,0.978294545020217,-0.0738937548052142
"GLTPD2",-0.00256300663945746,0.0127831037623274,-0.200499556845561,0.842712072245328,27,0.978294545020217,-0.0743207845622337
"EMC1",-0.00474566497073336,0.0236679168268227,-0.200510463403147,0.842703634736127,27,0.978294545020217,-0.074325132882558
"CASP10",-0.00811494299515727,0.0404293855360024,-0.200718929748039,0.84254236510462,27,0.978294545020217,-0.0744082525117191
"DMKN 2",-0.00444683370951143,0.0221448628040836,-0.200806559464953,0.842474576818634,27,0.978294545020217,-0.0744431958738004
"NHP2",-0.00233302799623664,0.0114864581262664,-0.203111174096535,0.840692227373098,27,0.977869049348339,-0.0753629678374798
"DIABLO",-0.000230470751859457,0.00113318179164386,-0.203383740860435,0.840481485998711,27,0.977869049348339,-0.075471848693463
"NECTIN1 3",-0.00638547506445938,0.0312665765882342,-0.204226869751461,0.839829678017352,27,0.977546574420131,-0.0758087822684166
"APOD 2",-7.79078667757229e-06,3.80470151993681e-05,-0.204767355251081,0.83941189952995,27,0.977546574420131,-0.076024878508417
"EIF4G2",-0.00164197062407365,0.0080048446678674,-0.20512210944764,0.839137711651845,27,0.977458581862077,-0.0761667608605759
"CCN1",-0.0095261905472062,0.0461822936429308,-0.206273655892022,0.838247829658182,27,0.977199420529865,-0.0766275623473326
"CD209",-0.00440694972830765,0.021335910098843,-0.206550820091177,0.838033677850711,27,0.977199420529865,-0.0767385281348373
"RCSD1",-0.00217490014494713,0.0105280483602079,-0.206581511647253,0.83800996470393,27,0.977199420529865,-0.0767508171809399
"OSCAR 2",-0.00667637068414459,0.0323072017040549,-0.206652706888775,0.83795495788835,27,0.977199420529865,-0.0767793251242264
"DPYSL3",-0.000119759649360495,0.000579079928091375,-0.206810223513045,0.837833260495322,27,0.977199420529865,-0.0768424029114637
"DNAJA4",-0.00152475621877096,0.00736012872079526,-0.207164341360353,0.837559683968154,27,0.977199420529865,-0.0769842356410047
"SPINK14",-0.00471909696964772,0.0227384155319286,-0.207538513975229,0.837270636612696,27,0.977199420529865,-0.0771341393908804
"THEM4",-0.00430904620284805,0.0207485633451305,-0.207679256205435,0.837161919640977,27,0.977199420529865,-0.0771905348315887
"COA3",-0.00164626231745837,0.00789192781404863,-0.208600782501814,0.836450164104805,27,0.977199420529865,-0.0775599292969627
"RBMS1",-0.00253560178156561,0.0121445304456205,-0.208785493430088,0.836307516741248,27,0.977199420529865,-0.0776339997540412
"PIANP 2",-3.09493987121584e-06,1.47930080789958e-05,-0.209216398361214,0.835974762472859,27,0.977199420529865,-0.077806833427273
"IGF2 2",-0.00116376468678556,0.00554516542014336,-0.209870147887396,0.835469982190668,27,0.977072801855892,-0.0780691493650194
"PDE5A 2",-0.00152733022687945,0.00727268085892321,-0.210009246453527,0.835362589143081,27,0.977072801855892,-0.0781249780684169
"OTX2",-0.0110064715851137,0.0524058051280707,-0.210023900180825,0.835351275711855,27,0.977072801855892,-0.0781308598185554
"GOLPH3L",-0.00306250410684857,0.0145545195136564,-0.210416022595252,0.835048550471196,27,0.977072801855892,-0.0782882735118875
"MAPK10",-0.00088030311513402,0.00416302068400968,-0.211457780768493,0.834244421338173,27,0.976887941237486,-0.0787066888267791
"VAT1",-4.21970294141539e-05,0.000198659916322616,-0.21240837203227,0.833510824013041,27,0.976653768021683,-0.0790887560296012
"MYCBP",-0.00181808771203096,0.00855209883190842,-0.21258965170603,0.833370942958063,27,0.976646177908753,-0.0791616461069255
"MED1",-0.00329225345018747,0.0154752951035743,-0.21274253112156,0.833252980778426,27,0.976646177908753,-0.0792231240721047
"CYB5R4",-0.0045026832533374,0.0211496295149158,-0.212896554531222,0.83313413991736,27,0.976646177908753,-0.0792850687782683
"S100A9",-0.00280642362292913,0.0131768031071635,-0.212982132320353,0.833068111844584,27,0.976646177908753,-0.0793194891226675
"PRR27",-0.00243882842480785,0.0114358724537191,-0.213261247419274,0.832852767547562,27,0.976646177908753,-0.0794317667723254
"RAB11B",-0.000267683662929013,0.00125391014364538,-0.213479143051511,0.83268466485181,27,0.976646177908753,-0.0795194334581482
"DEFA1 2",-0.00994943202612275,0.0465781732663661,-0.213607175387172,0.832585893914143,27,0.976646177908753,-0.0795709514208305
"DCBLD1",-0.0141870295186792,0.0664005027829725,-0.213658465283749,0.832546326952852,27,0.976646177908753,-0.079591590878457
"HS3ST3B1",-0.00910163204997631,0.0422108071712564,-0.215623264749462,0.8310309463656,27,0.976091377882651,-0.0803828034294001
"GAN",-0.0143347807340201,0.0662582123794227,-0.216347230316645,0.830472744916193,27,0.975706993484829,-0.0806746159840888
"SPATA33",-0.00122273419953582,0.0056410389416653,-0.21675691520308,0.830156904478272,27,0.975690913097677,-0.0808398156853649
"KCTD13",-0.000460012026205472,0.00212210921113542,-0.216771136844247,0.830145941039195,27,0.975690913097677,-0.0808455512186221
"PIK3C2A",-0.00318486237838673,0.0146899393410806,-0.216805686152851,0.830119307181887,27,0.975690913097677,-0.0808594850611503
"SULT1A1",-0.0027988294086123,0.0129065823405356,-0.216852868928905,0.8300829345939,27,0.975690913097677,-0.0808785145671469
"CYP3A4 2",-0.00566988682233091,0.026120532876945,-0.217066276903385,0.829918425990148,27,0.975690913097677,-0.0809645930255934
"EPN1",-0.00187088019157108,0.00860523762214012,-0.217411798920876,0.829652092152873,27,0.975690913097677,-0.0811039873033308
"EIF2S2",-0.00404754769005591,0.0185942014533702,-0.217677951925292,0.8294469513645,27,0.975690913097677,-0.0812113847648696
"IFRD1",-0.00862942751550958,0.0395411755458153,-0.218239022901858,0.829014539258121,27,0.975690913097677,-0.081437852725719
"OGFR",-0.00143395498791771,0.00654413469196267,-0.21912064091206,0.828335195653079,27,0.975690913097677,-0.0817938852387058
"IFNE",-0.0112878717021421,0.0514331356128947,-0.219466916952116,0.828068404832143,27,0.975690913097677,-0.0819337856619156
"ADGRG2",-0.00706070046263099,0.0319564052175571,-0.220947894938814,0.826927612742311,27,0.975654641883394,-0.082532505879752
"MSN",-0.00677746556442301,0.0306629189639608,-0.221031323612367,0.826863359434471,27,0.975654641883394,-0.0825662524142566
"IL7",-0.00287235811008659,0.0129927535237512,-0.221073855117457,0.826830603904637,27,0.975654641883394,-0.0825834569831504
"SOST",-0.00299554190999284,0.0135426506647304,-0.221193175852511,0.826738711052457,27,0.975654641883394,-0.0826317265758529
"ARF6",-0.00406394358254095,0.0183383989329,-0.221608418347255,0.826418938678959,27,0.975654641883394,-0.0827997388389659
"MME",-0.00518808794645981,0.0233895141127627,-0.221812557603703,0.826261745118828,27,0.975654641883394,-0.0828823540672201
"STIM1 2",-0.00384017528204952,0.0173039033908436,-0.22192537691129,0.826174873921483,27,0.975654641883394,-0.0829280171580076
"ZWILCH",-0.00619872162843974,0.0279130148871925,-0.222072809171321,0.826061354052261,27,0.975654641883394,-0.0829876951290296
"DR1",-0.00137251531623867,0.00616935628642532,-0.222473018661391,0.825753220265822,27,0.975654641883394,-0.0831497239750891
"TBC1D5",-0.00276819993510826,0.0124423239152773,-0.222482548594424,0.82574588321963,27,0.975654641883394,-0.0831535828190548
"EFEMP1",-6.11334899892581e-06,2.74098543797767e-05,-0.22303471277966,0.825320802458295,27,0.975654641883394,-0.0833772082300588
"TSR3",-0.00663227931507446,0.0296531535149282,-0.223661854774927,0.824838066321312,27,0.975547574077273,-0.0836313045482427
"ROS1",-0.00251502083666032,0.0112413422880801,-0.223729584262118,0.824785936442487,27,0.975547574077273,-0.083658752886392
"GFRAL",-0.00791567907652591,0.0353106011421503,-0.224172877846505,0.824444763491701,27,0.975547574077273,-0.0838384360950786
"SEMA3E",-6.73558057184178e-05,0.00029877192342579,-0.225442220092504,0.823468031874428,27,0.975345326217875,-0.0843532560570911
"PRAME",-0.000335035869857283,0.00148410862028095,-0.225748887432416,0.823232101381844,27,0.97522365925833,-0.0844777028943432
"ERVV-1",-0.00493731957114072,0.0218639420037181,-0.225820191541904,0.823177246929318,27,0.97522365925833,-0.0845066422174504
"PLAAT4",-0.00396419413625956,0.0175382851267823,-0.226030886577727,0.82301516400153,27,0.97522365925833,-0.0845921628660803
"AHCY",-0.000998955625768853,0.0044059824445851,-0.226727100784652,0.822479639162468,27,0.97522365925833,-0.0848748443917719
"GGA3",-0.00367758067620412,0.0161850061840236,-0.227221456352257,0.822099436327786,27,0.97522365925833,-0.0850756495686214
"PSG2",-0.00647566250316938,0.0284806136508422,-0.2273708910404,0.821984516652197,27,0.97522365925833,-0.0851363629901726
"SWAP70",-0.00351246374028357,0.0154177216890549,-0.227819895255801,0.82163924357953,27,0.97522365925833,-0.0853188259066175
"CKM",-0.00161754594410627,0.00709764605512374,-0.227898930369819,0.821578471334673,27,0.97522365925833,-0.0853509495264723
"NISCH",-0.0030504722445947,0.013294499498223,-0.229453710912731,0.820383189827061,27,0.975004112455181,-0.0859832471824417
"STYX",-0.0104094988342771,0.0453217176583678,-0.229680148328517,0.820209146505824,27,0.975004112455181,-0.0860753920165177
"LTF 2",-1.93036925582734e-06,8.37317023905312e-06,-0.230542220057099,0.819546630793238,27,0.975004112455181,-0.0864263307816561
"UBA6",-0.00169367127371443,0.00734282199824456,-0.230656724910305,0.819458642277559,27,0.975004112455181,-0.0864729601946235
"RPL30",-0.000326804985227854,0.00141447380580616,-0.231043504578437,0.819161448530911,27,0.975004112455181,-0.0866304947035245
"ITIH4",-3.66734004308341e-06,1.58659867820096e-05,-0.231144781189519,0.819083634163672,27,0.975004112455181,-0.0866717514735736
"CMBL",-0.00656377027520736,0.0283549026669198,-0.231486256620622,0.818821280567612,27,0.975004112455181,-0.0868108788661662
"NMI",-0.000857153910481772,0.00369801242802064,-0.231787731157129,0.818589677313184,27,0.975004112455181,-0.0869337362534041
"DSG4",-0.00976511052797016,0.0421279420040827,-0.231796524193463,0.818582922447936,27,0.975004112455181,-0.0869373199936931
"FAIM 2",-0.00665624498566065,0.0287106936285806,-0.231838529287031,0.818550654070742,27,0.975004112455181,-0.0869544401338678
"NACA",-0.00145138395814125,0.00625124582656317,-0.232175153306872,0.818292070766426,27,0.975004112455181,-0.0870916571082378
"FMR1",-0.00735650742585064,0.0316536287560842,-0.232406448010692,0.818114410070803,27,0.975004112455181,-0.087185957712601
"A2ML1",-0.0055207761221827,0.0237154665913445,-0.232792220255014,0.817818115070344,27,0.975004112455181,-0.0873432738404292
"SEPTIN6",-0.00420509234978919,0.0180484519505829,-0.232989087446548,0.817666920520842,27,0.975004112455181,-0.087423571681499
"DDX39B",-0.000448140972105865,0.00191968203234667,-0.233445416769384,0.817316486017991,27,0.975004112455181,-0.0876097408775634
"ARID3C",-0.0167699648047385,0.071738956252996,-0.233763713338639,0.817072075608433,27,0.975004112455181,-0.0877396317682293
"EIF1AD",-0.00742680320717734,0.0317517310843823,-0.233902308741533,0.816965658242479,27,0.975004112455181,-0.0877961989746291
"ZHX1",-0.0075104536251157,0.0320941340771232,-0.234013281276505,0.816880453055663,27,0.975004112455181,-0.0878414959487338
"SLC41A2",-0.00357199383290453,0.0152478859987234,-0.234261577847813,0.81668981820442,27,0.975004112455181,-0.0879428587927889
"LRCH4",-0.00533417589344205,0.0227036230607779,-0.234948222984604,0.81616269207831,27,0.975004112455181,-0.0882232613084446
"RRM2B 2",-0.00185305669271448,0.00788614464834211,-0.234976249529489,0.816141178435542,27,0.975004112455181,-0.0882347092459386
"STX4",-0.00216059394458151,0.00916551735276291,-0.23573071343651,0.81556209467443,27,0.975004112455181,-0.0885429673670247
"AOC1 2",-0.00265675681440843,0.0112224885065732,-0.236735088911192,0.814791358825592,27,0.975004112455181,-0.0889535855067566
"RRM2",-0.0110246835355422,0.0465470918077796,-0.2368501039994,0.814703110872911,27,0.975004112455181,-0.089000625370516
"HSCB",-0.00453538919770632,0.0191482331233408,-0.236856798666082,0.814697974313848,27,0.975004112455181,-0.0890033635290669
"ATP6V1C1",-0.0152624587805594,0.0643838650784459,-0.237054093629879,0.814546601307286,27,0.975004112455181,-0.0890840640729042
"GIMAP7",-0.00798044124494689,0.0336129576693737,-0.237421571866561,0.814264676113888,27,0.975004112455181,-0.089234405071548
"DCUN1D1",-4.51219367794269e-06,1.89990867493882e-05,-0.237495293192868,0.814208121009302,27,0.975004112455181,-0.0892645702298466
"SERF2",-0.00885796078195016,0.0372140252841669,-0.238027483302616,0.81379988338846,27,0.975004112455181,-0.0894823767139354
"EML2",-0.00352756885476808,0.0148117559403144,-0.238160071566316,0.813698184624655,27,0.975004112455181,-0.0895366529221378
"TBCC",-0.00139519529880026,0.00584272886621422,-0.238791723995277,0.813213736006178,27,0.975004112455181,-0.0897952942970278
"PABPC5",-0.00519560277285159,0.021720874933159,-0.239198595307043,0.81290172439191,27,0.975004112455181,-0.0899619551859126
"SFTA2",-0.00758649691552748,0.0314662371145545,-0.241099591537064,0.811444352768677,27,0.974985082327176,-0.0907412578638121
"UBE2T",-0.0102831013110794,0.0426021786353157,-0.241375010398061,0.811233264175876,27,0.974921073780212,-0.0908542496381557
"RRAD",-0.00805185971185741,0.033354679064008,-0.241401204802654,0.811213188821481,27,0.974921073780212,-0.0908649971307717
"NAGK",-0.000340238318245759,0.00140913872730975,-0.241451257886669,0.811174828575452,27,0.974921073780212,-0.0908855343179296
"ZNF329",-0.00665267566401624,0.0274564158017357,-0.242299494298731,0.810524820827767,27,0.974840186180398,-0.091233681144298
"TFCP2L1",-0.00623173978388546,0.0256383398423066,-0.243063311517631,0.809939622505087,27,0.974506597188625,-0.0915473546895003
"COL9A1",-0.00822781193299308,0.0337610805312254,-0.243707008292677,0.809446541928551,27,0.974343658904789,-0.0918118279631938
"IL17D",-0.00088888192730773,0.00364484383868884,-0.243873802732653,0.809318788178137,27,0.974343658904789,-0.0918803774285556
"PDCD4",-0.00723824837822656,0.0296275649996103,-0.244307906448666,0.80898631810054,27,0.974110005725995,-0.0920588232872132
"PCDHB7",-0.00344988336464257,0.0140422256820234,-0.245679242220059,0.807936284086287,27,0.973646343340857,-0.09262288744426
"CARNMT1",-0.00776237894715492,0.0315777913825107,-0.245817665115556,0.807830313810204,27,0.973646343340857,-0.0926798539718196
"MAP4K1",-0.00503765419083257,0.0204854497948973,-0.245913770079258,0.807756742419085,27,0.973646343340857,-0.0927194081996007
"LEFTY2",-0.000103326537570981,0.000413942554116498,-0.249615644836317,0.804924219388121,27,0.971455689109864,-0.0942450049125716
"CDX1",-0.0147532847347688,0.0590735572997079,-0.249744308776233,0.804825819595203,27,0.971455689109864,-0.0942980994752095
"C11orf49 2",-9.76312179797173e-05,0.000389992703214305,-0.25034114016761,0.804369416948335,27,0.971106283225389,-0.0945444501377944
"CD247",-0.00939452058080293,0.037500557905814,-0.250516821760308,0.804235085030313,27,0.971106283225389,-0.0946169845746982
"NMNAT1",-0.00427130661544004,0.0170207123139867,-0.25094758295927,0.803905736827553,27,0.971106283225389,-0.094794872116808
"CCDC103",-0.0108356352434806,0.0431541344906994,-0.25109147411625,0.803795729819632,27,0.971106283225389,-0.0948543053356943
"CA5B",-0.00552837373031996,0.0220039825095323,-0.251244233989235,0.8036789470537,27,0.971106283225389,-0.0949174081784878
"CBX1",-0.00696356774192678,0.0276220249118467,-0.252102000637187,0.803023282991945,27,0.971082499964326,-0.0952718625316144
"VIM",-2.25039289158854e-05,8.91864055396156e-05,-0.252324653961857,0.802853114126528,27,0.971037113583399,-0.0953639037368424
"MYOM3",-0.00576666046981891,0.0227811137737668,-0.253133386149864,0.802235102023041,27,0.970449963964092,-0.0956983392611417
"TM2D1",-0.0115407536293088,0.0454965323937164,-0.253662268795296,0.801831014607463,27,0.970281794701031,-0.0959171493671402
"FBXO28",-0.0101366494123254,0.0398205697021437,-0.254558121296283,0.801146675948863,27,0.969934647696648,-0.0962879649099766
"UBE2D2",-0.00302605738459491,0.0118519420936979,-0.255321647766401,0.800563548438761,27,0.969388974217693,-0.096604188240784
"SH3BGRL3",-0.00479658898833778,0.0187822001858257,-0.255379505110247,0.800519365893684,27,0.969388974217693,-0.0966281573124125
"DARS1",-0.0011270203437601,0.00441053504134613,-0.255529166687251,0.800405080529666,27,0.969388974217693,-0.0966901633654161
"CUBN",-0.0270857217818555,0.105711647344176,-0.256222681817356,0.799875554059022,27,0.969388974217693,-0.0969775759949823
"TIMM10",-0.00141292139552796,0.00551099185904452,-0.256382413849714,0.799753606098074,27,0.969388974217693,-0.0970437930006992
"PNP 2",-0.00329170150331911,0.0128298860824861,-0.256565138782688,0.799614110481735,27,0.969388974217693,-0.0971195506591183
"PSG1",-0.0135378592326105,0.0526488988081751,-0.25713470820986,0.799179334121075,27,0.969388974217693,-0.0973557550038242
"LASP1",-4.69803605426598e-05,0.000182465302098479,-0.257475585781804,0.798919159478519,27,0.969388974217693,-0.0974971635753784
"RGS21",-0.000564224575890028,0.00219024049623532,-0.257608503203115,0.79881771673727,27,0.969388974217693,-0.0975523116081595
"ASTL",-0.0100143049278396,0.0388311959200888,-0.257893291477505,0.798600378103592,27,0.969388974217693,-0.097670488521515
"PIR",-0.00693402545260847,0.0268478336098159,-0.258271321007938,0.798311907176654,27,0.969388974217693,-0.0978273929855562
"HSPA9",-0.00165907279115543,0.00640924581018437,-0.258856165029456,0.79786567554549,27,0.969388974217693,-0.0980702180223338
"CCDC89",-0.0115557678040409,0.0444839016929042,-0.259774151193312,0.797165400294362,27,0.969388974217693,-0.0984515594288117
"ALDH1A3",-0.000362793571137612,0.00139425245224502,-0.260206514647647,0.796835636734516,27,0.969388974217693,-0.0986312512772992
"MLN",-0.00608495472461637,0.0233483210621013,-0.260616371876665,0.796523074194309,27,0.969388974217693,-0.0988016387578727
"GRAMD1C 2",-0.00733081657045392,0.0280037445633725,-0.261779868540947,0.795635965095567,27,0.969332157393823,-0.0992855937106008
"GIMAP4",-0.00248801408850216,0.0094868816559982,-0.26225836673414,0.795271214954241,27,0.969232656014649,-0.0994847366630165
"YAP1",-0.000925525067068428,0.00352633053427844,-0.262461235006664,0.795116586623648,27,0.969205549562392,-0.0995691867963328
"GABPB1",-0.00861239662130123,0.0327939187369883,-0.262621758941766,0.794994239643356,27,0.969205549562392,-0.0996360181361936
"IGSF11",-0.00762128390036097,0.0289788758151794,-0.262994463586779,0.794710194926297,27,0.969032867597506,-0.099791215607953
"PLPBP",-0.000174247341453844,0.000660873810385919,-0.263662046695559,0.794201490387217,27,0.968608839595677,-0.100069302280525
"ATG4A",-0.0114253269945205,0.0432143244182634,-0.264387495311436,0.793648797077483,27,0.968529445421997,-0.100371637665909
"SPINK8",-0.0142822622397378,0.0537498446969013,-0.265717274538677,0.792635971560653,27,0.968110639989187,-0.100926222317492
"PRCP",-3.38105129119841e-06,1.26857122382056e-05,-0.266524356513124,0.792021438924065,27,0.968110639989187,-0.101263062500907
"VNN2 2",-0.00309379303454962,0.0115926631429053,-0.266875091289357,0.791754423295805,27,0.968052015632051,-0.10140950167554
"MAPK9 2",-0.00813506073620857,0.0304806191079697,-0.266892897004231,0.791740868432983,27,0.968052015632051,-0.101416936875579
"OSBPL11",-0.0024517012697209,0.00918054069679103,-0.267054125752949,0.791618133713769,27,0.968052015632051,-0.101484265903711
"FARS2",-0.00557674740655816,0.0208660873963095,-0.267263684879633,0.791458615884894,27,0.968052015632051,-0.101571788777251
"DLGAP4",-0.00372963402327784,0.013924158722424,-0.267853455108314,0.79100972853575,27,0.967906104397497,-0.10181817513265
"DAXX",-0.0106713176030572,0.0398048562533213,-0.268090846381761,0.790829065460001,27,0.967883377415114,-0.101917377374396
"RGS10",-0.000365128105030833,0.00136122966577618,-0.268234019732911,0.790720111287227,27,0.967883377415114,-0.101977215154703
"BTNL8",-0.00455060650895455,0.0169384087183209,-0.268656081254701,0.79039894992976,27,0.967883377415114,-0.10215364539413
"COQ9",-0.00444950526698504,0.0165218312327597,-0.269310659593381,0.789900933119518,27,0.967519613747364,-0.102427373136647
"NDUFB10",-0.0102769412018858,0.0381194892078638,-0.269598082646022,0.789682284434579,27,0.967467827282147,-0.102547604748246
"ASH2L",-0.00387315807883722,0.0143210903742171,-0.270451339781378,0.789033297571994,27,0.966942211503945,-0.102904668974808
"CALB1",-0.00709902226188446,0.0262025968775721,-0.270928194447811,0.788670669811193,27,0.966851198577232,-0.103104310024751
"PPIF 2",-0.00675986961724659,0.0248827614210133,-0.271668787192483,0.788107576757411,27,0.966778748230731,-0.103414497227021
"LIN7B 3",-0.00644404876960235,0.0236684743435709,-0.272262955189283,0.787655899380903,27,0.966386599525321,-0.103663469868614
"PDCD6IP",-0.000154845879877235,0.000568509483398197,-0.272371674350378,0.787573260940972,27,0.966386599525321,-0.103709037103391
"KPNA6",-0.00562749886360798,0.0206609523666172,-0.272373642983688,0.78757176458797,27,0.966386599525321,-0.103709862243732
"CAV2",-0.00762448365098822,0.0277925857184095,-0.274335167236269,0.786081229474406,27,0.965425378456991,-0.104532573948195
"BCL11A",-0.00955750651630778,0.0348173854234787,-0.274503854900683,0.785953084802091,27,0.965425378456991,-0.104603377140835
"DAZAP1",-0.0087397272271498,0.0318193957351382,-0.274666662431257,0.785829412845832,27,0.965425378456991,-0.104671719991529
"VAV1",-0.00329458289186818,0.0119655219599437,-0.275339672009067,0.785318241776228,27,0.965256884143268,-0.104954314414806
"CEP41",-0.00180177663026355,0.0065240065525136,-0.276176398009496,0.784682860115949,27,0.965052542618543,-0.105305833612715
"DDR2 2",-0.000299078442455926,0.00107941808135918,-0.277073774861481,0.784001591411734,27,0.964813523403144,-0.105683055758632
"SMAD2 2",-0.00803989269579394,0.0289619114095391,-0.277602281911058,0.783600442654108,27,0.964481983972886,-0.105905327345267
"HNRNPAB 2",-0.00294881272252101,0.0106221285629586,-0.27761034005972,0.783594326809705,27,0.964481983972886,-0.105908716939883
"PTPN13",-0.00771012750883883,0.0277555988117803,-0.277786386852026,0.783460717180168,27,0.964481983972886,-0.105982774229957
"CA2",-0.0132354297897477,0.0474473813144209,-0.278949636904935,0.782578046160658,27,0.964033968692946,-0.106472339626007
"SPP1",-4.16190140272731e-06,1.49064753717966e-05,-0.279200904232648,0.78238742413975,27,0.963961348388945,-0.106578138883295
"ACOT13",-0.00155399957458818,0.00556042925279428,-0.279474749868861,0.78217968904832,27,0.96394241002118,-0.106693465613194
"GSTM4",-0.009021484635992,0.0322542242382685,-0.279699321532226,0.78200934473543,27,0.96394241002118,-0.106788057243497
"LAP3 2",-0.00341793079922765,0.0122198446764849,-0.279703293267295,0.782006332155577,27,0.96394241002118,-0.106789730304485
"HDAC4",-0.0102802671367442,0.0367409648653689,-0.279803951105107,0.781929983867445,27,0.96394241002118,-0.106832133105577
"PCSK1",-3.59913522429177e-06,1.28458746945705e-05,-0.280178291464495,0.781646068807972,27,0.96394241002118,-0.106989852002336
"UTS2B",-0.00461250026749007,0.0164494537728794,-0.280404463952159,0.781474545288317,27,0.96394241002118,-0.107085163544811
"CAP1",-0.00140746480496638,0.0050183962659827,-0.280461073691392,0.781431615651746,27,0.96394241002118,-0.107109021796501
"GCSH",-0.0126624203249396,0.0451478279581331,-0.280465769841284,0.781428054388011,27,0.96394241002118,-0.107111001036504
"GAGE2D",-0.00823828755497366,0.0293388631573952,-0.280797777022833,0.781176293421331,27,0.96394241002118,-0.107250944842096
"CHST9",-0.00963461294857174,0.0342959116746193,-0.280925990245707,0.781079075876036,27,0.96394241002118,-0.107304996240286
"STAT6",-0.00221259375477431,0.00786465985100542,-0.281333687240326,0.780769964178136,27,0.96394241002118,-0.107476902106986
"SYT9",-0.00811813905160752,0.0288278168504917,-0.281607833632017,0.780562129847291,27,0.96394241002118,-0.107592522997525
"LAT",-0.00833719959211789,0.0295880267734756,-0.281776127078263,0.780434552398818,27,0.96394241002118,-0.107663511209916
"TBCEL",-0.00297177276412416,0.0105207846537799,-0.282466837020228,0.779911014779731,27,0.96394241002118,-0.107954946020708
"ARPC5",-0.00707064527055246,0.0250056788704107,-0.282761580167262,0.779687640446725,27,0.96394241002118,-0.108079350130139
"CTRB1",-0.0081555668793631,0.0288158820013392,-0.283023329946454,0.779489286678618,27,0.96394241002118,-0.108189849388972
"AIF1",-6.44305081498924e-05,0.000227364113297938,-0.283380289067266,0.779218807903515,27,0.96394241002118,-0.108340573493231
"APBB1 2",-0.0278821792946308,0.0981786693591873,-0.283994267559521,0.778753644103474,27,0.96394241002118,-0.108599908088373
"NFKBIE",-0.0115376608755784,0.0406102296039269,-0.284107255440454,0.778668051119414,27,0.96394241002118,-0.108647644113649
"VPS26B",-0.0162591239665251,0.0571916430142701,-0.284291954376415,0.778528140184842,27,0.96394241002118,-0.108725685079001
"B3GNT6",-0.00563526792107424,0.0198090628815112,-0.284479278741344,0.778386248245342,27,0.96394241002118,-0.108804845355224
"VAMP4",-0.0111474758871463,0.0388962423838983,-0.286595187707926,0.776784063407148,27,0.963054382422309,-0.109699693045125
"SFTPB",-0.0149775934307237,0.0522345057321723,-0.286737535289794,0.776676312638742,27,0.963054382422309,-0.109759939917123
"IGDCC3",-0.00885602094537656,0.0307945969034537,-0.287583596990787,0.776035975821714,27,0.962779084729837,-0.11011814505793
"NAA50",-0.00145283004230878,0.00504829788432391,-0.287786116350254,0.775882724173296,27,0.962752105707238,-0.11020391803749
"NDUFAF1",-0.00122365025038559,0.00425107211003347,-0.287845093828803,0.775838096127039,27,0.962752105707238,-0.110228898967022
"BAG4",-0.00529401064077073,0.0183738777582984,-0.28812701980559,0.77562477460471,27,0.962752105707238,-0.110348327362442
"APEX2",-0.0106094005851884,0.0367608624840585,-0.288605866899593,0.77526249232905,27,0.962635126584291,-0.11055122695344
"KYNU",-0.0042542869374634,0.0146579395287691,-0.290237719231514,0.774028268866152,27,0.961755084244586,-0.111243177833402
"LRRC4B",-0.0193938757496289,0.0666003565808066,-0.291197776487851,0.773302428885592,27,0.961669285182847,-0.111650625733042
"MMP3",-0.000147362776574825,0.000503468515266128,-0.292695118178206,0.772170801328016,27,0.960927151116968,-0.112286624703518
"FOXO3",-0.0115970258315695,0.0394950197529781,-0.293632612519331,0.771462544192279,27,0.960927151116968,-0.112685154818582
"FCN3",-0.00593841553559686,0.0201749688312164,-0.294345710532571,0.77092394899129,27,0.960833202343418,-0.112988462626723
"ACVR1",-0.000806346808415088,0.00273898654642159,-0.294396045671914,0.77088593582963,27,0.960833202343418,-0.113009877596901
"PDCL3",-0.00332739909027769,0.0112617311189952,-0.295460711601021,0.770082035665754,27,0.960180531179675,-0.113463007633739
"SAE1|UBA2",-0.00461341786483844,0.0155958219216531,-0.295811140189619,0.769817493886211,27,0.960180531179675,-0.113612223909235
"GSTP1 2",-0.000108364530166146,0.000366319294423396,-0.295819881223338,0.769810895562236,27,0.960180531179675,-0.11361594638631
"COMMD6",-0.0111974645362007,0.0377520682216424,-0.296605326904486,0.769218060229255,27,0.960180531179675,-0.113950527650108
"CD47",-0.0162823600865735,0.0548540650489573,-0.296830509681305,0.769048124117419,27,0.960180531179675,-0.114046482845246
"IFNG",-0.00960614094278506,0.0323237280526044,-0.297185427595227,0.768780306173375,27,0.960180531179675,-0.114197750508319
"GMFB",-0.000722336199623831,0.00242725039302801,-0.297594431006647,0.768471712094113,27,0.960180531179675,-0.114372114511071
"SPRED1",-0.00899018297620772,0.0301893506147435,-0.297793188430399,0.768321763179766,27,0.960180531179675,-0.114456864983171
"CCL1",-0.00386467891975032,0.0129615570970682,-0.298164710521121,0.768041499780555,27,0.960180531179675,-0.114615312990933
"GHR",-0.000638003161326619,0.00213928642159782,-0.298231763117581,0.767990921049962,27,0.960180531179675,-0.114643914032562
"EIF5A2",-0.00553328342977078,0.0185250150891186,-0.298692519447445,0.767643394332158,27,0.960180531179675,-0.114840482886124
"DEFB108B",-0.020199151902954,0.0676125359171922,-0.298748621523273,0.767601082571832,27,0.960180531179675,-0.114864421437034
"PYGB",-0.000919264198297857,0.003072305867734,-0.299209856659183,0.767253250397015,27,0.960180531179675,-0.115061263044074
"EDEM2",-0.0105564367693467,0.0352467655564008,-0.299500864907861,0.767033817352644,27,0.960180531179675,-0.115185488246737
"S100A2",-0.0106486164174271,0.0354453176788272,-0.300423782738106,0.766338027810823,27,0.960180531179675,-0.115579623016163
"EFNA2 3",-0.00971857016131983,0.0323462621692743,-0.30045419499974,0.766315103346641,27,0.960180531179675,-0.115592614825063
"APLN",-0.00469510398684572,0.015614514942845,-0.300688430222238,0.766138546411699,27,0.960180531179675,-0.115692686632049
"PYCR1",-0.0157825454580747,0.0523739137192295,-0.301343633448573,0.765644749466041,27,0.960180531179675,-0.115972691377741
"HEY1",-0.0177932851479028,0.0588564538604756,-0.302316636168455,0.764911627917609,27,0.960180531179675,-0.116388737035519
"RTF1",-0.00649553415894029,0.0214667114354482,-0.30258636393715,0.764708437549208,27,0.960180531179675,-0.116504117917718
"CCL4L1",-0.00675935840523858,0.0222985255484537,-0.303130285029421,0.764298745113904,27,0.960180531179675,-0.116736853473451
"FGF8",-0.00377977558497765,0.0124648060135857,-0.303235812964756,0.764219267428609,27,0.960180531179675,-0.116782017115497
"BLMH",-0.0154896551315975,0.051067779532786,-0.303315618444954,0.764159164194834,27,0.960180531179675,-0.116816174235548
"IFIT3",-0.00966057735599377,0.0315915315086724,-0.305796423745451,0.762291569622056,27,0.959898319901609,-0.117878883177452
"ST8SIA6",-0.00647752452943397,0.0211578285435223,-0.306152614674493,0.762023542943048,27,0.959898319901609,-0.11803161079648
"DMTN",-0.0129383055602308,0.0420011067111313,-0.308046777176989,0.760598732312741,27,0.959067054643744,-0.118844402760934
"ALDH7A1",-0.00331621182897344,0.0107422986220192,-0.308705980503649,0.760103073796711,27,0.958772329990649,-0.11912751121149
"ALPP",-0.0144489040549394,0.0467077801556913,-0.309346837010382,0.759621310521158,27,0.958713257196829,-0.119402860006738
"FIBP",-0.0133620705458417,0.0431342688168478,-0.309778533689264,0.759296838709957,27,0.958713257196829,-0.119588408279175
"ADAM8",-0.0106724297108945,0.0341993187657024,-0.312065564346785,0.757578612198247,27,0.958527991071045,-0.120572294743164
"CTRB2",-8.94103451437699e-05,0.000286296551241606,-0.312299763151239,0.757402732186873,27,0.958527991071045,-0.120673132577297
"TMOD2",-0.00694806721224273,0.0222281438812883,-0.312579729974288,0.757192498524135,27,0.958527991071045,-0.120793697225029
"RWDD1",-0.000375397036423337,0.00119969776915566,-0.312909672814962,0.756944761162475,27,0.958527991071045,-0.120935812438696
"PPM1L",-0.00951520737097565,0.0303857662032721,-0.313146863150385,0.756766683325559,27,0.958527991071045,-0.121037996012137
"SNRPG",-0.00520020573557656,0.0166032362917266,-0.313204344274002,0.756723529691165,27,0.958527991071045,-0.121062761795405
"RAB3IL1",-0.00860350567645809,0.027461294761835,-0.313295704047247,0.756654943504861,27,0.958527991071045,-0.121102126174897
"OSM 2",-0.00620642804954297,0.0197879861654087,-0.313646269896448,0.756391783373231,27,0.958527991071045,-0.121253197509504
"BCL2L1",-0.00742219284179934,0.0236400741726733,-0.313966563200509,0.756151374209567,27,0.958527991071045,-0.121391254230112
"SHMT2",-0.00250108533352643,0.00792615707740447,-0.315548292710021,0.754964510447722,27,0.958527991071045,-0.122073463309859
"ACAT2",-0.0102154922775073,0.0323552768928501,-0.315728785487993,0.754829115150204,27,0.958527991071045,-0.12215135664541
"UQCRB",-0.0216556308139654,0.0685374720023773,-0.31596774992247,0.754649870076129,27,0.958527991071045,-0.12225449838863
"ARL2BP",-0.00797257229675584,0.0251975529226587,-0.316402641209916,0.754323698009185,27,0.958527991071045,-0.122442248173022
"NR5A2",-0.00615786209101838,0.019445048823481,-0.316680207230049,0.754115545495424,27,0.958486095238194,-0.122562106482309
"LRFN3",-0.00940581346078549,0.029675222193988,-0.316958484735155,0.75390687844878,27,0.958387264650724,-0.12268229428065
"RPS6KB1",-0.00643988357414892,0.0202392331614917,-0.318188121198277,0.752985061065961,27,0.95788073537166,-0.123213639949335
"LAIR1",-0.00897138196645083,0.0281750693088565,-0.318415613040951,0.752814558934933,27,0.95788073537166,-0.123311990531964
"CCL1 2",-0.00576580010098883,0.0180900113220479,-0.318728385424587,0.752580161051036,27,0.95788073537166,-0.123447234407896
"LDB1",-0.0086695012518971,0.0271530241742244,-0.319283082292057,0.752164519652334,27,0.95788073537166,-0.123687156532642
"CLYBL",-0.00802152360013642,0.0251083617341048,-0.319476184272141,0.75201984377317,27,0.95788073537166,-0.123770699398406
"AZU1 2",-0.00495977013701078,0.0154811241132822,-0.320375322923449,0.751346312863033,27,0.957793201544535,-0.124159840494796
"CCDC92",-0.00692570653251091,0.0215860478873962,-0.320841803401852,0.750996958653604,27,0.957793201544535,-0.124361821774303
"CBR3",-0.000581743227354531,0.00180968463721123,-0.321461107307078,0.750533236372487,27,0.957757333708031,-0.124630070837685
"TGFB1 3",-0.00273384771736777,0.00849643485589686,-0.32176410032384,0.750306396128732,27,0.957757333708031,-0.124761351308633
"NODAL",-0.012276539591938,0.0381509277316049,-0.321788756443998,0.750287937963893,27,0.957757333708031,-0.124772035447516
"NEIL1",-0.000720231924899313,0.00223574850220864,-0.32214353456474,0.750022359324159,27,0.957757333708031,-0.124925789426491
"KLK5",-0.00872564933582567,0.0269713324796356,-0.323515693650429,0.748995489160638,27,0.957463938562079,-0.125520797839309
"UBE2B",-0.0129825148708785,0.0398426577146403,-0.32584460012335,0.74725370800705,27,0.95690823794291,-0.126531921236149
"FANCF",-0.00739602368083236,0.0226602098001076,-0.326388137889051,0.746847394597652,27,0.956722620446091,-0.126768129717178
"FGF18",-0.0173363928810823,0.0530299341401489,-0.32691711129162,0.746452040222816,27,0.956718379984461,-0.126998090598961
"GPR26",-0.00701364639252429,0.0214384817132334,-0.327152196985805,0.746276360045322,27,0.956660695480967,-0.12710031540021
"IFNA1",-0.0137855020935051,0.0420927881497649,-0.327502707695597,0.746014448425243,27,0.956492430283924,-0.127252761253081
"S100A7A",-0.00274371399104236,0.00837187840014812,-0.327729794904071,0.74584477899,27,0.956492430283924,-0.127351546042473
"ARRB1",-0.000321434118629081,0.000978213124015419,-0.328593136544358,0.745199848037505,27,0.956117786099295,-0.127727242337899
"TES",-0.00913325028262022,0.0277348371475802,-0.329306072143895,0.744667415751266,27,0.955602129836112,-0.128037649069243
"CRYL1",-0.000798899393885914,0.00241787156143806,-0.330414322508826,0.743840012812186,27,0.954944208246745,-0.128520463680533
"DHRS11",-0.00425611845757115,0.0127562334598201,-0.33365009122616,0.741426035151978,27,0.953681883988663,-0.129932167801578
"FCRL3",-0.0078244017574795,0.0234101341400589,-0.334231393577988,0.74099265177705,27,0.953681883988663,-0.130186098779785
"RAB5A",-0.00222221995220968,0.00663759918318854,-0.334792730154305,0.740574236390071,27,0.953681883988663,-0.130431400561285
"VDR",-0.00788317628303197,0.0235451180654491,-0.33481149939953,0.740560247364232,27,0.953681883988663,-0.130439604214357
"IMPA1",-0.00656505317461561,0.0195858934500878,-0.335192938292338,0.740275974437239,27,0.953681883988663,-0.130606345361348
"IL10RA 3",-0.00744962680582503,0.0221952780558715,-0.335640165762839,0.739942719533602,27,0.953550545626738,-0.13080189858433
"GTF2B",-0.0127571130640902,0.0379360528121132,-0.336279399632657,0.739466479547589,27,0.953440312921434,-0.13108150804635
"PARVA",-0.000688861997090946,0.00204469976739961,-0.336901293810494,0.739003259626011,27,0.95317879910536,-0.131353645996964
"KLHL3",-0.00610087330294644,0.0180930915077554,-0.337193524961246,0.738785624980586,27,0.953066001847201,-0.131481563492145
"ITPKA",-0.00520558095287336,0.0154267692810924,-0.337438180219204,0.738603438821063,27,0.95299890299771,-0.131588674673755
"PLA2G4A",-0.000702140619719431,0.00207284200446502,-0.338733303458238,0.737639265743517,27,0.9523249352412,-0.132155973134128
"CCL5 2",-0.00450734758928222,0.0132621821343765,-0.339864702777596,0.736797337512987,27,0.951775701027824,-0.132651952172645
"MRPL34",-0.00727645420026587,0.0214075971889427,-0.339900556612876,0.736770662435352,27,0.951775701027824,-0.132667675694088
"THPO 2",-0.00893450457188514,0.0262209619452879,-0.340739008375348,0.736146954454962,27,0.951775701027824,-0.133035480311653
"IL10RB",-0.00762064612352738,0.0223541476194782,-0.340905242877039,0.73602331773352,27,0.951775701027824,-0.133108426691598
"IL24",-0.00747370000655619,0.0218608022462175,-0.341876749186977,0.735300906173092,27,0.951775701027824,-0.133534898810347
"HSP90AA1",-5.20873707211904e-05,0.000152296498719566,-0.342012923206479,0.735199667076246,27,0.951775701027824,-0.133594698285414
"NAE1|UBA3",-0.00273993471738503,0.00800338457445726,-0.342347002308187,0.734951315365683,27,0.951775701027824,-0.133741428491743
"STX1A 2",-0.00114659699331927,0.00334266586093572,-0.343018728470306,0.734452048567379,27,0.951331112449006,-0.134036553478071
"RAB2A",-0.0133182118960929,0.0388224246234397,-0.343054614060653,0.734425379612793,27,0.951331112449006,-0.13405232358876
"EMC8",-0.0104174978208884,0.0303290841737949,-0.343482109818843,0.734107705400241,27,0.951331112449006,-0.134240217428013
"RPS10",-0.0130181801091615,0.0378950131683327,-0.343532803414889,0.734070037939328,27,0.951331112449006,-0.134262501883011
"TSC2",-0.00858701872207699,0.0249490162648232,-0.344182657581744,0.733587229302635,27,0.951331112449006,-0.134548237713815
"HCCS",-0.00835679363398309,0.0242487446625134,-0.344627886939732,0.733256511011679,27,0.951297344872674,-0.13474407197661
"TTC9",-0.00324347137144759,0.00941112537725299,-0.344642244304509,0.733245847172901,27,0.951297344872674,-0.134750388020101
"IL22RA2",-0.0111514927231639,0.0322977254984745,-0.345271766078096,0.732778327719935,27,0.951297344872674,-0.135027383623538
"NPW",-0.000518311938058379,0.00150089021048549,-0.345336344015944,0.732730374335245,27,0.951297344872674,-0.135055805004234
"FBXO3",-0.0125591229002219,0.0363516495373889,-0.345489766215544,0.732616452656411,27,0.951297344872674,-0.135123332439616
"KRT5",-0.00216677667513351,0.00626625396493423,-0.34578500763913,0.732397242527263,27,0.951297344872674,-0.135253299484279
"EPOR",-0.0152619653071181,0.0440891697737304,-0.346161322280368,0.732117870932461,27,0.951297344872674,-0.1354189919273
"CRCP",-0.00995977446204395,0.0287622631016023,-0.346279234942716,0.732030341697192,27,0.951297344872674,-0.135470917632088
"SRGN",-0.00546203942594054,0.0157640057735683,-0.346488037647055,0.731875351804298,27,0.951297344872674,-0.13556287882301
"PEX5",-0.0149542919023052,0.0431428563621986,-0.346622666259252,0.731775425946477,27,0.951297344872674,-0.135622178827326
"STAP1",-0.00250257737773973,0.00721310366519639,-0.346948760741482,0.731533407723513,27,0.951297344872674,-0.135765835692224
"CELF2",-0.00157286693468358,0.00453049502434559,-0.347173305837759,0.731366773094308,27,0.951297344872674,-0.135864774090373
"GSK3A",-0.0050471452424762,0.0144842883156217,-0.348456557374151,0.730414731959055,27,0.951186370776061,-0.136430475966634
"JOSD1",-0.0116732225825269,0.0334555929240925,-0.34891692426472,0.730073294191588,27,0.951186370776061,-0.136633537598596
"STC2",-0.00763184256749733,0.0218013202293885,-0.350063321266641,0.729223299048517,27,0.950722178122248,-0.137139463869839
"PSMA1",-0.0086674474154365,0.024708319926869,-0.350790642224569,0.728684210439727,27,0.950722178122248,-0.137460640922842
"DSG3",-0.00770209224410552,0.0219162366658311,-0.351433157140231,0.728208098263553,27,0.950323152948459,-0.13774449566901
"EMID1",-0.0342293342538031,0.0973327671002854,-0.351673288179873,0.728030186488028,27,0.950323152948459,-0.137850613058684
"IGKV1-5",-8.18477854231357e-05,0.000232114556669006,-0.352618063243015,0.727330358812468,27,0.950323152948459,-0.13826828457271
"TRIM21",-0.00445327505563264,0.0126271811648569,-0.352673728007222,0.727289133509553,27,0.950323152948459,-0.138292901211866
"SGTA",-0.00831277518823804,0.0235702898527472,-0.35268022753098,0.727284320019364,27,0.950323152948459,-0.13829577555585
"MOB3B",-0.00145271284552916,0.00411681081641665,-0.352873355204025,0.727141296572786,27,0.950323152948459,-0.138381189747024
"ZNF593",-0.00751680290797931,0.0212694386010613,-0.353408618298192,0.726744952602143,27,0.950323152948459,-0.138617975814362
"AP4M1",-0.0086175503555376,0.0243497040216328,-0.353907807170123,0.726375390266616,27,0.950323152948459,-0.13883887821558
"ARHGAP24",-0.00407206060427381,0.01150282758211,-0.354005184830117,0.726303306957306,27,0.950323152948459,-0.138881978432519
"CD93",-0.006962377264858,0.0196483329281896,-0.354349516078743,0.726048438156596,27,0.950323152948459,-0.139034404475681
"FMO3",-0.00348314949355998,0.00982650977475991,-0.354464563044215,0.72596328929696,27,0.950323152948459,-0.139085340262526
"ABLIM3",-0.0264871537592751,0.0747095304731876,-0.354535138843913,0.725911056330463,27,0.950323152948459,-0.139116588819539
"SYTL1",-0.0131965362763218,0.0371993087244393,-0.35475219107101,0.725750425016026,27,0.950323152948459,-0.139212701163446
"SNX1",-0.00631805061760248,0.0178035937960813,-0.354875015121561,0.725659533720848,27,0.950323152948459,-0.139267094600342
"MEGF10",-0.0154165216938156,0.0434147468157302,-0.355098735442351,0.725493988490094,27,0.950323152948459,-0.139366181815352
"CYTH3",-0.0187343561776719,0.0525324794487272,-0.35662425178231,0.724365522777394,27,0.950323152948459,-0.140042228738792
"GFAP 2",-0.00011813432307303,0.00033086742084636,-0.35704428913201,0.724054921190039,27,0.950323152948459,-0.140228490342718
"LRATD1",-0.00593197205915191,0.0165955138451907,-0.357444313836113,0.723759162995083,27,0.950258398903695,-0.140405924939103
"CFAP298",-0.0150094899490767,0.0419157671932739,-0.358086967127856,0.723284109024049,27,0.950145875141766,-0.14069107650247
"ADH7",-0.00798010854389853,0.0222811272388916,-0.358155512436072,0.72323344650739,27,0.950145875141766,-0.14072149777368
"IL1RN",-0.00272533699099308,0.00760282125091907,-0.358463904522762,0.723005526782125,27,0.950145875141766,-0.140858382868947
"RAB21",-0.00196555371233502,0.00547632501791834,-0.358918381561321,0.722669689284883,27,0.950043991063098,-0.141060160381449
"YTHDC1",-0.00669740672151599,0.0186101983022919,-0.35987831041495,0.721960532642241,27,0.949892715113608,-0.14148654332259
"ITGA5",-0.003979593331531,0.0110400721965601,-0.360468053168256,0.721524980166223,27,0.949750245450694,-0.141748628450533
"MMGT1",-0.00960181502693413,0.0266361071021987,-0.360481169042211,0.721515294571097,27,0.949750245450694,-0.141754458364765
"CHGA",-2.01455212786688e-06,5.57140702208108e-06,-0.361587677920968,0.72069834882408,27,0.949750245450694,-0.142246472941823
"CD9",-0.00754514036405765,0.0208650558471414,-0.361616111614259,0.720677360416969,27,0.949750245450694,-0.14225912078837
"NENF",-0.0128363462257853,0.0354789666760173,-0.361801580722538,0.720540461374904,27,0.949750245450694,-0.142341626705
"FABP3",-0.00569820671081311,0.0157469557020929,-0.361860845906601,0.720496718374089,27,0.949750245450694,-0.142367992914212
"ENOX1",-0.00988368682666018,0.0271087844521517,-0.364593508207841,0.718480825736669,27,0.948602006351335,-0.143584817492002
"CLN5",-0.00304738233183958,0.00835743088676964,-0.364631472653131,0.718452833854159,27,0.948602006351335,-0.143601737855768
"THSD7A",-0.00421340560456311,0.0115427956497712,-0.365024707393708,0.718162918246529,27,0.948602006351335,-0.143777023070532
"TNFSF10",-0.00754109953602385,0.0206455938778062,-0.365264355225473,0.717986256982523,27,0.948602006351335,-0.143883868534547
"NCK1",-0.0119470724070266,0.0327036429515751,-0.36531319843226,0.71795025318322,27,0.948602006351335,-0.143905647006307
"ICA1",-0.00147207920879421,0.0040241781442585,-0.36580865856908,0.717585072163662,27,0.948602006351335,-0.144126604446101
"IL12RB1",-0.00929135868053777,0.025372020284595,-0.366204920866281,0.717293054606726,27,0.948602006351335,-0.144303374323599
"TPK1",-0.00163369446605899,0.00445839015127338,-0.36643147203983,0.717126121951417,27,0.948602006351335,-0.144404457650652
"HOXD4",-0.0125224672356961,0.0341211527348177,-0.367000122563795,0.716707178934104,27,0.948602006351335,-0.144658245375789
"IL10 2",-0.0221378735995874,0.0602358185646394,-0.367520092315689,0.71632417974504,27,0.948602006351335,-0.144890388848905
"AGFG1",-0.00400994828037103,0.0109081001428918,-0.367611978973633,0.716256505761924,27,0.948602006351335,-0.144931420307384
"CX3CL1",-0.00513462731731616,0.0139525278327887,-0.368006957509857,0.715965633326947,27,0.948602006351335,-0.145107823522692
"GDF11",-0.0237615363282288,0.0644899475972616,-0.368453335962049,0.715636961300477,27,0.948602006351335,-0.14530723703381
"DNAJC19",-0.00819162385337493,0.0222125832181953,-0.368783034954027,0.7153942371898,27,0.948602006351335,-0.145454562602971
"OTUB2",-0.00968217395665979,0.0262509419706148,-0.368831486789997,0.715358569562348,27,0.948602006351335,-0.145476215894462
"RGS4",-0.0132743173470059,0.0359756723773265,-0.368980382292228,0.715248964853663,27,0.948602006351335,-0.145542762056314
"NRN1L",-0.00608853314486201,0.0164903369337533,-0.369218237888133,0.715073887912076,27,0.948602006351335,-0.145649080640083
"CSNK2A1",-0.0105863727339339,0.0284340544375122,-0.372313162626839,0.712797278091699,27,0.947426561176034,-0.147033967377484
"ERP27",-0.00879641577557026,0.0236198441021348,-0.372416335075438,0.712721431596388,27,0.947426561176034,-0.147080181733272
"IGF1",-4.78458497221153e-05,0.000128351300778663,-0.372772612601906,0.712459539874024,27,0.947426561176034,-0.147239793927704
"ARG1",-0.00308913552956169,0.00828013596722433,-0.373077874782439,0.712235177015565,27,0.947426561176034,-0.147376580498221
"LRRC25",-0.00440098300549342,0.0117838925089537,-0.373474469675402,0.711943725533073,27,0.947426561176034,-0.147554333127654
"RANGAP1",-0.00824437318226151,0.0220530639004045,-0.373842529069635,0.711673284289331,27,0.947301838960399,-0.147719336974108
"MTMR1",-0.0165137363962698,0.0441061129120059,-0.374409244115789,0.711256950876133,27,0.947092058451105,-0.147973476361514
"UBE2M",-0.00614723549859639,0.0163938031746065,-0.374973118386482,0.710842795083959,27,0.946883967997942,-0.148226434117516
"SNAP25",-0.0137497378875074,0.0365803527323663,-0.375877673681961,0.710178604227236,27,0.946682933187422,-0.1486324159629
"IL11",-0.00434597108558118,0.0115564568255975,-0.376064320679577,0.710041583354418,27,0.946682933187422,-0.148716216221023
"FCRL2",-0.00166883423223356,0.00443138756192206,-0.376594059741803,0.709652746694989,27,0.946682933187422,-0.14895411196548
"CSNK1D",-0.00999712842253215,0.0265320533999504,-0.376794372898059,0.709505734636967,27,0.946682933187422,-0.149044089972362
"ANP32C",-0.0171905757964831,0.0456050987423616,-0.376944163493613,0.709395809147263,27,0.946682933187422,-0.14911138151053
"CRYGA",-0.0186021036592637,0.0491715815616962,-0.378310053662264,0.708393731871016,27,0.946476890375904,-0.149725290262698
"TNFSF4",-0.00607297254875832,0.0160420754103453,-0.378565266239924,0.708206555972513,27,0.946476890375904,-0.149840057231244
"CCN6",-0.0127726356515495,0.0337218702129301,-0.378764154268409,0.708060702122893,27,0.946476890375904,-0.149929508599855
"SH3BGRL",-0.00558239833856643,0.0147155728498368,-0.379353110852788,0.707628859497722,27,0.94639219590479,-0.150194463403598
"TSSK1B",-0.00522135227731709,0.01374903743616,-0.379761296131533,0.707329622947185,27,0.946164840050491,-0.150378153294477
"C4BPB",-0.00246215505480346,0.00648319976992814,-0.379774670252179,0.707319819324147,27,0.946164840050491,-0.150384172678871
"HMGB3",-0.00521647527092348,0.0137307062789422,-0.379913106066774,0.707218344833292,27,0.946164840050491,-0.15044648250214
"TARDBP",-0.0126624044120535,0.0333046306989467,-0.380199514191099,0.707008423049579,27,0.946164840050491,-0.150575412140636
"ATP5PF",-0.00215714052992253,0.00566803005068006,-0.380580291677125,0.706729370190675,27,0.946164840050491,-0.150746859942251
"PCDH10",-0.00385279016746125,0.010122262553795,-0.380625393481496,0.706696320092904,27,0.946164840050491,-0.150767170136397
"NFKB1",-0.00822545537854219,0.0216018899298449,-0.380774802818434,0.70658683879301,27,0.946164840050491,-0.150834456191866
"C1D",-0.0142998168866491,0.0375430248377241,-0.380891442510522,0.70650137427929,27,0.946164840050491,-0.150886989029391
"SPANXA1",-0.00339505499375113,0.00891277343350577,-0.380920150061047,0.706480340216315,27,0.946164840050491,-0.150899919101151
"CHTF8",-0.015209970450524,0.0399085236469419,-0.381120849898677,0.706333293805139,27,0.946164840050491,-0.150990322313083
"CDH15",-0.00673599813816972,0.0176729741925311,-0.381146832716842,0.70631425786776,27,0.946164840050491,-0.151002026863949
"FLT3LG 2",-0.0102189786431651,0.0268023856096774,-0.381271234284286,0.706223119552704,27,0.946164840050491,-0.151058069086981
"C19orf54",-0.0130105078023399,0.0341214966205256,-0.381299447296621,0.706202450929984,27,0.946164840050491,-0.151070779517865
"CAMP 2",-0.00697732574957909,0.018281184382952,-0.381667051949093,0.705933167778094,27,0.946164840050491,-0.151236412601266
"REG1B 2",-0.00406026005050116,0.0105915602672815,-0.383348623624771,0.704701856739013,27,0.946164840050491,-0.15199458422794
"POLR2J2",-0.00467936237352476,0.0122007871439912,-0.383529547585731,0.704569426129978,27,0.946164840050491,-0.152076206387715
"COMMD1",-0.00506500182371868,0.0131896794309488,-0.384012503884965,0.70421596395531,27,0.946164840050491,-0.152294134081062
"ANXA2 2",-8.8852319923258e-05,0.000231314348587211,-0.384119361664927,0.704137766895723,27,0.946164840050491,-0.152342361384715
"RWDD4",-0.00402074434730301,0.0104658501965646,-0.384177517524837,0.704095210628487,27,0.946164840050491,-0.152368609814246
"MAFG",-0.00926008704311226,0.0241011296909673,-0.384217966620161,0.704065612084088,27,0.946164840050491,-0.152386866939852
"P2RX6",-0.00889304353936487,0.023086562006763,-0.385204325215671,0.703343993459893,27,0.946164840050491,-0.152832217053642
"VAMP2 2",-0.00746507142625139,0.0193719297469177,-0.385355074263532,0.703233730610907,27,0.946164840050491,-0.152900306496767
"EEF1D",-0.000526208090298622,0.00136396292226624,-0.385793544464041,0.70291305662631,27,0.946164840050491,-0.15309838957839
"FKBP1A",-0.00207930365984306,0.00538749105838763,-0.385950275797831,0.702798445194889,27,0.946164840050491,-0.153169207967902
"RRAS",-0.00884990520229612,0.0228663854104318,-0.387026853761449,0.702011380098114,27,0.946164840050491,-0.15365584759419
"ULBP1 2",-0.00607246421054146,0.0156631065251717,-0.387692198912304,0.701525128690993,27,0.946164840050491,-0.153956767890965
"CTSG",-0.00486551856326121,0.0125267812106077,-0.388409319318285,0.701001183770839,27,0.946164840050491,-0.154281248645739
"AGT",-9.94647653414519e-06,2.55899742949883e-05,-0.388686460544557,0.700798738316603,27,0.946164840050491,-0.154406688721583
"CD300LB",-0.0263952060730249,0.067787423803886,-0.389382050413778,0.700290724829151,27,0.946164840050491,-0.154721625732823
"TFIP11",-0.00794584938829298,0.0203334730541412,-0.390776792884121,0.699272524553631,27,0.946164840050491,-0.155353535493729
"CD2AP",-0.00583595197785033,0.0149172127034555,-0.391222683075269,0.698947133373465,27,0.946164840050491,-0.155555671968862
"SLMAP",-0.00285117822809604,0.0072783518943578,-0.391734044943098,0.698574036049591,27,0.946164840050491,-0.155787559852017
"B2M 2",-7.71553566240346e-06,1.96530841897622e-05,-0.3925865064183,0.69795223907301,27,0.946164840050491,-0.156174295165843
"NFIA",-0.00107140158933977,0.00272662428511227,-0.392940675834864,0.697693966303173,27,0.946164840050491,-0.156335032807825
"COX19",-0.00623829158648614,0.0158725764255591,-0.393023250871914,0.697633755027109,27,0.946164840050491,-0.156372514217475
"MGP",-1.38690431418196e-05,3.51013935063574e-05,-0.395113747814819,0.696110100209482,27,0.945145037765878,-0.157322064797722
"SBSN",-0.0170757391424088,0.0431849566776979,-0.39540943087775,0.695894696981438,27,0.945121582212339,-0.157456473004157
"TINF2",-0.0412411697433941,0.104279543109806,-0.395486674696756,0.695838429638384,27,0.945121582212339,-0.157491589789331
"C15orf40",-0.0108074489230949,0.0273233622694522,-0.395538763367264,0.695800487267551,27,0.945121582212339,-0.157515271452853
"SFRP5",-6.80054188210041e-05,0.000171780433523743,-0.395885709600358,0.695547785699174,27,0.945121582212339,-0.157673027638063
"TAX1BP3",-0.00240564761123764,0.00606491923445431,-0.396649570792527,0.694991546639429,27,0.944677518185528,-0.158020477813018
"CAVIN1",-0.00803439089550329,0.0202540205411514,-0.396681285040631,0.694968456280848,27,0.944677518185528,-0.158034907027235
"SPCS1",-0.0100767925099542,0.0253944781725001,-0.39681037907156,0.694874469212591,27,0.944677518185528,-0.158093644693813
"CLEC4A",-0.0129416205680703,0.0326063515816553,-0.396904895528128,0.694805659544945,27,0.944677518185528,-0.158136652661425
"TSTD1",-0.00579741413269622,0.0145992551205867,-0.397103419647839,0.69466113912879,27,0.944677518185528,-0.158226995834137
"GRK2",-0.00382990931943676,0.00963840015213572,-0.397359443370704,0.694474777875205,27,0.944677518185528,-0.158343522465646
"LGALS9",-0.00579709304273521,0.014582635170348,-0.397533983056978,0.694347740587369,27,0.944677518185528,-0.158422973356632
"RPL26L1",-0.00304289407613238,0.00761516905635939,-0.399583259887221,0.692856873370795,27,0.944230299692403,-0.15935647033059
"POLD4",-0.0173411043072478,0.0433706399472308,-0.399835103386686,0.692673741876144,27,0.944156481898203,-0.159471275441611
"ARL5A",-0.0067855966758742,0.0169370169613125,-0.400637059723907,0.692090715197749,27,0.943888995149539,-0.159836977034972
"TIA1",-0.0232450173077237,0.0578974213013864,-0.401486228319586,0.691473575920949,27,0.94339881649595,-0.160224411434624
"TTC17 2",-0.0209765079747252,0.0522106279845994,-0.401767011515599,0.691269562552698,27,0.94339881649595,-0.160352565215676
"FAS 2",-0.00886698161695701,0.0220612386540115,-0.401925828192095,0.691154178977865,27,0.94339881649595,-0.160425061728088
"EEF1E1",-0.0138331712851359,0.0344107010915991,-0.402002018160363,0.691098828103379,27,0.94339881649595,-0.160459843463772
"AQP4",-0.011022539627464,0.0273790480098117,-0.402590317366547,0.690671496518184,27,0.94339881649595,-0.160728466623502
"PRPF6",-0.0146051456359467,0.0362629425821133,-0.402756770300013,0.690550606615335,27,0.94339881649595,-0.160804488890652
"DEFB116",-0.0158326198760974,0.0392393800807873,-0.403488022580905,0.690019618686726,27,0.94339881649595,-0.161138561195699
"TYW3",-0.0148472792378665,0.0367839522407503,-0.403634692125829,0.689913136266023,27,0.94339881649595,-0.161205585806365
"MARCO 2",-0.0134624486343885,0.0333305645337417,-0.403907009158516,0.689715450760143,27,0.94339881649595,-0.161330044991614
"GNAS",-0.0151135741807083,0.0374113791118138,-0.403983347834822,0.689660037582462,27,0.94339881649595,-0.161364938517717
"THY1",-5.57909664929247e-06,1.38063904446121e-05,-0.4040952392064,0.689578820391211,27,0.94339881649595,-0.161416085826732
"GADD45GIP1",-0.0192708434955049,0.0476880071170164,-0.40410251257131,0.689573541096067,27,0.94339881649595,-0.161419410722245
"TXNDC11",-0.00202064695361237,0.00499928011426263,-0.404187584497934,0.689511793726633,27,0.94339881649595,-0.161458301052173
"NSL1",-0.00999131066157121,0.0247182927295122,-0.40420715018243,0.689497592765151,27,0.94339881649595,-0.161467245732709
"DCTN6",-0.00279813952617419,0.00691480359757784,-0.404659291719339,0.689169456435709,27,0.94339881649595,-0.161673978460473
"CAPG",-0.00204151318723464,0.0050439075822209,-0.404748333302279,0.689104842877033,27,0.94339881649595,-0.161714697948638
"TCF12",-0.00117420191399218,0.00289060114688747,-0.406213743897711,0.688041804839864,27,0.94339881649595,-0.162385173596322
"C4A|C4B 3",-8.69420764135995e-06,2.14010708359357e-05,-0.406251056688295,0.688014745922971,27,0.94339881649595,-0.162402253618633
"FABP3 2",-2.35815074633964e-05,5.7998873173404e-05,-0.406585614049653,0.687772146721477,27,0.94339881649595,-0.162555416141373
"XPNPEP3",-0.0158545012887006,0.0388908067652765,-0.407667071151022,0.686988177822734,27,0.94339881649595,-0.163050736522004
"INSL3",-0.00934979857728764,0.0229348701769302,-0.407667386174806,0.686987949507953,27,0.94339881649595,-0.16305088085617
"ZNF410",-0.0126158873060097,0.0308950772221498,-0.408346197528352,0.686496048583656,27,0.94339881649595,-0.163361958184331
"TGM4",-0.0167354674598108,0.0409748000638185,-0.408433169502847,0.686433034481644,27,0.94339881649595,-0.163401824302899
"KIR2DL2",-0.0102983522746954,0.0252125580377489,-0.40846122235104,0.686412709748856,27,0.94339881649595,-0.163414683605313
"ITGA3|ITGB1",-0.00842422900126289,0.0206236849124296,-0.40847351174308,0.686403805965483,27,0.94339881649595,-0.163420317080643
"PSG3",-0.0103331760355265,0.0252466017668177,-0.409289778124027,0.685812516523513,27,0.94339881649595,-0.163794592992597
"SDHAF1",-0.0117518906563701,0.0287105348982983,-0.409323291885679,0.685788244084717,27,0.94339881649595,-0.163809963917629
"CD84 2",-0.0363156558535728,0.0886072384549356,-0.409849764949423,0.685406989605544,27,0.94339881649595,-0.164051471059288
"GPX1",-0.00662350336952298,0.0161577828792899,-0.409926499136994,0.685351428323491,27,0.94339881649595,-0.16408667778558
"CDC25A",-0.0287941953439741,0.0702399788517244,-0.409940262151249,0.685341463064338,27,0.94339881649595,-0.164092992631288
"TRABD",-0.00412966496591219,0.0100727824497976,-0.409982543204354,0.685310849374384,27,0.94339881649595,-0.164112392673879
"DDX58",-0.0164277658891614,0.0400146672830864,-0.410543608245998,0.684904660913066,27,0.94339881649595,-0.164369878319321
"DUSP16",-0.0211005423152981,0.0513928355998598,-0.410573615349523,0.684882939701929,27,0.94339881649595,-0.164383651844697
"AKR7A3",-0.0076921179726238,0.0187151216961747,-0.411010844465737,0.684566474480296,27,0.94339881649595,-0.164584373536922
"IL12B",-0.0217576035274233,0.0528978686900493,-0.411313424646846,0.68434750217428,27,0.94339881649595,-0.16472331355306
"TOMM20L",-0.0061131015820668,0.0148605966871771,-0.411363131020283,0.684311533180003,27,0.94339881649595,-0.164746140473914
"KLK3 4",-0.0135065630097515,0.0328056075892682,-0.41171506953494,0.684056881853397,27,0.94339881649595,-0.164907783589928
"RBM24",-0.0102708658156361,0.0249106480675964,-0.412308254195778,0.683627758887805,27,0.94339881649595,-0.165180310949787
"DRAXIN",-0.00682410625703748,0.0164660590866251,-0.414434699956865,0.682090332470801,27,0.942541208761558,-0.166158105848325
"KIF3B",-0.0143031031362455,0.034460393851234,-0.415059189340439,0.681639090311796,27,0.942273372389097,-0.166445511815427
"BHMT2",-0.00746368511502704,0.0179576855169591,-0.415626229113902,0.681229464595897,27,0.941884968896423,-0.166706576160594
"RAPGEF5",-0.00590455862070947,0.014202613157397,-0.415737481213748,0.681149108523634,27,0.941884968896423,-0.16675780744021
"LMAN2 2",-1.22498496319527e-05,2.9420931428652e-05,-0.416365119563244,0.680695844726744,27,0.941884968896423,-0.167046900515945
"TPM3 2",-0.00993592016009295,0.0238615005969142,-0.416399635879475,0.680670921504241,27,0.941884968896423,-0.167062802208676
"CWF19L1",-0.00697107225908331,0.0167047200911653,-0.417311527582562,0.680012605251788,27,0.941884968896423,-0.167483036792947
"MRPL52",-0.00308681515917987,0.0073867642671043,-0.417884617345442,0.679599010500927,27,0.941884968896423,-0.167747262137159
"ECHDC1",-0.00342458586099276,0.0081895641119634,-0.418164607318978,0.679396980941809,27,0.941884968896423,-0.167876387350045
"UBE2E3",-0.0106508012813285,0.0253961441030367,-0.419386550891989,0.678515561474927,27,0.941868112544168,-0.168440187524964
"VBP1",-0.00437373145135897,0.010427942566312,-0.419424198354193,0.678488412787757,27,0.941868112544168,-0.168457564813836
"SMCO1",-0.0110713643003898,0.0263862197474615,-0.419588876555721,0.678369663719555,27,0.941868112544168,-0.16853358170326
"GDF10 2",-0.00608695787893631,0.0144919183122295,-0.420024302358898,0.678055720014861,27,0.941868112544168,-0.168734616013951
"IFNL2",-0.00919055430414773,0.0218644767351624,-0.420341836462407,0.677826814066983,27,0.941868112544168,-0.168881254957198
"TLR2",-0.0145022989744709,0.0344924920278577,-0.420447990906491,0.677750295830723,27,0.941868112544168,-0.16893028418256
"CCL7",-0.0146855772640994,0.0348926223740299,-0.420879150517208,0.677439543661299,27,0.941868112544168,-0.169129456211235
"AGFG2",-0.00534405863231514,0.0126615705701072,-0.422069174019532,0.676582153405651,27,0.941868112544168,-0.169679462030846
"TXNDC9",-0.00397408146001606,0.00941491858220673,-0.422104708109392,0.676556558572058,27,0.941868112544168,-0.169695891529016
"PABPN1",-0.00357197077984729,0.00845875161797713,-0.42228108131889,0.676429524659961,27,0.941868112544168,-0.169777444662317
"HERPUD2",-0.0130273207157535,0.0307407420302449,-0.423780294663555,0.675350101635046,27,0.941759636965747,-0.170471030441951
"NCR3LG1",-0.0155470590799683,0.0366681543664427,-0.423993499225484,0.675196653303616,27,0.941759636965747,-0.170569719011806
"RAB3D",-0.0306031114016409,0.0721752337918035,-0.424011254191688,0.675183875283322,27,0.941759636965747,-0.170577938063527
"DARS2",-0.00451965757264965,0.0106523362569103,-0.424287918034664,0.67498477671716,27,0.941759636965747,-0.170706021927921
"FOXG1",-0.00497106773725494,0.0117098733011449,-0.424519344438074,0.674818251388826,27,0.941759636965747,-0.170813179831783
"PLVAP",-0.00476185193218804,0.0112056182962909,-0.424952180797043,0.674506844732902,27,0.941759636965747,-0.17101363885398
"SMIM13",-0.0103584068561094,0.0243439106804942,-0.425502993009632,0.674110645175196,27,0.941759636965747,-0.171268814673487
"ECE1",-0.00254879274847015,0.00598926040132222,-0.425560516271335,0.674069274185168,27,0.941759636965747,-0.171295468671855
"MYB",-0.0153347317373994,0.036024861653068,-0.425670801600245,0.673989959402041,27,0.941759636965747,-0.171346573210628
"NME7",-0.00926340672494649,0.0217205582003455,-0.426481061835655,0.673407355990805,27,0.941759636965747,-0.171722143889767
"CD38",-0.0171518206823205,0.0401558089660403,-0.427131743176331,0.672939645432103,27,0.941759636965747,-0.172023885005139
"XRCC1",-0.00307447127400566,0.00718266774554749,-0.428040302422664,0.672286796451406,27,0.941578038543487,-0.172445418099143
"G0S2",-0.0372612834093741,0.0870301777568577,-0.428142103920246,0.672213662886239,27,0.941578038543487,-0.172492664648752
"PFDN1",-0.00834486409867404,0.0194809278786169,-0.428360710058053,0.672056628712797,27,0.941578038543487,-0.172594130962086
"TULP1",-0.0189418830748185,0.0442094661106134,-0.428457630033924,0.671987011790353,27,0.941578038543487,-0.17263912093768
"PBK",-0.0143490154938393,0.0333887439125728,-0.429756073825709,0.671054636986481,27,0.941062882798604,-0.173242118317258
"KIR2DL4 2",-0.0184232723332241,0.0428485942658467,-0.429962117751637,0.67090673215481,27,0.941062882798604,-0.173337850212346
"SNPH",-0.0153203243281888,0.0356165180769119,-0.430146604873206,0.670774312955159,27,0.941062882798604,-0.173423576888001
"CYTIP",-0.020360808523957,0.0472329513721644,-0.431072120891351,0.670110169724075,27,0.941062882798604,-0.173853791075376
"MEOX2",-0.0168049478356726,0.0389807290460005,-0.431109121018268,0.670083624397367,27,0.941062882798604,-0.173870995287128
"DDX23",-0.0081005404343775,0.0187733413827186,-0.431491670514994,0.669809194173153,27,0.941062882798604,-0.17404889538788
"CLEC10A",-0.0122241476270052,0.0282934404380579,-0.432048822544829,0.669409592664964,27,0.941062882798604,-0.17430806847718
"STIM1",-0.00795692277304377,0.0183963232882871,-0.432527883335792,0.669066079267697,27,0.941062882798604,-0.174530987696852
"HAT1 2",-0.0124907015640117,0.0288104230442061,-0.433548009511914,0.668334836581176,27,0.940723570582828,-0.175005900928286
"BARD1",-0.0328179163830893,0.0755724107181084,-0.434257900088737,0.667826172616664,27,0.940723570582828,-0.175336564616392
"SAYSD1",-0.00892343158360451,0.0204767189823559,-0.435784248018129,0.666733033817734,27,0.940129534009945,-0.17604802687631
"CAND1",-0.000138726252593477,0.000318326494221272,-0.435798637913712,0.666722731638891,27,0.940129534009945,-0.176054737529246
"POMC 2",-0.0126061241019137,0.0288727362650247,-0.436609955710509,0.666141991629475,27,0.939874144616646,-0.176433188835019
"PGM2",-0.011101376966412,0.0254185514985258,-0.43674309950572,0.666046707778436,27,0.939874144616646,-0.176495314044172
"HSD11B1",-0.00333161771950445,0.00762403438345679,-0.436988810902224,0.665870880366902,27,0.939874144616646,-0.176609977106992
"UBE4A",-0.010682569308649,0.0244189821059491,-0.437469885611919,0.665526686904922,27,0.939695443554664,-0.176834525098141
"BDNF 2",-0.00878449891502859,0.0200490563938933,-0.438150242208119,0.665040041304383,27,0.939519020002094,-0.17715220553295
"GRAMD2B",-0.0050658047697997,0.0115562966587743,-0.438358837556617,0.664890867158311,27,0.939519020002094,-0.177249632411807
"PC",-0.00897678052192055,0.0204745517163574,-0.43843599832024,0.664835690246816,27,0.939519020002094,-0.177285674450782
"ALKBH3",-0.0127810603821447,0.0290531416801541,-0.439920078966031,0.663774813783799,27,0.939214420508541,-0.177979230448405
"BTD 2",-8.42584206141283e-06,1.91162236996273e-05,-0.440769170407706,0.663168172638275,27,0.939214420508541,-0.178376325007926
"ITGB1",-0.00170862327550686,0.00385967884242594,-0.442685349030991,0.661800002676049,27,0.938900796151263,-0.179273235420056
"REPS2",-0.022093170595745,0.0498925170570844,-0.442815313776756,0.661707249901659,27,0.938900796151263,-0.179334107044426
"PAPOLG",-0.0379365440921832,0.0851820950857968,-0.445358194747064,0.65989356549663,27,0.938256126044054,-0.180526106344547
"DCTD",-0.0077589112957959,0.0174180317367725,-0.445452816543875,0.659826118262511,27,0.938256126044054,-0.18057049753153
"SNTB1",-0.00802387332885817,0.0180102863840114,-0.445516143262517,0.659780980068878,27,0.938256126044054,-0.180600208296879
"SNX8",-0.0160035740349148,0.035901352116639,-0.445765217502704,0.659603456992045,27,0.938256126044054,-0.180717076877375
"SYAP1",-0.0129594820209781,0.0290598807404392,-0.445957852915204,0.659466173595469,27,0.938256126044054,-0.180807476080606
"OPTC",-0.00670335124920648,0.0150255509995905,-0.446130145203272,0.659343398221701,27,0.938256126044054,-0.18088833789513
"PCNA",-0.00367237936262237,0.00822135681692486,-0.446687748068816,0.658946117540435,27,0.938256126044054,-0.181150096500961
"ILK",-0.0278711301598437,0.0623082881757124,-0.447310156896716,0.658502784504304,27,0.938256126044054,-0.181442384267426
"GOSR1",-0.0102531686135292,0.0228713016725983,-0.448298429197552,0.657799113722451,27,0.938256126044054,-0.181906715994301
"KIF22",-0.0292323353636606,0.0652045913715935,-0.448317131489543,0.657785800393508,27,0.938256126044054,-0.181915505856869
"UBB 2",-1.55618289873146e-05,3.47005719176655e-05,-0.448460302736172,0.657683886973379,27,0.938256126044054,-0.181982798074254
"AK5",-0.00915195294647975,0.0203629469346452,-0.44944147700492,0.656985640593344,27,0.938256126044054,-0.182444122493834
"ATG3",-0.00667318607619321,0.0147965883172693,-0.450994914037369,0.655880796755575,27,0.937832678329602,-0.183175084428316
"EXTL2",-0.0139148860831159,0.0308428502172029,-0.451154351336659,0.655767446033425,27,0.937832678329602,-0.183250146615975
"AP1S2",-0.00682942932689576,0.0150824050879296,-0.452807711176072,0.654592498830399,27,0.937088714105857,-0.184028975708783
"SPARCL1",-5.33128000640977e-05,0.000117632987349646,-0.453213008232406,0.654304615981455,27,0.937012124199436,-0.184220015834599
"C6orf89",-0.00577124555625195,0.0127185026663166,-0.453767688513869,0.653910714507218,27,0.937012124199436,-0.184481546544196
"FOXC2",-0.0140689306441694,0.0310028419654829,-0.453794870155229,0.653891414323698,27,0.937012124199436,-0.184494364940831
"NR1D2",-0.0240166615648946,0.052918716643853,-0.453840589644842,0.653858951991025,27,0.937012124199436,-0.184515925954791
"SPARC",-0.00193955279130062,0.00426923132445233,-0.454309603743346,0.653525976776007,27,0.937012124199436,-0.184737145120528
"CBLIF",-0.0121069763635863,0.0266400180769745,-0.454465771329585,0.65341512228189,27,0.937012124199436,-0.184810818670529
"CD207",-0.01564174952459,0.0343846251400247,-0.454905338094921,0.653103142390486,27,0.936788421912372,-0.18501822663648
"GET3",-0.00819145703180249,0.0179931913724944,-0.455253148939686,0.652856331310452,27,0.936788421912372,-0.185182379802893
"HP",-3.49415990636507e-06,7.67026558441905e-06,-0.455546143468997,0.65264844987509,27,0.936686787205555,-0.185320689156228
"ANAPC10",-0.00301983562486601,0.00662728459773515,-0.455667110764796,0.65256263117423,27,0.936686787205555,-0.185377799594259
"COL10A1",-0.0133412653477725,0.0291161535237622,-0.458208373468168,0.650760894247468,27,0.935077626454507,-0.186578552727822
"SPHK1",-0.0187706004427431,0.0409271991553487,-0.458633887246839,0.650459419153679,27,0.935011468215999,-0.186779793010744
"GPX5",-0.0140405694023127,0.0306061613014211,-0.458749768193266,0.650377328398762,27,0.935011468215999,-0.186834606286876
"INPP5D",-0.026029478592916,0.056698789052764,-0.459083501213632,0.650140935080685,27,0.935011468215999,-0.186992488444494
"DEFB121",-0.0169991747796847,0.0369106838991552,-0.460548897607227,0.649103392265877,27,0.934530173997735,-0.187686121205493
"APOD",-0.00170394288381773,0.00369877308673938,-0.460677863675012,0.649012115113091,27,0.934530173997735,-0.187747196146234
"ITM2C",-0.00561170484900145,0.0121813647832436,-0.46067948451234,0.649010967983227,27,0.934530173997735,-0.187747963763045
"PPCDC",-0.00651977668890145,0.0141293934630515,-0.461433585663158,0.648477357000931,27,0.934530173997735,-0.188105183652732
"PRSS35",-0.0178931745679978,0.0387593018823009,-0.461648525619305,0.648325297969529,27,0.934530173997735,-0.188207031683827
"FGF5",-0.00926054892629107,0.0200508610323299,-0.461852930473131,0.648180706417619,27,0.934530173997735,-0.188303900210732
"NVL",-0.0214234204113278,0.0463528029543249,-0.462181767787333,0.647948123585279,27,0.934530173997735,-0.188459763485149
"AGAP3",-0.00884095194511581,0.0190933733722314,-0.463037713281913,0.647342894188074,27,0.934530173997735,-0.188865614839036
"MAPRE2",-0.0160154365291944,0.0345047294433383,-0.464151923158651,0.646555419493038,27,0.933800005150628,-0.189394243639772
"TAF15 2",-0.0198305453977952,0.0427136743592045,-0.464266905043766,0.646474179221088,27,0.933800005150628,-0.189448816561997
"GAL3ST2",-0.00952584448601851,0.0204923566792739,-0.464848657238776,0.646063211676037,27,0.933457425040511,-0.189724987981607
"CCNA2",-0.00780838096234738,0.0167813261236673,-0.465301782755711,0.64574318932205,27,0.93317921220425,-0.18994016565089
"HSPA1A 9",-0.011892306801347,0.0255523748733823,-0.465409061203742,0.645667433518429,27,0.93317921220425,-0.189991118193699
"METTL3",-0.00914472514320305,0.0196366537620662,-0.465696714623991,0.645464323281796,27,0.933144611126782,-0.190127757471993
"ARPC2",-0.00995429623689435,0.0213630914437229,-0.465957666432177,0.64528009114851,27,0.9330625216864,-0.190251733990541
"SAP30L",-0.020204922289205,0.0433292461605498,-0.466311419643415,0.645030378046424,27,0.9330625216864,-0.190419831555024
"SH3GL2 2",-0.0139591515611947,0.0299294893937372,-0.46640125989305,0.644966966902832,27,0.9330625216864,-0.190462527937126
"ESD",-0.000486019848380198,0.00104057372154812,-0.467069116119057,0.644495665789815,27,0.932849499653467,-0.190779998915537
"KDM1A",-0.020954500493377,0.0448506916388868,-0.467205738143152,0.644399271322184,27,0.932849499653467,-0.190844959346757
"LANCL2",-0.00184855842617009,0.0039483516667295,-0.468184848311977,0.643708640132852,27,0.932632288623117,-0.19131066154551
"LYPD3",-0.0104225862348784,0.0222492332995532,-0.4684469839726,0.643523793861114,27,0.932549029069124,-0.191435390715236
"ARL14",-0.00146936048656395,0.00313393697146645,-0.468854511096438,0.643236470542082,27,0.932317204679981,-0.191629339716466
"HSP90AB1",-1.52359776784451e-05,3.23528980767466e-05,-0.470930846513433,0.641773448481929,27,0.931487592453648,-0.192618254545463
"NEUROG3",-0.00463133803378417,0.00983104134042747,-0.471093333189339,0.641659019666099,27,0.931487592453648,-0.192695696568554
"GSPT2",-0.0110871596060257,0.0235102931274778,-0.471587467919211,0.641311088148624,27,0.931381840747124,-0.192931251147579
"ZG16",-0.00709642897233288,0.015032285875756,-0.472079165536493,0.640964955607576,27,0.93123723754774,-0.193165714634544
"AIDA",-0.000364323672101672,0.000771688199247977,-0.472112535162144,0.640941467923607,27,0.93123723754774,-0.193181629324344
"PRPS1",-0.0297862235505011,0.0630163424251119,-0.472674585737801,0.640545917992296,27,0.93123723754774,-0.193449732092782
"SRPK1",-0.00629647891941685,0.0132931952942761,-0.473661808167975,0.639851410441138,27,0.930925592359359,-0.193920868387728
"ICAM1",-0.000676739956588139,0.00142783099014128,-0.473963628231083,0.639639147848844,27,0.930925592359359,-0.194064963977643
"ANXA2",-0.000186463269458005,0.000393285123641052,-0.474117270777291,0.639531106862177,27,0.930925592359359,-0.19413832654102
"HDLBP",-0.0152220649192114,0.0320725708401614,-0.474613182556302,0.639182438513023,27,0.930925592359359,-0.194375165736713
"FGB",-0.00559995250955735,0.0117878884867436,-0.475059847728873,0.638868467127611,27,0.930925592359359,-0.194588546975757
"CTNNB1 2",-0.0189176458765718,0.0398194968635108,-0.475085005252972,0.638850785358175,27,0.930925592359359,-0.194600566979184
"CLEC7A",-0.00379921050545798,0.00798429165277893,-0.47583563710823,0.638323309863117,27,0.930925592359359,-0.194959296005594
"LTA4H",-0.00187180102659394,0.00393329921236773,-0.475885745154681,0.638288105415636,27,0.930925592359359,-0.194983248630646
"SPDEF",-0.0128724948659886,0.0270415633812691,-0.476026281635216,0.638189373212384,27,0.930925592359359,-0.195050431721397
"RBP7",-0.0040195236015346,0.00844248819480511,-0.476106511349098,0.638133011850331,27,0.930925592359359,-0.195088787906064
"MINAR1",-0.0146013693562154,0.0306645715998692,-0.476164139735698,0.638092529286596,27,0.930925592359359,-0.195116340017321
"WDR48",-0.00401343412645772,0.00842458245673013,-0.476395613322238,0.637929936162445,27,0.930925592359359,-0.195227017217618
"MITD1",-0.0106982579699613,0.0224551583510884,-0.476427634251921,0.637907445275508,27,0.930925592359359,-0.195242328993606
"PIAS4",-0.00634212971801136,0.0132854075067888,-0.477375625457521,0.637241754715747,27,0.930925592359359,-0.19569577516763
"KLHL7",-0.0146309384686296,0.0306025846047576,-0.478094862169092,0.636736905312615,27,0.930925592359359,-0.196039977670119
"SLC30A3",-0.00956670398293116,0.0199668693144152,-0.479128892581293,0.636011408197254,27,0.930925592359359,-0.196535094300201
"TAF8",-0.00148287485169279,0.00309440794311459,-0.479211170263558,0.635953696371833,27,0.930925592359359,-0.196574504072133
"ELF5",-0.0252120631928572,0.0526110256761852,-0.479216340468908,0.635950069926145,27,0.930925592359359,-0.196576980588663
"UBA7",-0.00545311617543177,0.0113784221440708,-0.47925064709199,0.635926007072899,27,0.930925592359359,-0.196593413580169
"ZBTB7A",-0.0114891206215834,0.0238992693418839,-0.48073104065355,0.634888039601146,27,0.930925592359359,-0.197302854346581
"GMPS",-0.00322010667975527,0.0066939867379114,-0.481044675741317,0.634668234200706,27,0.930925592359359,-0.197453238028545
"EEF2KMT",-0.00403228608209494,0.00838054694371671,-0.481148319933717,0.634595604579788,27,0.930925592359359,-0.197502940293209
"SRSF6",-0.0418452799684632,0.0866914550194948,-0.482692094152224,0.633514232725993,27,0.930925592359359,-0.198243623677262
"MYORG 2",-0.0300134802524189,0.0621656909127799,-0.482798144953116,0.633439977468217,27,0.930925592359359,-0.198294531039946
"LMAN2",-0.00681022108349907,0.0140906343798453,-0.483315434913288,0.633077834586484,27,0.930925592359359,-0.198542891794113
"SPAG7",-0.0137290743527791,0.0283500268432157,-0.484270241742804,0.632409641179382,27,0.930925592359359,-0.199001517805154
"RNF149",-0.0143549347926381,0.0296417335268907,-0.48428121721071,0.632401962171104,27,0.930925592359359,-0.199006791240207
"CARD18",-0.0129375162606179,0.0266636147882399,-0.485212390119137,0.63175061837318,27,0.930925592359359,-0.199454324309625
"PTRHD1",-0.00139052782554397,0.00286257272463588,-0.485761571601937,0.631366614880273,27,0.930925592359359,-0.199718386264839
"KLRF1 2",-0.02256929259851,0.0463992392061374,-0.486415143538058,0.630909756109596,27,0.930925592359359,-0.200032756804188
"MZB1",-0.00125669294411462,0.00258299131656877,-0.486526197766705,0.630832142033175,27,0.930925592359359,-0.200086186693772
"STIP1",-0.000684802667253195,0.00140408158919387,-0.487722844971114,0.629996098113494,27,0.930925592359359,-0.200662140344872
"ADAMTS13",-0.00161012882423066,0.00329646489973743,-0.488441064353184,0.629494551591818,27,0.930925592359359,-0.201008024450238
"FEV",-0.0117081692099707,0.0239283068936636,-0.4893020330273,0.628893559317764,27,0.930691277090227,-0.201422852985044
"ADAM32",-0.043254187151096,0.0883516526578938,-0.48956851230141,0.628707598426239,27,0.930604190877173,-0.201551290827408
"PKP2",-0.0192181872784135,0.0392538202567214,-0.489587692426518,0.628694214660063,27,0.930604190877173,-0.201560536075407
"CMPK1",-0.0147768208283837,0.0301696694702654,-0.489790610498649,0.628552627683946,27,0.930604190877173,-0.201658353688664
"KLRB1 2",-0.0144919846186161,0.0294733743771368,-0.491697504099085,0.627222793036724,27,0.930604190877173,-0.202578167941265
"IMPDH1",-0.00694441635609962,0.0141173673079249,-0.491905906011336,0.627077534892221,27,0.930604190877173,-0.202678757583931
"EIF3J",-0.0165949356325145,0.0337117741865174,-0.49225933766344,0.626831224683164,27,0.930604190877173,-0.202849377918447
"NNAT",-0.00143380838245535,0.00291151007234395,-0.492462106202177,0.626689933093684,27,0.930604190877173,-0.202947281583702
"IL18RAP 2",-0.0222193765537522,0.0450906268581532,-0.49277151598824,0.626474360589396,27,0.930604190877173,-0.203096698464566
"SOD3",-6.07804522676346e-06,1.23307539066285e-05,-0.492917567959584,0.626372614775155,27,0.930604190877173,-0.203167238038268
"BTN3A1",-0.00289449576056252,0.00586666908365208,-0.493379755921167,0.626050685339092,27,0.930604190877173,-0.203390504693737
"MGAT4A",-0.00894262206881442,0.01811197634091,-0.493740821017718,0.625799243971797,27,0.930604190877173,-0.203564965860767
"BIRC2 2",-0.00204261166954016,0.00412296484016978,-0.495423014438331,0.624628393763442,27,0.930604190877173,-0.204378277911603
"SPAG11A",-0.0182211558223977,0.0367787549498883,-0.495426118889135,0.624626233913097,27,0.930604190877173,-0.20437977962481
"PDE6H",-0.0114336530901113,0.0230605915756634,-0.495809183931672,0.624359751468648,27,0.930604190877173,-0.204565100930668
"ALPG 2",-0.0114135657459385,0.0230182534737416,-0.495848469083835,0.624332425365605,27,0.930604190877173,-0.204584108939184
"INS",-0.03298875578667,0.0663912360466879,-0.496884193622657,0.623612190322021,27,0.930398378917367,-0.205085403845863
"PRKAA1|PRKAB1|PRKAG1",-0.0108809664972476,0.0218600031410129,-0.497756858819162,0.623005641717403,27,0.930007678110559,-0.205508020506733
"TFAM",-0.00480704444879921,0.00964812689039427,-0.498236031035737,0.622672706950907,27,0.929930839205208,-0.2057401698983
"CS",-0.000900906851041758,0.00180765254754837,-0.498384964667914,0.622569242695536,27,0.929930839205208,-0.205812338933881
"SAMD12",-0.0171375062240008,0.0343678936748364,-0.498648720987768,0.622386030476613,27,0.929930839205208,-0.205940163696721
"IL4R",-0.0240641573524544,0.0481831506922367,-0.499430963038531,0.621842810102661,27,0.929725628053536,-0.206319382724862
"CDKN1B",-0.0231315614597089,0.0460781709333865,-0.502006937149248,0.620055495722493,27,0.928051652224557,-0.207569438876812
"ACADVL",-0.0112242281011049,0.0222783965513081,-0.503816694134833,0.618801235355345,27,0.927901682458659,-0.208448827959945
"TYMSOS",-0.00887669735036453,0.0176188896969368,-0.503817068104344,0.618800976295576,27,0.927901682458659,-0.208449009776408
"KLHL40",-0.0137634905257995,0.0272993978541958,-0.504168282366862,0.618557701950806,27,0.927901682458659,-0.208619781127903
"GPX2",-0.023148636283855,0.0458401935912689,-0.504985569874732,0.61799176599467,27,0.927901682458659,-0.209017311330118
"ACP1",-0.000858862956055151,0.0017003582786134,-0.505107051177198,0.617907666007026,27,0.927901682458659,-0.209076416722795
"EPHX2",-0.0371535910657579,0.0735556918478525,-0.505108308172926,0.617906795832359,27,0.927901682458659,-0.209077028322785
"GPR107",-0.0193048501845935,0.0381686556631692,-0.505777577155322,0.617443564862296,27,0.927901682458659,-0.209402731329762
"USP46",-0.0100625472575259,0.0198885289744157,-0.505947286019505,0.617326127419435,27,0.927901682458659,-0.209485341769386
"CLIC2",-0.000645092288240087,0.00127478944499055,-0.50603830363913,0.617263148088094,27,0.927901682458659,-0.209529650555541
"CAMK2D",-0.00660314449127136,0.0130395356786,-0.506394142707718,0.617016955120258,27,0.927901682458659,-0.209702901746344
"TNC 2",-0.000124377196560829,0.000245291022839105,-0.50705971674476,0.616556589649342,27,0.927901682458659,-0.210027056222269
"NDUFAF2",-0.0214862898415415,0.0423630002971902,-0.507194714510497,0.616463233648601,27,0.927901682458659,-0.21009281995986
"SPINK7",-0.010877864645995,0.0214291428239025,-0.507620147729925,0.616169073723419,27,0.927901682458659,-0.210300103241281
"PSMD5",-0.0158228403273375,0.0311388533487377,-0.508138181908323,0.615810974430797,27,0.927901682458659,-0.210552575757166
"DBT",-0.00619166908139733,0.0121779112747288,-0.508434405680559,0.615606248674182,27,0.927901682458659,-0.210696980538182
"ARL6IP5",-0.011989802438566,0.0235774574911259,-0.50852821781478,0.615541419980245,27,0.927901682458659,-0.210742717933928
"F5",-2.7953859222828e-06,5.49223278614243e-06,-0.508970764920215,0.615235641595952,27,0.927901682458659,-0.210958513095963
"IGF2",-4.23664474483125e-06,8.31713613230239e-06,-0.5093874474865,0.614947799134578,27,0.927871565841765,-0.211161748468469
"STX1B",-0.0177731008505045,0.0348880994231414,-0.509431615489939,0.614917291759681,27,0.927871565841765,-0.211183294221212
"OPRPN",-0.0154961534341858,0.0304182174444576,-0.509436605300136,0.614913845281764,27,0.927871565841765,-0.211185728354315
"ANXA7 2",-0.00103805330437396,0.00203762906978135,-0.509441742743369,0.614910296842658,27,0.927871565841765,-0.211188234513482
"USP8",-0.00521511769366621,0.0102120795523405,-0.51068126398124,0.614054437366902,27,0.927871565841765,-0.21179312592712
"KNG1 3",-1.57604865737699e-05,3.08601266047676e-05,-0.510707126241508,0.614036586034168,27,0.927871565841765,-0.21180575159599
"UBA1",-0.00126115571014139,0.00245753876039805,-0.51317835977371,0.612331946672046,27,0.927832557811686,-0.21301308189784
"NFKBIB",-0.021527249457443,0.0419406415205932,-0.51327897421104,0.612262590599861,27,0.927832557811686,-0.213062275257032
"MLF1",-0.00246263597439121,0.00479361900724066,-0.513732103171206,0.611950283055641,27,0.927832557811686,-0.213283859997681
"SNCAIP",-0.00509192402787328,0.00990247965003038,-0.514206967126427,0.611623075501859,27,0.927832557811686,-0.213516137756
"NPEPL1",-0.0259916118290383,0.0505238037433187,-0.514442894305548,0.611460539180821,27,0.927832557811686,-0.213631565069233
"TTC9B",-0.0116920515153441,0.0227112582517197,-0.514813022940231,0.611205588922061,27,0.927832557811686,-0.213812683184144
"RETNLB",-0.00631080089944934,0.0122578048804259,-0.514839399142896,0.611187422498432,27,0.927832557811686,-0.213825591598156
"ZNF696",-0.0162415507761328,0.0314964104637164,-0.51566354822696,0.610619923565386,27,0.927458186809583,-0.21422902946195
"KMT5C",-0.0147235618068698,0.0285462704207943,-0.515778824688234,0.610540565384873,27,0.927458186809583,-0.214285475474167
"RBM17",-0.0168987844487246,0.0327340140395832,-0.516245408469917,0.610219411167675,27,0.927234601319749,-0.214513981503633
"FZD10",-0.00272067111183265,0.00526838143019754,-0.516414983971773,0.610102710395456,27,0.927234601319749,-0.214597045640008
"MCL1 2",-0.00482450530825146,0.00932220237095727,-0.517528489113463,0.609336664649196,27,0.927046647395278,-0.215142688975884
"ITGA1|ITGB1",-0.000459010216986844,0.000885801232644659,-0.518186473523431,0.608884211840361,27,0.927046647395278,-0.215465286907058
"POLR3K",-0.00420635890485836,0.00811179177636067,-0.518548678371713,0.608635214993781,27,0.927046647395278,-0.215642923428668
"CCNB1IP1",-0.000724792824904424,0.00139586201005853,-0.51924389350924,0.608157425856406,27,0.927046647395278,-0.215983985972234
"PSPC1",-0.0109278244909625,0.0210376909933096,-0.519440298578286,0.60802247789248,27,0.927046647395278,-0.216080365062427
"FAM89B",-0.00742115613843147,0.014285848787232,-0.51947603876811,0.607997922687725,27,0.927046647395278,-0.216097904554238
"MAPK13",-0.0194626440940642,0.0374504952575654,-0.519689898897466,0.607851000441952,27,0.927046647395278,-0.216202864174968
"TMEM52B",-0.0114539646805835,0.0220208403832545,-0.520142032785156,0.607540439058096,27,0.927046647395278,-0.216424809292982
"PRL 2",-0.000206223647819302,0.00039605788507274,-0.520690675761768,0.607163688491728,27,0.927046647395278,-0.216694209377436
"KCNAB2",-0.0221063969654944,0.0424333582751619,-0.520967414884867,0.606973695032202,27,0.927046647395278,-0.21683012992953
"APOH",-1.00589351768114e-05,1.92889772290996e-05,-0.52148618650637,0.606617611655256,27,0.927046647395278,-0.217084985166694
"UBXN2B",-0.0137577179973148,0.0263660011857827,-0.521797670430712,0.606403857575523,27,0.927046647395278,-0.217238044647714
"GDF7 2",-0.0193011627782908,0.0369516935691119,-0.522334997777335,0.606035203737028,27,0.927046647395278,-0.217502147542174
"BRD1",-0.0136288435140977,0.0260728223381062,-0.522722217693279,0.6057696027839,27,0.927046647395278,-0.217692523136591
"NSMCE2",-0.0217435133707505,0.0415641540329763,-0.523131382717414,0.605489009385473,27,0.927046647395278,-0.217893735603608
"MMP2",-6.99322541470242e-05,0.000133678380674846,-0.523138100521465,0.605484403027458,27,0.927046647395278,-0.217897039583443
"ULBP2 2",-0.0221976415094731,0.0424214035243294,-0.523265136589419,0.605397298291584,27,0.927046647395278,-0.217959521502463
"IL27|EBI3",-0.0231632345862276,0.0442220155240262,-0.523794185130317,0.605034609997806,27,0.927046647395278,-0.218219781543981
"CYTL1",-3.56507856144286e-06,6.79199252508917e-06,-0.524894358801736,0.604280718972475,27,0.927046647395278,-0.218761262738882
"DOCK9",-0.0144999703817389,0.0276192186338771,-0.524995676885429,0.604211313533829,27,0.927046647395278,-0.218811147054609
"APBB2",-0.0102819213396516,0.0195738631539503,-0.525288301996561,0.604010879288282,27,0.927046647395278,-0.218955238908145
"COL25A1",-0.015262295379986,0.029049477280791,-0.525389673365249,0.603941452125003,27,0.927046647395278,-0.219005161132981
"BATF",-0.0133525837840355,0.0254093543205127,-0.525498744108429,0.603866756066421,27,0.927046647395278,-0.219058878413395
"SSU72",-0.0283668935307456,0.0539294545388036,-0.526000008220646,0.603523526753976,27,0.927046647395278,-0.219305795425332
"SH3GLB2",-0.0154197597817318,0.0292971738984373,-0.526322430797816,0.603302804338887,27,0.927046647395278,-0.219464655943212
"RAB3A",-0.0132835724553359,0.0252009608502036,-0.527105793080448,0.60276669469094,27,0.927046647395278,-0.21985075222924
"UBE2D1",-0.0250707235131809,0.0475063654582593,-0.527733984095435,0.602336944063607,27,0.927046647395278,-0.220160498757181
"COQ5",-0.00800599231942222,0.0151546687624739,-0.528285536616063,0.601959743245363,27,0.927046647395278,-0.220432551717246
"C4BPA",-0.000143006246908638,0.000270649218514819,-0.528382264295392,0.60189360387564,27,0.927046647395278,-0.220480271754583
"TRPT1",-0.0215143964977179,0.0406533564485827,-0.529215749379237,0.60132383686969,27,0.927046647395278,-0.220891580096319
"IL5",-0.0355188724438487,0.0670772591140199,-0.52952182174696,0.601114671904106,27,0.927046647395278,-0.221042671716578
"NDUFAF3",-0.0272624473424902,0.0514430183208024,-0.529954272365583,0.600819201489887,27,0.927046647395278,-0.221256196230508
"ST6GALNAC3 2",-0.0201674739508699,0.0380333111279522,-0.530258169819141,0.600611606246812,27,0.927046647395278,-0.221406279729039
"SPANXN4",-0.0169039693483775,0.0317948769591142,-0.531657014119435,0.599656486215693,27,0.927046647395278,-0.222097464388917
"NPLOC4",-0.0111292898044436,0.0209215284794538,-0.531953954290348,0.599453831680874,27,0.927046647395278,-0.222244259468116
"STAU2",-0.0205672625767478,0.038620354938636,-0.532549807204703,0.599047275686501,27,0.927046647395278,-0.22253890255293
"ANPEP",-0.0109456759487817,0.0205258578981078,-0.533262775330366,0.598560985212391,27,0.927046647395278,-0.222891594310343
"APBB3 2",-0.000354930894450581,0.000665162607856724,-0.533600190777762,0.59833091226167,27,0.927046647395278,-0.223058559120407
"PRSS27 2",-0.000897354339810252,0.00168136369896849,-0.533706264956698,0.598258592423436,27,0.927046647395278,-0.223111055162855
"CDH8",-0.00621620956301573,0.0115964230661094,-0.536045427764933,0.596664856179161,27,0.927046647395278,-0.224269541537411
"FGF22",-0.0121468786107553,0.0226280721761972,-0.536805721502548,0.596147288920713,27,0.927046647395278,-0.224646426731593
"MMP16",-0.00531946009299486,0.00990736413717748,-0.536919812307446,0.596069640742433,27,0.927046647395278,-0.224702997267652
"TRIP10",-0.00387338043769338,0.00719876013112868,-0.538062161697015,0.595292447739099,27,0.927046647395278,-0.225269627150986
"SPR",-0.0201307536045965,0.0373452509292814,-0.539044539899249,0.594624483143921,27,0.927046647395278,-0.225757213066833
"MRPL12",-0.00697812847302557,0.0129281963343689,-0.539760403736644,0.594137963005042,27,0.927046647395278,-0.226112697081544
"CSDE1",-0.0288354362281187,0.0534158687695765,-0.539829022579564,0.594091337956289,27,0.927046647395278,-0.226146779731056
"GNAI1",-0.0119782562481727,0.0221636404672323,-0.540446244193586,0.593672028785772,27,0.927046647395278,-0.226453412637291
"TRADD",-0.00692819174023704,0.0128103671145219,-0.540826947292027,0.593413470016826,27,0.927046647395278,-0.22664259976575
"BCL2L2 2",-0.00906507985045557,0.0167133298019427,-0.542386224521331,0.592355040748439,27,0.927046647395278,-0.227417911487479
"RPL5",-0.00448180949234668,0.00823256754102189,-0.544399966354891,0.590989484408718,27,0.926474093224032,-0.228420246536506
"SLAMF6",-0.0205624455121173,0.0377523519906897,-0.54466660824704,0.590808784719211,27,0.926389186748627,-0.228553055799637
"CHMP6",-0.00276642736321542,0.00506138385002276,-0.546575293474922,0.589516082002623,27,0.925154820223195,-0.229504342850945
"OLFM4",-0.00224595444962778,0.00410110477938433,-0.547646200340424,0.588791391154532,27,0.924612135272915,-0.230038548537091
"DNAJC17",-0.0424646063264866,0.0775279386191518,-0.547732947409961,0.588732707860317,27,0.924612135272915,-0.230081835686628
"FGF16 2",-0.00407279469244167,0.00742651110307496,-0.548412927135506,0.588272809469968,27,0.924612135272915,-0.23042122465361
"ADH6",-0.000122307356126063,0.000222950381973998,-0.548585541963,0.588156090965367,27,0.924612135272915,-0.230507401051744
"CMPK1 2",-0.00317453393295352,0.00578477572553487,-0.548773899555112,0.588028740493865,27,0.924612135272915,-0.230601446827167
"RPS4X",-0.00688064618146145,0.0125372484793529,-0.548816288740938,0.58800008260143,27,0.924612135272915,-0.230622612914775
"APOC2",-0.017287767185559,0.0314814142730986,-0.549142012350178,0.587779894765297,27,0.924612135272915,-0.230785273217168
"MAP3K3 2",-0.00198147969954964,0.00360525714477874,-0.549608424580558,0.587464672458957,27,0.924612135272915,-0.231018244830595
"CD70 2",-0.0179233140615194,0.0326008491958153,-0.549780588654728,0.587348337231724,27,0.924612135272915,-0.231104256386454
"RACK1",-0.000427537561301276,0.000776977159802325,-0.550257566657492,0.587026091321132,27,0.924612135272915,-0.231342595404907
"TAC1",-0.00382739951398404,0.00694566163123449,-0.551048944966208,0.586491628559178,27,0.924612135272915,-0.23173818251947
"PRG2",-0.0327972217812877,0.059375281059497,-0.552371646854577,0.585598867419019,27,0.924612135272915,-0.232399771898684
"2024-03-01 00:00:00",-0.00371102812533948,0.00671715450140374,-0.552470264687816,0.585532331874724,27,0.924612135272915,-0.232449119093578
"ST3GAL5",-0.0251429819015682,0.0454801627823706,-0.552834034958959,0.585286935321312,27,0.924612135272915,-0.232631170027606
"PVR",-0.0277162180520964,0.0500913456581262,-0.553313505316064,0.584963565858447,27,0.924612135272915,-0.232871182874037
"DGCR2",-0.0271448738319093,0.0490141431868311,-0.553817165148414,0.584623977185715,27,0.924612135272915,-0.233123376891844
"USP19",-0.0227304434477194,0.0410095546783841,-0.554271891659933,0.58431746500041,27,0.924612135272915,-0.233351132618454
"BLOC1S1",-0.0186622953492402,0.0335823437516314,-0.555717477233363,0.583343583381468,27,0.924612135272915,-0.234075574890109
"NTAQ1",-0.0179406118121898,0.0322712241304082,-0.555932174735353,0.583199011554519,27,0.924612135272915,-0.234183220761381
"RFX5",-0.0348812968833449,0.0627348943993977,-0.556011087884764,0.583145877905246,27,0.924612135272915,-0.234222789933257
"CDSN",-0.0155777384425358,0.0279981810602691,-0.556383945407132,0.582894858593259,27,0.924612135272915,-0.234409775345205
"ZDHHC14",-0.0300566051443462,0.0539706888862692,-0.556906086703535,0.58254342669474,27,0.924612135272915,-0.234671693871212
"EZR",-4.34639099028547e-05,7.80228193795875e-05,-0.55706664086822,0.582435385365579,27,0.924612135272915,-0.234752247702271
"IFT20",-0.00701859659279448,0.0125650107934626,-0.558582615499713,0.581415733783888,27,0.924531839059914,-0.23551321989434
"INO80E",-0.0202310216431825,0.0361922901137012,-0.558987054414768,0.581143856028929,27,0.924433269579166,-0.235716349285587
"CD164L2",-0.00667075707010775,0.0119246560947771,-0.559408759220274,0.580860438775974,27,0.924303569331976,-0.235928201431101
"MRPL2",-0.0110110854954629,0.0196709510110713,-0.559763759732085,0.580621905042092,27,0.924303569331976,-0.236106583627576
"RAB26",-0.0133398917937389,0.023807300316349,-0.560327782507035,0.580243024138198,27,0.924295014462577,-0.236390072063769
"GSK3B",-0.031762420927503,0.0566639708456559,-0.560539977228547,0.58010051468766,27,0.924295014462577,-0.236496749209335
"CYREN",-0.0300831794168482,0.0535977317067164,-0.561277099961274,0.579605600185265,27,0.924263253965656,-0.236867427000365
"MYBPC2",-0.0220868126940186,0.0392804002829482,-0.562285835554649,0.578928661791587,27,0.923988823408809,-0.237374948706143
"PKLR 2",-0.0151645804820013,0.0269292788385646,-0.5631261265075,0.578365063526686,27,0.923828217393449,-0.23779794872844
"AREG",-0.00847779446199631,0.0150548610913923,-0.563126714390182,0.578364669319011,27,0.923828217393449,-0.23779824473919
"COX6C",-0.004549679639465,0.00807236145452563,-0.563611982081687,0.578039316362423,27,0.923828217393449,-0.238042621270567
"IL6|IL6R",-0.0110452412560262,0.0195728950640701,-0.56431310850391,0.577569399981047,27,0.923828217393449,-0.238395824045433
"ACLY",-0.0184548066834945,0.0326369426814546,-0.565457581723214,0.576802749195061,27,0.923010475815747,-0.238972678320876
"SSB",-0.00826124768751707,0.0146056527046563,-0.565619890775806,0.57669406409463,27,0.923010475815747,-0.239054518754205
"RCAN1",-0.0170169517490031,0.0300504932163674,-0.566278617341782,0.57625307396468,27,0.922735948052367,-0.239386744895419
"JAG2",-0.0172705404849226,0.0304615674247529,-0.566961648562071,0.575795991219741,27,0.922735948052367,-0.239731363072397
"STARD5",-0.00793340877171285,0.0139539206411121,-0.568543348909328,0.574738219249348,27,0.922533863577182,-0.2405299219594
"SLC66A1L",-0.015913471845374,0.0279733228193147,-0.568880284554048,0.574513017499787,27,0.922533863577182,-0.240700126480872
"RILPL2",-0.0171312731736299,0.0300531578409369,-0.570032382763271,0.57374331061876,27,0.921899432668148,-0.241282364946266
"CD33",-0.000715033569219971,0.0012522629975212,-0.570993130544741,0.573101839979444,27,0.92121596606617,-0.241768197210308
"GLS",-0.00741842288027769,0.0129879035850678,-0.571179392554674,0.572977518624478,27,0.92121596606617,-0.241862417699056
"C1QL4",-0.0105173865693462,0.0184072056054476,-0.571373341222066,0.572848081207578,27,0.92121596606617,-0.241960537266569
"ALDH1A2",-0.000486417880818646,0.000851302003528277,-0.57138110659044,0.572842899064377,27,0.92121596606617,-0.241964466033114
"DPEP1",-0.0254468530394586,0.0445207444721371,-0.571572945178045,0.572714884940301,27,0.92121596606617,-0.242061529365404
"TOPBP1",-0.0261473622399618,0.0457047007937312,-0.572093499921743,0.572367590729479,27,0.92121596606617,-0.242324965348726
"H1-2",-0.0197598873171867,0.0344897425802147,-0.572920695804848,0.571815935681774,27,0.92121596606617,-0.242743745651302
"IL36A",-0.00147812837825214,0.00257975082561096,-0.572973313382729,0.571780854212774,27,0.92121596606617,-0.242770390861473
"SLC35G2",-0.00976238024440033,0.0170253770383614,-0.573401706311929,0.571495274228095,27,0.92121596606617,-0.242987356493803
"PARP11",-0.0057166687513209,0.0099608623483065,-0.573913035982554,0.571154500305943,27,0.92121596606617,-0.243246396913104
"RGS19",-0.00885046790471646,0.0154097590146591,-0.574341746441143,0.570868866774402,27,0.92121596606617,-0.243463641275623
"ACVR2B",-0.0170951256790484,0.0297323281012763,-0.574967611712672,0.57045200607943,27,0.920979726097753,-0.243780888268831
"POLR2M",-0.0139512078837276,0.0242510960178909,-0.575281540819239,0.570242969995263,27,0.920979726097753,-0.243940060038309
"CD200R1",-0.0201096868451717,0.0349495484295539,-0.575391893423339,0.570169498671043,27,0.920979726097753,-0.243996019073497
"TEC",-0.00644918985730981,0.011188924723489,-0.576390494769439,0.569504860703845,27,0.920979726097753,-0.244502564881019
"ACAN",-0.00020011927072778,0.000347090188986834,-0.576562740975,0.569390258671709,27,0.920979726097753,-0.244589967187856
"TPM1",-0.0162161490313807,0.028067107629371,-0.577763453417308,0.568591703089243,27,0.920979726097753,-0.245199481840174
"CGA|TSHB",-0.0198293141412957,0.0342889008572014,-0.578301247505025,0.568234217622699,27,0.920979726097753,-0.24547261771396
"ANKS3",-0.0277099872550949,0.0479029115774028,-0.578461440915139,0.568127755020467,27,0.920979726097753,-0.245553993405732
"BMP3 2",-0.0231876466534999,0.0400847228910876,-0.578465933680071,0.568124769329192,27,0.920979726097753,-0.245556275766771
"MTHFD2L",-0.0387489999196385,0.0669724739607171,-0.578580984515622,0.568048314386276,27,0.920979726097753,-0.245614724537206
"TCP1",-0.00401063015859542,0.00693053921964038,-0.578689483096746,0.567976218410091,27,0.920979726097753,-0.245669848143717
"MSR1 4",-0.019022464368495,0.0328089508526568,-0.579794960647291,0.567241907025499,27,0.920979726097753,-0.246231691580956
"SMAD3",-0.00547239420122216,0.00940340079150023,-0.58195905104552,0.565805812333166,27,0.920511764596407,-0.247332595494695
"AKR1A1",-5.94163961740225e-05,0.000101907604186856,-0.583041831354193,0.565087973017197,27,0.920153258554026,-0.247883935858798
"PDE5A",-0.00199919158831439,0.0034239224269951,-0.583889276390212,0.564526475657809,27,0.919803028591231,-0.248315685337844
"NEK7",-0.00323587868750272,0.00554174895771187,-0.583909287879179,0.564513219954233,27,0.919803028591231,-0.248325883170461
"CTNNA3",-0.0217221201823238,0.0370921836150872,-0.585625273716384,0.563377134377092,27,0.919002673969405,-0.249200783575614
"RPS3",-0.0165768942433414,0.0282762886297693,-0.586247171981731,0.562965689317843,27,0.919002673969405,-0.249518072988797
"CANX",-0.0320450459114766,0.0546155295056306,-0.586738720681504,0.562640591800722,27,0.918824843313202,-0.249768938791628
"PLAC8L1",-0.00759926026452532,0.012946225591034,-0.586986547630397,0.562476721970884,27,0.918824843313202,-0.249895446067768
"GNGT2",-0.0397098247611101,0.067604653226116,-0.587383010874908,0.562214620685725,27,0.918824843313202,-0.250097864526216
"PDZD7",-0.0037302966948937,0.00634078232274055,-0.588302279596538,0.561607134367501,27,0.918824843313202,-0.250567383790009
"IL10RA",-0.00948291443991738,0.0161114149274379,-0.588583590120808,0.561421301418181,27,0.918824843313202,-0.250711113410044
"RAB8B",-0.00115078329508852,0.00195434898509316,-0.588832037607482,0.56125720394473,27,0.918824843313202,-0.250838071621822
"CSTL1",-0.0113105132011287,0.0192016729458309,-0.589037904824041,0.561121249035805,27,0.918824843313202,-0.250943284737533
"HPGDS",-0.008419347035211,0.0142804547913184,-0.589571351770212,0.560769038845106,27,0.918824843313202,-0.251215972626837
"CLEC4G 2",-0.0095592065297811,0.0162078114873889,-0.589790085923629,0.560624651701872,27,0.918824843313202,-0.251327809424991
"GNRH1",-0.0251519536187731,0.0426380072986656,-0.589895147833521,0.560555306776973,27,0.918824843313202,-0.251381531609449
"ANP32B",-0.000549281864754105,0.000930445578302229,-0.590342818068276,0.560259876518283,27,0.918824843313202,-0.251610478782935
"SPAST 2",-0.0206247697297861,0.0349151818674381,-0.590710648682622,0.560017194607851,27,0.918824843313202,-0.251798638335467
"GAL",-0.0116190650889883,0.0196632588102413,-0.590902311825173,0.559890763328211,27,0.918824843313202,-0.251896697121337
"EIF4A3",-0.0139193193984547,0.0235551183989858,-0.59092546947478,0.559875488295894,27,0.918824843313202,-0.25190854577678
"CDK2AP2",-0.0200049011508437,0.0338522203484008,-0.590947977561205,0.559860641927829,27,0.918824843313202,-0.251920062232404
"CFAP300",-0.0115815067593914,0.0195970700567548,-0.59098154600919,0.559838500504733,27,0.918824843313202,-0.251937238092435
"NPFF",-0.00810743219291657,0.0137158088247679,-0.59110128294266,0.559759526852983,27,0.918824843313202,-0.251998506191145
"SLAMF7",-0.00080911458152928,0.00136875839829545,-0.591130313820826,0.559740380120138,27,0.918824843313202,-0.25201336161073
"CDHR1",-0.016685620074563,0.0282220366722118,-0.591226645630155,0.559676848823893,27,0.918824843313202,-0.252062657424129
"TERF1",-0.0205155554681416,0.0346981468320899,-0.591257958744015,0.559656198472374,27,0.918824843313202,-0.252078681848204
"RTL6",-0.0197610954333439,0.0333952489741489,-0.591733735796995,0.559342481588169,27,0.918824843313202,-0.252322195120717
"LIN7C",-0.0101510873425898,0.0171451125285871,-0.592068866603486,0.559121558099396,27,0.918824843313202,-0.252493762287725
"EDN1",-0.018132259607898,0.0306232449491345,-0.592107715495724,0.55909595120708,27,0.918824843313202,-0.252513652750789
"GRB7",-0.0131680298083095,0.0222390043634316,-0.592114178904616,0.559091690968787,27,0.918824843313202,-0.252516962030757
"KREMEN2",-0.00546432773327464,0.00922422212955786,-0.592389001102313,0.558910562393661,27,0.918824843313202,-0.252657682930279
"SHMT1",-0.020883731328355,0.0352062962041851,-0.593181719747971,0.558388270410363,27,0.918824843313202,-0.253063713145565
"BDP1",-0.0144500453811979,0.0242796910411249,-0.595149475202235,0.557092880416261,27,0.918824843313202,-0.254072391739245
"MIA",-9.28407781419225e-06,1.5596756268579e-05,-0.595256965892056,0.557022163145693,27,0.918824843313202,-0.254127524502422
"EIF4E",-0.000797885386784519,0.00133928819288367,-0.595753319579831,0.556695676187195,27,0.918824843313202,-0.254382151812038
"DEFB128",-0.0148166102522091,0.0248484988190308,-0.596277882222061,0.55635074178644,27,0.918824843313202,-0.254651328567371
"CTNNB1",-0.0364823751276122,0.0611557738635973,-0.596548335877214,0.556172943953067,27,0.918824843313202,-0.254790142004919
"RILP",-0.022663695052604,0.0379797679846363,-0.596730739950069,0.556053047043164,27,0.918824843313202,-0.254883775074081
"CCDC9",-0.0128126473267357,0.0214425749001218,-0.597533056846774,0.555525831120001,27,0.918824843313202,-0.255295742209961
"A4GNT",-0.00015212981986544,0.000254342634224195,-0.598129449785213,0.555134099161986,27,0.918824843313202,-0.255602095271176
"CDYL2",-0.0293221093351823,0.0490007046849671,-0.598401788784438,0.554955264920988,27,0.918824843313202,-0.255742024050292
"DTX3L",-0.00791734241167273,0.0132189580788514,-0.598938461295181,0.554602940789431,27,0.918824843313202,-0.256017831899816
"EGFL6",-0.014502967742136,0.0241658261642719,-0.600143675765493,0.553812143766042,27,0.918824843313202,-0.256637525454369
"TNFSF14",-0.00908322382198628,0.015129990522855,-0.600345638568997,0.553679683945607,27,0.918824843313202,-0.256741411673524
"LTK",-0.019257330943611,0.0320724258824158,-0.600432627522857,0.553622636229427,27,0.918824843313202,-0.256786160985276
"CCDC167",-0.00960429695978899,0.0159857827805827,-0.600802418725153,0.553380159724635,27,0.918824843313202,-0.256976415626169
"COPB2",-0.00240137447563206,0.00399528608456306,-0.601051945919584,0.5532165729675,27,0.918824843313202,-0.257104818005022
"MORF4L1",-0.0198708238919478,0.0329395198946965,-0.603251776451884,0.551775481854066,27,0.918824843313202,-0.258237601305286
"ARMC3",-0.0187919827106652,0.0311440671004273,-0.603388846102484,0.551685753430751,27,0.918824843313202,-0.25830823098933
"CD74 2",-0.0229172971907308,0.0379378061214805,-0.604075446992044,0.551236405820336,27,0.918824843313202,-0.258662107637505
"BGLAP 2",-0.0140874754127445,0.0233179408522034,-0.604147488924318,0.551189268873108,27,0.918824843313202,-0.258699246315526
"TIMM50",-0.024335808665736,0.0402549523052298,-0.604541982343236,0.550931189606445,27,0.918824843313202,-0.258902640422934
"CD80",-0.0124896871844096,0.0205972731755917,-0.606375760419114,0.549732352745239,27,0.917808564298265,-0.259848703264811
"HNRNPR",-0.0225035493513145,0.0370955440302249,-0.606637533957687,0.549561328979447,27,0.917808564298265,-0.259983834903593
"WBP1L",-0.012840227812679,0.021133660270598,-0.60757235842117,0.548950809980489,27,0.917549972572411,-0.260466569777865
"NME4",-0.00950077496947713,0.015637067857671,-0.607580337692042,0.548945600374239,27,0.917549972572411,-0.260470691301947
"TCEAL3",-0.00656409866288541,0.0108000902883219,-0.607781832155897,0.548814054726693,27,0.917549972572411,-0.260574775194729
"LNX1",-0.00675547882831579,0.0111079830850105,-0.608164306392568,0.548564401859733,27,0.917549972572411,-0.260772378608086
"NARS1",-0.000972661882695132,0.00159915429877107,-0.608235167452326,0.548518155168248,27,0.917549972572411,-0.260808993323726
"CLTA",-0.00243451997515481,0.00399433746519241,-0.609492812354937,0.54769770702641,27,0.917549972572411,-0.261459077270707
"GHDC",-0.0127373152648099,0.0208744914570416,-0.610185656068435,0.547245992651159,27,0.917213349862439,-0.261817409980882
"LGALS2",-0.0199195243795557,0.0326341899718059,-0.610388197064644,0.547113978639811,27,0.917202069526462,-0.261922188953879
"MAP4K3",-0.0192257795469137,0.0314480882521912,-0.611349707261589,0.546487504974648,27,0.916791866062631,-0.262419763417111
"HP 2",-2.88227696238083e-06,4.71224072974656e-06,-0.611657410493935,0.546287100051111,27,0.916791866062631,-0.262579054734851
"HS3ST5",-0.00345765269771126,0.00564900952360846,-0.612081230038816,0.546011132673508,27,0.916791866062631,-0.262798502333022
"LHB",-0.0100809243060511,0.016467546806725,-0.612169160614397,0.545953886429266,27,0.916791866062631,-0.262844038092083
"ELMO2",-0.00974599751194296,0.0159126957113419,-0.612466780534011,0.54576014765018,27,0.916791866062631,-0.26299818044245
"PSG7",-0.0206288534507131,0.0336649541588349,-0.612769390784967,0.545563197459647,27,0.916791866062631,-0.263154933951426
"THOP1",-0.00036645601461603,0.000597433107987999,-0.613384175929185,0.545163187281809,27,0.916791866062631,-0.263473478039401
"C18orf32",-0.0232135521819055,0.037839561323084,-0.613473078709929,0.545105355441178,27,0.916791866062631,-0.263519551182491
"LIPK",-0.0196027011721825,0.0319278842386501,-0.613968060822916,0.544783425428735,27,0.916791866062631,-0.263776113933633
"SLC26A11",-0.00546166111843492,0.00889354318356022,-0.614115320036996,0.544687669267542,27,0.916791866062631,-0.263852456248218
"PDCD1",-0.0239735158467846,0.0390358426045426,-0.614141113582491,0.544670897777467,27,0.916791866062631,-0.263865828825097
"CEACAM20",-0.059577612297468,0.096998240970063,-0.61421332698039,0.544623944599099,27,0.916791866062631,-0.263903268654044
"PDHB",-0.00346415694893648,0.00563615825597495,-0.614630887140916,0.54435248866874,27,0.916791866062631,-0.264119787233281
"DAPP1",-0.0112424051112443,0.0182804420633678,-0.614996348133891,0.544114960980488,27,0.916791866062631,-0.264309332572423
"IL4",-0.0456838595066317,0.0740807230193819,-0.616676749964756,0.543023504871912,27,0.916791866062631,-0.265181371488063
"BPIFB1",-0.0022681174633244,0.00367289449170615,-0.617528619034958,0.542470640325865,27,0.916791866062631,-0.265623761791894
"SYT17",-0.00863952499197181,0.013969556626877,-0.618453772208462,0.54187055165525,27,0.916791866062631,-0.266104450392186
"FCAR",-0.0152751077176779,0.0246974993588742,-0.618488029727969,0.541848337706044,27,0.916791866062631,-0.266122254632119
"BAD",-0.00683459435612728,0.0110369517133469,-0.61924655771233,0.541356601294168,27,0.916787341678142,-0.266516563072211
"KCNAB3",-0.0191928154003455,0.0309780277023993,-0.619562213086244,0.541152038792135,27,0.916652956038228,-0.266680701008122
"NUDT10",-0.0293682020997944,0.0473934825351852,-0.6196675266054,0.541083798801215,27,0.916652956038228,-0.266735469572444
"MUC16",-0.0303107719810503,0.0488945819270833,-0.619920874387532,0.540919655748566,27,0.916652956038228,-0.266867237030773
"NRAC",-0.0119398339425127,0.0192600744827211,-0.619926675425077,0.540915897587852,27,0.916652956038228,-0.266870254399643
"APOE 3",-1.4777638019389e-05,2.38355810121729e-05,-0.619982286642896,0.540879870960273,27,0.916652956038228,-0.26689918068318
"ARL6IP1",-0.0078632566016464,0.0126532622543865,-0.621441051608685,0.539935293516007,27,0.916652956038228,-0.267658283422851
"TCN1 2",-0.00360030110344677,0.00578691734390789,-0.622144898481564,0.539479853014642,27,0.916577397057367,-0.268024769494409
"SIAH1",-0.0129063648921893,0.0207418614788021,-0.622237541475217,0.539419921414421,27,0.916577397057367,-0.268073018579099
"PPP4R3A",-0.00765642257929851,0.0122901127724842,-0.622974151745794,0.538943527420014,27,0.916577397057367,-0.268456739478886
"FABP12",-0.00241398224993146,0.00386551806030517,-0.624491261525985,0.537963059975667,27,0.916577397057367,-0.269247544778814
"NOTCH2",-0.0382423604657365,0.0612140107533568,-0.624732148655027,0.537807468504759,27,0.916577397057367,-0.269373171045623
"IGLL1",-0.0272127913208505,0.0435473054333577,-0.624901840654537,0.537697877092484,27,0.916577397057367,-0.269461678175735
"SLC6A9",-0.0356062311349471,0.0569347556762247,-0.625386562426504,0.537384896983412,27,0.916577397057367,-0.269714543427478
"GPHA2",-0.0150224164335836,0.0239993638801838,-0.625950608882078,0.537020819986315,27,0.916577397057367,-0.270008876628394
"PKM",-0.000203702431032864,0.000325288136211573,-0.626221519804745,0.536846000963427,27,0.916577397057367,-0.270150277659065
"DYNC1LI1",-0.0230336723412026,0.0367782777619953,-0.626284691476347,0.536805240601671,27,0.916577397057367,-0.270183252985715
"GNG12",-0.0231937813395356,0.0369959622142386,-0.626927371295915,0.536390657108053,27,0.916577397057367,-0.270518795327812
"PRNP",-0.016527670797801,0.0263315546060459,-0.627675465618202,0.535908287614799,27,0.916577397057367,-0.270909526707937
"PITPNB",-0.00865231187259277,0.0137692227890637,-0.628380556051784,0.535453859169613,27,0.916577397057367,-0.271277947000911
"IL15",-0.00763575653917515,0.0121372203386756,-0.629119050829423,0.534978122707173,27,0.916577397057367,-0.27166397757096
"ADSS2",-0.0165388240841497,0.0262396228245812,-0.63029961195388,0.534218078188342,27,0.916577397057367,-0.27228141933862
"SDHAF4",-0.0370949642775778,0.0588186534159338,-0.630666669895725,0.533981884431834,27,0.916577397057367,-0.272473476351113
"DNAJC12",-0.0292179221246526,0.0462655275295047,-0.631526834013069,0.533428606917373,27,0.916577397057367,-0.27292369750775
"None 3",-0.0765567288953061,0.121155925098193,-0.631885967056576,0.533197695217112,27,0.916539170388466,-0.27311173652122
"PPIC",-1.40788092545582e-05,2.22780048839557e-05,-0.631960057819074,0.533150063767851,27,0.916539170388466,-0.273150534512622
"PGK2",-0.0212635372732816,0.0335779439467145,-0.633259061574023,0.532315331606603,27,0.916097917887151,-0.273831025211318
"YY2",-0.00337346697707056,0.00532445905960692,-0.633579287455279,0.532109664253027,27,0.915959288031134,-0.273998853284173
"AKT1 2",-0.0128244471876006,0.0202351012239034,-0.633772326893591,0.531985703929605,27,0.915959288031134,-0.274100038358915
"TCEAL1",-0.0110138596631728,0.0173752387502909,-0.633882493441326,0.531914967410181,27,0.915959288031134,-0.274157789013515
"TCEA2 2",-0.0354813878866826,0.05591305039823,-0.634581508860153,0.531466256460175,27,0.915959288031134,-0.274524304232608
"NR0B2",-0.00878019906964222,0.0138254346644476,-0.635075806493137,0.531149080577854,27,0.915959288031134,-0.274783565951829
"AMIGO1 2",-0.00696534330515446,0.0109482670459864,-0.636205097655881,0.530424830868756,27,0.915858534620322,-0.275376153425185
"CPTP 2",-0.00241422998120619,0.00379426663776256,-0.63628369107708,0.530374446259363,27,0.915858534620322,-0.275417408652862
"POMC",-0.0186534445849831,0.0292976069898937,-0.636688334013685,0.530115078897879,27,0.915858534620322,-0.275629842276113
"CD70",-0.0292388889171167,0.0459051031736166,-0.636942015063837,0.529952509706153,27,0.915858534620322,-0.275763046807987
"C12orf76",-0.0144244287385477,0.0226089402628464,-0.637996676131326,0.529276928006314,27,0.915858534620322,-0.276317037159187
"CAPS",-0.000570112052038854,0.000893047943601995,-0.638389076558846,0.529025687683868,27,0.915858534620322,-0.276523239593353
"MNAT1",-0.00875654469791897,0.0136938945447243,-0.639448819276364,0.528347493200872,27,0.915858534620322,-0.277080348790628
"SELPLG 2",-0.00525413866938383,0.00820163336024597,-0.640621012742547,0.527597882171729,27,0.914861225812228,-0.277696956421688
"ATG7",-0.0218079082744328,0.0340231824840638,-0.640972027959096,0.527373521936717,27,0.914823489652197,-0.277881678800159
"HOMER1 2",-0.00955898979176443,0.0149036223817037,-0.641387009610456,0.527108342559272,27,0.914823489652197,-0.278100110139084
"VHLL",-0.0282548921776221,0.044036560718236,-0.641623499128565,0.526957254577404,27,0.914823489652197,-0.278224612214542
"LRIT3",-0.025211799814578,0.039293355055464,-0.641630112241386,0.526953029941317,27,0.914823489652197,-0.27822809398366
"HNRNPC",-0.0221469686325726,0.034471906597046,-0.642464279433574,0.526420288382952,27,0.914769269226582,-0.278667381242565
"HMGB2",-0.00827977457908933,0.0128746146078716,-0.643108538101562,0.52600903191655,27,0.914769269226582,-0.279006798664051
"STAMBP",-0.00808595217539136,0.0125615314358067,-0.64370751422413,0.525626837480742,27,0.914769269226582,-0.2793224686533
"AKR1B10",-0.0120017161670457,0.0186136306431104,-0.644781042299666,0.524942218339321,27,0.914588762604038,-0.279888497808196
"ERC1",-0.0208465143277754,0.0322991618275727,-0.645419668753739,0.524535178096208,27,0.914588762604038,-0.280225380414646
"KNG1 2",-0.0132083665596341,0.0204430108330491,-0.646106714294787,0.524097468662808,27,0.914588762604038,-0.280587937890288
"TPD52L1",-0.00812824425907395,0.0125800727007891,-0.646120610937652,0.524088617308783,27,0.914588762604038,-0.280595272645561
"PCDH8",-0.00845962896914468,0.0130890495484202,-0.646313465148867,0.523965788775309,27,0.914588762604038,-0.28069706841922
"PMS2",-0.0224341481052938,0.0347028879459668,-0.64646343382788,0.523870284790796,27,0.914588762604038,-0.280776235103084
"JDP2",-0.0286504676053969,0.0443068869444583,-0.646636890587963,0.523759834792556,27,0.914588762604038,-0.280867809073788
"PTK2B",-0.0098108939132452,0.0151621339882985,-0.647065506795868,0.523486964292095,27,0.914588762604038,-0.281094128515222
"DTYMK",-0.00590729368684539,0.00912824396472489,-0.647144588781094,0.523436626680571,27,0.914588762604038,-0.281135891538088
"TOMM20",-0.0133250904176554,0.0205776434141888,-0.647551818711537,0.523177456626196,27,0.914588762604038,-0.281350977745287
"CLEC1A",-0.00653895451566816,0.0100975051143259,-0.64758120363722,0.523158758118811,27,0.914588762604038,-0.281366499827891
"IL1F10",-0.02429599588157,0.0375151235707157,-0.647632036604444,0.523126412440235,27,0.914588762604038,-0.281393352066876
"TLK1",-0.032121014487599,0.0495575738780768,-0.648155508310884,0.522793383947864,27,0.914588762604038,-0.281669917138004
"VAMP7",-0.0276064571396011,0.0425715351577112,-0.64847220184402,0.5225919621641,27,0.914588762604038,-0.281837274315205
"LCK 2",-0.0141845952067309,0.0218630458013927,-0.648793188999649,0.522387852740902,27,0.914588762604038,-0.282006930410112
"LRRTM4",-0.00888812900346667,0.0136907447640946,-0.649207121790535,0.522124705190465,27,0.914588762604038,-0.282225756944329
"EPB41",-0.00037179181549161,0.000572642801159242,-0.649256071566717,0.522093591359933,27,0.914588762604038,-0.282251637672447
"ISCU",-0.024537903349811,0.0377875074903034,-0.649365490859845,0.522024045090277,27,0.914588762604038,-0.2823094923818
"DAB2",-0.0043236954720698,0.00665685467074621,-0.649510269627852,0.521932032310331,27,0.914588762604038,-0.282386048557991
"COL8A1",-0.0210991306263107,0.0324661596286396,-0.649880702480695,0.521696647493069,27,0.914588762604038,-0.282581954115154
"IL17A|IL17F",-0.00847944640608322,0.0130475016809092,-0.649890424500972,0.521690470592432,27,0.914588762604038,-0.282587096202526
"S100A8 2",-0.0140521919230838,0.0216087574048576,-0.6503007859177,0.521429783233309,27,0.914588762604038,-0.282804166254633
"PPID",-0.018575709277169,0.0285484654151185,-0.650672777225068,0.521193532448059,27,0.914588762604038,-0.283000982137402
"HIF1A",-0.0295268019645703,0.0453654547524498,-0.650865336315752,0.521071261599405,27,0.914588762604038,-0.283102878614026
"IGFBP2",-8.55220641097426e-06,1.31254536197704e-05,-0.651574159546942,0.520621309243992,27,0.914588762604038,-0.28347806001149
"GCNT1",-0.0210843328696763,0.0323359518043203,-0.65203996459629,0.520325737550397,27,0.914588762604038,-0.283724691498423
"GPR142",-0.0252133087850415,0.0386631747330615,-0.652127223362265,0.520270378625132,27,0.914588762604038,-0.283770899773498
"DCAF11",-0.0328518756624408,0.0503619895768785,-0.652314889432473,0.520151329960063,27,0.914588762604038,-0.283870286739604
"MZB1 2",-0.0117325283519014,0.0179545525553737,-0.653457016860599,0.519427126439694,27,0.914588762604038,-0.284475373621912
"IGFBP6",-1.60445306008367e-05,2.45373058921502e-05,-0.653883139060088,0.519157071106696,27,0.914588762604038,-0.284701226362306
"KIFBP",-0.00917366422939443,0.0139949588339934,-0.655497764460147,0.518134499010462,27,0.914588762604038,-0.28555749006944
"IL7 2",-0.0161772987877393,0.0246685506921525,-0.655786348765335,0.517951849695431,27,0.914588762604038,-0.28571061165156
"ITGA11|ITGB1",-0.0241332461832766,0.0367930509469917,-0.655918592291944,0.517868162599711,27,0.914588762604038,-0.285780787634888
"B3GNT4",-0.0107496579136072,0.0163739684766674,-0.656509014838112,0.517494618612402,27,0.914588762604038,-0.2860941620432
"CABP5",-0.0321286950371657,0.048897626437827,-0.657060421491361,0.517145892553595,27,0.914588762604038,-0.286386920362899
"ATP6V1C2",-0.00330141936853308,0.00501968993785875,-0.657693883367897,0.516745431723575,27,0.914588762604038,-0.286723354054351
"KAT2B",-0.0189001785104452,0.0287234892393049,-0.658004267969728,0.51654927556722,27,0.914588762604038,-0.286888243193372
"RAD51",-0.00999867606247761,0.0151886938727131,-0.658297293122782,0.516364127775035,27,0.914588762604038,-0.287043936139331
"CDK20",-0.000888627664291625,0.00134980920505254,-0.658335756613126,0.516339827348773,27,0.914588762604038,-0.287064374796476
"B3GLCT",-0.0284916334905335,0.0432581673490188,-0.658641714075752,0.516146552246743,27,0.914588762604038,-0.287226969311891
"NME2",-0.00110047711478358,0.00166919491806316,-0.659286164170996,0.515739579640749,27,0.914588762604038,-0.28756953805232
"PF4V1",-0.0173474421587459,0.0262459630594066,-0.660956586713192,0.51468552455373,27,0.914588762604038,-0.288458046039402
"ACTN1",-0.0107437545742488,0.0162434618235573,-0.661420249633455,0.514393158853914,27,0.914588762604038,-0.288704815923165
"THOC1",-0.00976079234651853,0.0147451982518962,-0.661964130951127,0.51405032769986,27,0.914588762604038,-0.288994359657734
"IKBKG",-0.0270173565974893,0.0408067478501953,-0.662080612174048,0.513976921108225,27,0.914588762604038,-0.289056381511287
"GALK1",-0.0100013850154825,0.0150923149289221,-0.662680646579693,0.513598870464062,27,0.914588762604038,-0.289375940063355
"MAGEB10",-0.016790742122245,0.0253323845617877,-0.662817275700638,0.513512808989615,27,0.914588762604038,-0.289448718952529
"NRAS",-0.0198630286691593,0.0299432079475773,-0.663356735321554,0.5131730859662,27,0.914588762604038,-0.289736128842066
"EXOSC5",-0.0140137855545352,0.0211139197345053,-0.663722592997892,0.512942758918192,27,0.914588762604038,-0.289931096628913
"NANS",-0.00173600539735654,0.00261274693079642,-0.664436871743783,0.512493246830501,27,0.914588762604038,-0.29031185297186
"RHOC",-0.00424604646330012,0.0063897704285847,-0.664506888120015,0.512449195638365,27,0.914588762604038,-0.290349184218738
"UBE2L3|UBB 2",-0.0332855449855935,0.0500894687007965,-0.664521821631224,0.512439800407812,27,0.914588762604038,-0.290357146635745
"GGCT",-0.00492366780749373,0.00739775651059139,-0.665562295872337,0.511785433787898,27,0.914588762604038,-0.290912078971619
"SIRT1",-0.00339023993826197,0.00508785943802974,-0.666339150983863,0.511297162190247,27,0.914588762604038,-0.291326617695009
"RLN3",-0.0291316813618461,0.0436916638250003,-0.666756053935786,0.511035235395499,27,0.914588762604038,-0.291549154639704
"IFNGR2",-0.0174985696798101,0.02623548735979,-0.666980927010694,0.510893985714056,27,0.914588762604038,-0.29166920983794
"DLX4",-0.051001309761593,0.0764182149969313,-0.667397292172305,0.510632511120919,27,0.914588762604038,-0.291891537845661
"KCTD10",-0.0174489136808298,0.0260893551833367,-0.668813527901004,0.509743680172495,27,0.914588762604038,-0.292648149921036
"TPM4",-0.000786022570638048,0.00117516406901804,-0.668861983922676,0.509713284331517,27,0.914588762604038,-0.292674047524315
"PKD2 2",-0.0380688868063589,0.0569085323537158,-0.668948666075962,0.509658912239181,27,0.914588762604038,-0.292720377019612
"CRYGD",-0.00778594466379319,0.0116314607609225,-0.669386659494323,0.509384226534539,27,0.914588762604038,-0.292954507419266
"BIN2",-0.00487153507955837,0.00727496122891345,-0.669630383760266,0.509231411525109,27,0.914588762604038,-0.293084815090513
"mdh 3",-0.0237534078754514,0.0354607540035742,-0.669850614937775,0.509093348584956,27,0.914588762604038,-0.293202577077218
"SIGLEC11 2",-0.0064588141257375,0.00963663745186961,-0.670235251455311,0.508852269831668,27,0.914588762604038,-0.293408283889685
"GLDN",-1.1722508343083e-05,1.74889459507051e-05,-0.67028100928006,0.508823594410348,27,0.914588762604038,-0.293432758435435
"TNFAIP3",-0.0284252995057249,0.0424050347091718,-0.670328410309654,0.508793890176218,27,0.914588762604038,-0.293458112530016
"BCL2L14",-0.0127398664334212,0.0189873822345067,-0.67096486898907,0.508395141663789,27,0.914588762604038,-0.293798608312147
"PRKCZ",-0.00920098973924748,0.0136950449198558,-0.67184808761798,0.507842083430251,27,0.914588762604038,-0.294271313221549
"FNDC4",-0.0189165145018025,0.0281422957855563,-0.672173821423309,0.507638198399572,27,0.914588762604038,-0.294445705864204
"ECH1",-0.0165446212592123,0.0246041051695673,-0.672433366106576,0.50747577545496,27,0.914588762604038,-0.294584684128711
"CRIPT",-0.00836115617790062,0.0124339291390231,-0.672446825489755,0.50746735336874,27,0.914588762604038,-0.294591891755361
"CAPSL",-0.0286447739108965,0.042453704776024,-0.67472966286499,0.506040015950728,27,0.914588762604038,-0.295815139248252
"NMT1 2",-0.0258365723000832,0.0382597818259777,-0.675293247034164,0.505687981797743,27,0.914588762604038,-0.296117367706084
"CRLF2 2",-0.0133952841139204,0.0198200166420205,-0.675846259660602,0.5053426839852,27,0.914588762604038,-0.296414017343937
"ENTPD5",-0.00927528884980641,0.0137167423058058,-0.676202019620981,0.505120619225933,27,0.914588762604038,-0.29660490305116
"ITGB1BP2",-0.0238079200387542,0.0351879408587796,-0.676593158272687,0.504876534109305,27,0.914588762604038,-0.296814814180077
"CDH1",-0.00623679554946682,0.00921356648878126,-0.676914369377042,0.504676135718361,27,0.914588762604038,-0.296987230972411
"PABPC3",-0.00963711255121991,0.0142354708931815,-0.676978838531848,0.504635919820912,27,0.914588762604038,-0.297021839778004
"ATP5F1B",-0.0127130558188907,0.0187781430698777,-0.677013471011617,0.504614316799345,27,0.914588762604038,-0.297040431942206
"AIP",-0.0073599452497933,0.0108591252164984,-0.677765943670234,0.504145067726276,27,0.914588762604038,-0.297444477348668
"TLE5",-0.0207445448166488,0.0305974641266433,-0.677982486744222,0.504010074683706,27,0.914588762604038,-0.297560782332629
"PSMA6",-0.0079786396168472,0.0117596410617772,-0.678476458161674,0.50370220844012,27,0.914588762604038,-0.297826145010355
"PPFIA1",-0.0165911289717233,0.024439999257813,-0.678851451536744,0.503468565255813,27,0.914588762604038,-0.298027640030165
"MED20",-0.0187991850422941,0.0276910011526408,-0.678891490367847,0.503443622269726,27,0.914588762604038,-0.298049156506688
"CNDP1",-1.7363104022239e-05,2.55542536282024e-05,-0.679460424665921,0.503089268159386,27,0.914588762604038,-0.298354946893832
"WWOX",-0.0226494115226691,0.0332994338034784,-0.680174073119021,0.502644978261056,27,0.914588762604038,-0.298738651961941
"MTIF3",-0.0432136625820273,0.0634449436996472,-0.681120670334326,0.502056003182569,27,0.914588762604038,-0.299247835610789
"CES1",-0.0072421501932945,0.0106304258648402,-0.681266233862528,0.501965467581471,27,0.914588762604038,-0.29932615886029
"SHD",-0.00577011381485933,0.00846437484778384,-0.681694031588177,0.501699444896909,27,0.914588762604038,-0.299556379495156
"MECP2",-0.0257493098899119,0.0377151024710762,-0.682732067602339,0.501054279568012,27,0.914588762604038,-0.300115224152786
"ELP1",-0.00961802237114395,0.0140618129654842,-0.683981673967087,0.500278237013321,27,0.914588762604038,-0.300788389282493
"CFL1",-0.00242342705602615,0.00353874530304164,-0.68482664009279,0.499753871569885,27,0.914588762604038,-0.301243832737761
"APOC1",-1.16631138403548e-05,1.70245731517053e-05,-0.68507525777153,0.499599644432752,27,0.914588762604038,-0.301377879387071
"RTF2",-0.00441285216736177,0.00643163494115207,-0.686116704032228,0.498953886604582,27,0.914582224294478,-0.301939590085193
"PNKP",-0.0161409786184309,0.0235077039973105,-0.686625057907722,0.49863884834111,27,0.914233661083213,-0.302213889163704
"SULT1C2",-0.0193362868201326,0.0281483690805952,-0.686941640020721,0.498442712031215,27,0.91410297965444,-0.302384749646081
"CSF3R",-0.0144642949893014,0.021039804321523,-0.687472885596418,0.498113680247918,27,0.913728452291408,-0.302671530593263
"PPP1R9B",-0.00876120132160058,0.0127333176672986,-0.688053306335148,0.497754331567232,27,0.913527064779069,-0.30298495195839
"E2F5",-0.00340000329294094,0.00493859669514126,-0.688455345277732,0.497505508039246,27,0.913527064779069,-0.303202106681454
"WWP2",-0.0233607159889973,0.0338735184886653,-0.689645393548777,0.49676939434809,27,0.912990186798571,-0.303845168618882
"KATNAL1",-0.0199369027790578,0.0289037601172749,-0.689768483344909,0.496693291350936,27,0.912990186798571,-0.303911705817028
"DEPP1",-0.0119057296195958,0.0172547809347519,-0.689995988046255,0.496552648879689,27,0.912990186798571,-0.304034697006055
"SCCPDH",-0.0190387075597367,0.0275555955998567,-0.690919834802473,0.495981762152222,27,0.912990186798571,-0.30453429274826
"ABL2",-0.00777610624532204,0.0112471479711916,-0.691384719507535,0.495694629436752,27,0.912990186798571,-0.30478578639769
"ITGA5|ITGB1",-0.0256153353866456,0.0370236190065892,-0.691864708906138,0.495398266218438,27,0.912990186798571,-0.305045517679699
"FCRLA",-0.0364917230967741,0.0526151848199922,-0.693558774365615,0.494353090346579,27,0.912546387904011,-0.305962746596802
"TNFSF9",-0.0238356361540273,0.0343449637434967,-0.694006735078899,0.494076924408757,27,0.912546387904011,-0.306205429122052
"ICAM3",-0.00911081592362865,0.013114317542896,-0.694722839661905,0.493635630814777,27,0.912546387904011,-0.306593500296207
"CD81",-0.0260868155035693,0.0375177845745576,-0.695318654856287,0.493268635243506,27,0.912546387904011,-0.306916498512578
"PHYHD1",-0.0291010568165226,0.0418488094804602,-0.695385536119259,0.493227449050524,27,0.912546387904011,-0.306952762085516
"DEFB110",-0.0197626719187752,0.0284186949231447,-0.695410960011403,0.493211793260009,27,0.912546387904011,-0.306966547472673
"APTX",-0.0338610098440887,0.0486189661421596,-0.69645680545902,0.492568016403566,27,0.912546387904011,-0.307533791340598
"AGO2",-0.0240037975133586,0.0344318635596126,-0.697139075025677,0.492148298728951,27,0.912546387904011,-0.307904011836145
"UTS2R",-0.0194541251613458,0.0278577385407488,-0.698338277993718,0.491411068171276,27,0.91217556543659,-0.308555066025298
"PLIN3",-0.0316032561521835,0.0451967774397192,-0.699236935516786,0.490859015687812,27,0.911864807700239,-0.309043227838372
"CD38 2",-0.0122451848810992,0.0175039287070107,-0.699567799096139,0.490655852635025,27,0.911864807700239,-0.309223016442415
"CEACAM4",-0.0289700457290773,0.0413889238080311,-0.699946823054528,0.490423176185351,27,0.911864807700239,-0.309429014322481
"FNTA",-0.0170917786346342,0.0244125589629139,-0.700122369826083,0.49031543229752,27,0.911864807700239,-0.309524437457101
"STUB1 2",-0.0188032719415937,0.0268353957709257,-0.700689198031719,0.489967627065952,27,0.911864807700239,-0.309832613545105
"TAC4",-0.0203996172624716,0.0290649139773631,-0.701864016468779,0.489247208232907,27,0.911864807700239,-0.310471643855965
"COX6A2",-0.0424294632614647,0.0604106687240422,-0.702350497977167,0.48894906670209,27,0.911864807700239,-0.310736378508891
"LRRTM1 2",-0.0406591087937328,0.0578232290425856,-0.70316219738936,0.488451845750762,27,0.911864807700239,-0.311178244955557
"COQ7",-0.0155873427898655,0.0221189199998262,-0.704706323364249,0.487506762715345,27,0.911631420137687,-0.312019355371422
"GCA",-0.0386298306487639,0.0547902336143729,-0.705049569977199,0.4872968208162,27,0.911520257343589,-0.312206421999549
"RAB5B",-0.00181128320350528,0.00256697957406312,-0.705608732459958,0.486954927988513,27,0.911520257343589,-0.312511234743779
"TIMM23",-0.0151927570508661,0.0215010289872502,-0.706606044756053,0.486345475413575,27,0.911520257343589,-0.313055120113487
"HEXIM1",-0.0157087634822947,0.0222014581250536,-0.707555485491643,0.485765683653233,27,0.910701810505844,-0.313573168671366
"SLC25A18",-0.0191676826197554,0.0270725374555482,-0.708012045462224,0.485487019055232,27,0.910412517034671,-0.313822377760199
"SNAI2",-0.0156405269769674,0.0220601734186314,-0.708993836093684,0.484888087294927,27,0.909988640627061,-0.314358485477442
"SHH",-0.000137991502732997,0.00019440429017121,-0.709817168188365,0.484386149158822,27,0.909746279628459,-0.314808283840083
"LRP1 2",-0.0276721839227092,0.0389404219115546,-0.710628764772015,0.483891658083292,27,0.909140583707456,-0.315251864726719
"SYTL4 2",-0.0184902332896679,0.0260151048624275,-0.71074990423631,0.483817874930133,27,0.909140583707456,-0.315318090417886
"CSNK2A2|CSNK2B",-0.0299248960219521,0.0420218885993395,-0.712126394586236,0.482979942511064,27,0.908270269489726,-0.316070904523101
"NCF4",-0.00373460403807501,0.00524320296361237,-0.712275314153013,0.482889338534403,27,0.908270269489726,-0.31615238305853
"PXDNL",-0.0211480401271584,0.0296255303938518,-0.713845114197424,0.481934854394557,27,0.907237096688751,-0.317011663605737
"SSX4",-0.0383327117760457,0.0536243957191676,-0.714837179271821,0.481332211718894,27,0.906802141532173,-0.317555073490604
"SAMD4B",-0.0254790340228296,0.0355946457340882,-0.71581086136303,0.480741159401335,27,0.906165953965011,-0.318088693482659
"C19orf53",-0.0307418342481454,0.0428813598146026,-0.716904370128597,0.480077869266438,27,0.906019984658312,-0.31868831377046
"KLC1",-0.0471234960830563,0.0656646142253843,-0.717639121754552,0.479632488117644,27,0.905931229491557,-0.31909140744901
"OSBPL1A",-0.0121409806266998,0.0169092189503783,-0.71800954629121,0.479408040216135,27,0.905931229491557,-0.319294686630651
"NFATC1",-0.0359888278731965,0.0500758863406566,-0.718685788772095,0.47899844776458,27,0.90543445290072,-0.319665893951554
"POLB",-0.0100046627113519,0.0139107194445906,-0.719205268368941,0.478683942542858,27,0.905073642395729,-0.319951140685995
"FNDC8",-0.00790468207762825,0.0109839526179233,-0.719657335805472,0.478410347644976,27,0.905073642395729,-0.320199435465061
"IGHD",-0.000381697689854975,0.000530333799348764,-0.71973102661699,0.478365757959667,27,0.905073642395729,-0.320239915268393
"TPSB2",-0.0230305743631497,0.0319228339163814,-0.721445170672378,0.477329224055543,27,0.905073642395729,-0.32118197552789
"CTH",-0.0298792977531408,0.0413536338406997,-0.722531370961022,0.47667307988932,27,0.905073642395729,-0.321779374159902
"HCE004333",-0.022246422034604,0.0307812495410216,-0.722726411900747,0.476555316465806,27,0.905073642395729,-0.321886681087513
"TCN1",-0.0101768781982033,0.0140760760653498,-0.722991134102711,0.47639550736724,27,0.905073642395729,-0.32203234277032
"SMIM3",-0.0104140732522803,0.014403440023013,-0.723026807182259,0.476373974408958,27,0.905073642395729,-0.322051973216385
"ARL9",-0.0470047383233552,0.0649840941785807,-0.723326822009444,0.476192902066271,27,0.905073642395729,-0.322217082296164
"CRAT",-0.0235667710049113,0.0325737567738314,-0.723489500107153,0.476094735305932,27,0.905073642395729,-0.322306620962424
"LRTM1",-0.000589383750489046,0.000814557906864872,-0.723562739397507,0.47605054350029,27,0.905073642395729,-0.322346934678779
"FGF1",-0.00501013078486756,0.00692400505471969,-0.72358855102979,0.47603496960553,27,0.905073642395729,-0.322361142765056
"NFU1",-0.00976495852054537,0.0134908251008517,-0.723822186378271,0.475894015156783,27,0.905073642395729,-0.32248975685438
"CLIC3",-0.00865805574363676,0.0119550917688452,-0.724214912862445,0.475657134207641,27,0.905073642395729,-0.322705985044056
"DHODH",-0.0253957213711723,0.035040605383849,-0.724751216281148,0.475333762753222,27,0.905073642395729,-0.323001336858927
"CNTNAP5",-0.0086401668779052,0.0119164166940579,-0.72506417824526,0.475145117212549,27,0.905073642395729,-0.323173729365804
"COL6A2",-0.00649448029186891,0.00895562333465559,-0.725184618555495,0.475072530462804,27,0.905073642395729,-0.323240080532849
"LRRC52",-0.00287902284700083,0.00396479655230907,-0.726146426182727,0.474493101690152,27,0.905073642395729,-0.323770097082166
"PLA2G5",-0.00650217641423046,0.00895298877375512,-0.726257630668655,0.474426134530942,27,0.905073642395729,-0.32383139517088
"TCF4",-0.0223753569682403,0.0307591443874053,-0.727437560890095,0.47371592184906,27,0.905073642395729,-0.324482018153651
"MUCL1",-0.0336786927656102,0.0462906651332096,-0.72754825770366,0.473649324081238,27,0.905073642395729,-0.324543078115992
"DHX58",-0.0268170110645399,0.0368409182310988,-0.727913753297893,0.473429472256877,27,0.905073642395729,-0.324744709566808
"ATXN10",-0.0275151967062653,0.0377772243068317,-0.728354113123377,0.473164667433134,27,0.905073642395729,-0.324987692851641
"PIK3R1",-0.0143178044051892,0.0196449450208651,-0.728828937417848,0.472879234734649,27,0.905073642395729,-0.325249756481847
"MFRP",-0.00305650214399437,0.00418727768861907,-0.729949712268159,0.472205898564049,27,0.905073642395729,-0.325868592230147
"ETFA",-0.00841164336002298,0.0115211539946617,-0.730104238162297,0.472113106878105,27,0.905073642395729,-0.32595394244987
"SERPINE2 2",-0.00150708997985086,0.00206102877592073,-0.731231896157099,0.47143627916498,27,0.905073642395729,-0.32657699959086
"LDLRAP1",-0.0189304501190419,0.0258800474833828,-0.731468909830901,0.471294094235365,27,0.905073642395729,-0.326708002330461
"SERTAD3",-0.0385249847288262,0.0526610556978291,-0.731564990832766,0.47123646221825,27,0.905073642395729,-0.326761113111589
"BRPF1",-0.0208778270232166,0.0285207611375936,-0.732022084631438,0.47096234132462,27,0.905073642395729,-0.32701381815513
"PRLH",-0.0164240222022249,0.0224328242818415,-0.732142417551921,0.470890192738543,27,0.905073642395729,-0.327080354543234
"INPP5E",-0.0247193779826344,0.0337498069244251,-0.732430204356064,0.470717669271683,27,0.905073642395729,-0.327239499328483
"NQO2",-0.00318833403653081,0.00435040496287668,-0.732882125626885,0.470446824601736,27,0.905073642395729,-0.327489458500602
"DSG1",-0.00924993116638495,0.0126016648347322,-0.734024534670265,0.46976256523668,27,0.905073642395729,-0.328121594537769
"CINP",-0.0433977177520344,0.0589489117274256,-0.736192008984008,0.468465936095899,27,0.905073642395729,-0.329321982798455
"PHYHIP",-0.00310829727854423,0.00421635914880942,-0.737199362967437,0.467864031702464,27,0.905073642395729,-0.329880341073207
"CUL9",-0.0372640882634528,0.0505207544264848,-0.737599600134189,0.467625012101647,27,0.905073642395729,-0.33010226755465
"FIBCD1",-0.0195482864220076,0.0264718232122376,-0.738456367938068,0.467113596139125,27,0.905073642395729,-0.330577491645502
"UGDH",-0.00550507393759464,0.00745053986390212,-0.73888255591608,0.466859321538414,27,0.905073642395729,-0.33081396543744
"None 6",-0.0379315797053406,0.0513289679880791,-0.738989720466424,0.466795397258144,27,0.905073642395729,-0.330873434878692
"MX1",-0.0134728563998626,0.0182289766386091,-0.739090112789272,0.466735517325162,27,0.905073642395729,-0.330929149208233
"ENGASE",-0.0191942775439173,0.0259680225523896,-0.739150526582974,0.466699485136324,27,0.905073642395729,-0.330962678229001
"CFHR2",-1.1248640669019e-05,1.52079842135637e-05,-0.739653626085867,0.466399488519349,27,0.905073642395729,-0.331241934521225
"ARHGAP45",-0.0156618779781795,0.0211617977273413,-0.740101487594512,0.466132525708893,27,0.905073642395729,-0.331490591890308
"UBE2Q2",-0.0202589252275519,0.0273318798791136,-0.741219605718863,0.465466427101216,27,0.905073642395729,-0.332111638099392
"JPH1",-0.0143088218150843,0.0193034964115973,-0.741255444608871,0.465445086018223,27,0.905073642395729,-0.332131550442193
"UBAC1",-0.0342601043230586,0.0462126639220743,-0.741357485489894,0.465384326612315,27,0.905073642395729,-0.332188247135247
"LILRA4",-0.00145108285912842,0.00195726432939209,-0.741383183322566,0.465369025785826,27,0.905073642395729,-0.332202526029857
"UBE2D1|UBB",-0.00482438795380456,0.00650119700690182,-0.74207687425606,0.464956105206995,27,0.905073642395729,-0.332588045316938
"IFNA4",-0.0274500170617494,0.036979512225292,-0.742303383952562,0.464821321795526,27,0.905073642395729,-0.332713958660417
"GPD1L",-0.00786693361163352,0.0105966007021246,-0.742401627916034,0.464762869407693,27,0.905073642395729,-0.332768575659638
"RPRD1B",-0.00610861747879252,0.00821655801985886,-0.743452119978756,0.46413812748414,27,0.905073642395729,-0.33335275419283
"IRAG2 2",-0.0289899902869423,0.038982378428744,-0.743669100127721,0.464009148265674,27,0.905073642395729,-0.333473456940517
"SPACA1",-0.016477013882073,0.0221396111497473,-0.744232307000615,0.463674460779194,27,0.905073642395729,-0.333786824415008
"PGRMC2 2",-0.022245815813113,0.0298645133261029,-0.744891288540409,0.463283040063078,27,0.905073642395729,-0.334153598225158
"MOSPD1",-0.0218471882179045,0.0293099354461357,-0.745385067737665,0.46298987402971,27,0.905073642395729,-0.334428507256584
"CSNK1G2 2",-0.041404099421124,0.0555237100215073,-0.74570124015643,0.462802214132214,27,0.905073642395729,-0.334604571969418
"DEF6",-0.00884518338889434,0.0118582611332196,-0.745908973459485,0.462678941316755,27,0.905073642395729,-0.334720266823979
"POMGNT1",-0.0583554428555807,0.0781639215655581,-0.746577726485186,0.462282222779959,27,0.905073642395729,-0.335092807182757
"PAFAH1B3",-0.0174526924074433,0.0233736435555595,-0.746682577149688,0.46222004139936,27,0.905073642395729,-0.33515122787367
"SUMF1",-0.0281072146100096,0.0375676084371168,-0.748176841149133,0.461334410819326,27,0.905073642395729,-0.335984150265814
"RGS1",-0.00582803065809789,0.00778801849050011,-0.748332925147388,0.461241959940608,27,0.905073642395729,-0.336071191095996
"EXOG",-0.0347080410355734,0.0463192277539923,-0.749322532316655,0.460656056484573,27,0.905073642395729,-0.336623214568462
"LAIR2",-0.0306707136357695,0.0409183519302205,-0.74955887001689,0.460516196528447,27,0.905073642395729,-0.336755090897678
"SNRNP25",-0.041955837702524,0.0559723613213204,-0.749581341792393,0.460502899489945,27,0.905073642395729,-0.336767630986091
"NUP35",-0.00605184099746308,0.00806808991587026,-0.750095879020742,0.460198498949758,27,0.905073642395729,-0.337054802223004
"KRT7",-0.0128094807508321,0.0170542583755212,-0.75110159989239,0.459603858872379,27,0.905073642395729,-0.337616333595708
"UBE2C",-0.0347199445311273,0.0462236564249033,-0.751129339746948,0.459587463944047,27,0.905073642395729,-0.3376318259676
"NAA20",-0.0548677197485719,0.0730278391030827,-0.751326075404247,0.459471198358328,27,0.905073642395729,-0.337741706880873
"MAGOHB",-0.0210292300766864,0.0279734024212474,-0.751758036437981,0.459215982093728,27,0.905073642395729,-0.337983005596295
"TCEAL2",-0.0175758531043262,0.0233743415867762,-0.751929334098103,0.45911479734353,27,0.905073642395729,-0.338078709627621
"IL15RA 2",-0.0173214106576841,0.0230267757894622,-0.752229092603182,0.458937763245543,27,0.905073642395729,-0.33824620533782
"TTLL12",-0.022121812472649,0.0293686859150719,-0.753244885951677,0.458338148672453,27,0.905073642395729,-0.338813993795077
"IL36B",-0.0228037449693669,0.0302170595151741,-0.754664594611384,0.457500887630552,27,0.905073642395729,-0.339608058990589
"GCNT4 2",-0.0164172958795307,0.0217529174444749,-0.75471696711195,0.457470018827744,27,0.905073642395729,-0.339637362984045
"WFDC5",-0.0367691884316541,0.0486806032147932,-0.755314971538408,0.45711763783652,27,0.904964366306427,-0.339972021179951
"ITGA5|ITGB1 2",-0.0116788833236282,0.0154347483986755,-0.756661723402657,0.456324641379738,27,0.904373564013122,-0.340726078835712
"AMPD2",-0.0448080756458496,0.0592001554712793,-0.756891181942724,0.456189613116724,27,0.904373564013122,-0.340854607304538
"FOLH1",-0.0091422790584094,0.012071649862521,-0.757334677738918,0.455928699045165,27,0.904322407398985,-0.341103069687342
"MRPL10",-0.0366577119107537,0.0483806871411502,-0.757693081204185,0.455717910927984,27,0.904322407398985,-0.341303902151966
"TRH",-0.0209374372857313,0.0276270279803556,-0.757860646487889,0.455619380584355,27,0.904322407398985,-0.341397810708333
"ACRV1 2",-0.0231658059517004,0.0305573016614313,-0.758110326899044,0.455472589184468,27,0.904322407398985,-0.341537754199504
"RND3",-0.0363470898220859,0.0479424762376398,-0.758139601340609,0.455455380087619,27,0.904322407398985,-0.341554163435037
"DHPS",-0.00459088878923048,0.00605489916637432,-0.758210609802692,0.455413639094092,27,0.904322407398985,-0.341593966925526
"APPL1",-0.0131519114979981,0.0173434059819768,-0.758323452248392,0.455347311477428,27,0.904322407398985,-0.341657223300205
"TMEM70",-0.0212189636355954,0.0279788581848375,-0.758392765545182,0.455306572702529,27,0.904322407398985,-0.341696080269812
"FABP2",-0.0142478433981016,0.0187794704210372,-0.758692501900421,0.455130428221664,27,0.904322407398985,-0.341864128310333
"BPIFB1 2",-5.60307748604652e-05,7.38071780543082e-05,-0.759150753863494,0.454861208422643,27,0.904322407398985,-0.342121099191904
"SPOP",-0.0149285878338423,0.0196608356834286,-0.759305864420861,0.454770103625625,27,0.904322407398985,-0.342208093362461
"RRM1",-0.0133481953760491,0.0175722905119959,-0.759616133533467,0.454587898570071,27,0.904322407398985,-0.342382129662949
"TREX2",-0.0301989363068051,0.0397085201574113,-0.760515279519141,0.454060123033035,27,0.904322407398985,-0.342886637511412
"MCEMP1",-0.011857256895231,0.0155896337480162,-0.760585982126739,0.454018637973153,27,0.904322407398985,-0.342926318502476
"TMEM225B",-0.0154022278626896,0.0202444393525326,-0.760812764160977,0.453885587938564,27,0.904322407398985,-0.343053607030503
"PDGFA",-0.00809271548012089,0.0106292840357503,-0.761360356248078,0.453564419060454,27,0.904322407398985,-0.343361022042394
"ALKBH2",-0.0172309301312416,0.022603830181844,-0.762301344180244,0.45301283696173,27,0.904322407398985,-0.343889491270493
"PACSIN1",-0.018713856656182,0.0245411928648037,-0.762548779078332,0.452867863947919,27,0.904322407398985,-0.344028496286049
"SLC5A5",-0.00586156554669552,0.0076802768096188,-0.763197172705347,0.452488099619633,27,0.904322407398985,-0.344392838199083
"BCL2L10",-0.00839088414268659,0.0109831432960448,-0.763978390931879,0.452030793518007,27,0.904322407398985,-0.344831978906712
"PTPN6",-0.0136036509706798,0.0177526231041683,-0.766289628910428,0.450679475276134,27,0.904322407398985,-0.346132220001551
"BTK 2",-0.00499403122680592,0.00651635314654692,-0.766384373973395,0.450624132228653,27,0.904322407398985,-0.346185554260868
"FN3K",-0.00219624164106775,0.0028656290948835,-0.766408201601903,0.45061021453569,27,0.904322407398985,-0.346198967813685
"XAGE2",-0.0475686809998823,0.0620652933195808,-0.766429649416883,0.45059768711018,27,0.904322407398985,-0.346211041812952
"PIP4K2B",-0.011348212553869,0.0147742828349237,-0.768105814723132,0.449619305301045,27,0.903558312958812,-0.347155049739447
"SYT7",-0.0449220140984094,0.0584764607008603,-0.76820678885151,0.449560407288707,27,0.903558312958812,-0.347211943998585
"VRK1",-0.0237618900279926,0.0309148712709612,-0.768623288763698,0.449317512763635,27,0.903447819539295,-0.347446653856593
"CLIC2 2",-0.00281969900800768,0.00366373867769006,-0.76962339731759,0.44873459178484,27,0.90324640918565,-0.348010450542215
"C3 3",-1.43169650557815e-05,1.85989435941006e-05,-0.769773024115343,0.448647419831754,27,0.90324640918565,-0.348094825530416
"PHETA2",-0.016449737420005,0.0213542020552675,-0.770327890381054,0.4483242460903,27,0.90324640918565,-0.348407773160793
"LRRC74A",-0.0117178199883747,0.01518148464525,-0.771849411450083,0.447438778332778,27,0.90324640918565,-0.349266379456801
"CASK",-0.00733682501713096,0.00949996807795507,-0.772299965318436,0.44717677556516,27,0.90324640918565,-0.349520759919956
"GTF2F2",-0.0444506638288763,0.0575465639744831,-0.772429503325104,0.447101464713279,27,0.90324640918565,-0.349593907372289
"RPP40",-0.0158804813352592,0.0205419730604979,-0.773074781496879,0.446726426697386,27,0.90324640918565,-0.349958355499114
"PROK2",-0.0123503027000069,0.0159254657253633,-0.775506532304262,0.445314791755305,27,0.903225064541993,-0.351332878928929
"KLHL13",-0.022747181678052,0.0293083885582344,-0.776132117699148,0.444952075191257,27,0.903225064541993,-0.351686763402957
"GNE",-0.0242137263353429,0.0311504287220072,-0.777315989819311,0.444266151459984,27,0.902962935824138,-0.352356774299392
"PDE4A",-0.0589599759019089,0.0758078033256068,-0.777756026627843,0.444011361815499,27,0.902946438847575,-0.352605916573123
"ALOX5",-0.00870496280208575,0.0111790095865853,-0.778688195466941,0.443471910839011,27,0.902291117819845,-0.353133882831008
"CST7 2",-0.016662619996891,0.0213929778975809,-0.778882681815664,0.443359410679163,27,0.902291117819845,-0.35324406883304
"MSRB3",-0.0193717942660488,0.0248223000972415,-0.780418985757149,0.442471347638489,27,0.901953524585257,-0.354114846921822
"KTI12",-0.0248735329449325,0.0318524619759714,-0.7808982854668,0.442194508715048,27,0.901953524585257,-0.354386654904209
"S100A10",-0.00634181382133248,0.00811907446328463,-0.781100586034884,0.442077693406803,27,0.901953524585257,-0.354501398405013
"PFDN4",-0.0121064670277324,0.0154974579955075,-0.781190504355095,0.44202577749032,27,0.901953524585257,-0.354552403285821
"IL2",-0.0297615025998834,0.0380834987969674,-0.781480261531361,0.441858506298813,27,0.901953524585257,-0.354716779907631
"NFYA",-0.0318947307948718,0.0406827304621176,-0.783986975126242,0.440413034778822,27,0.901953524585257,-0.356139835820308
"PUDP",-0.00523986258625511,0.00668312412905691,-0.784043882033137,0.4403802534033,27,0.901953524585257,-0.35617216297515
"ITGAV|ITGB8",-0.0342790504036495,0.0437100548947195,-0.78423718492723,0.440268911842073,27,0.901953524585257,-0.356281979750805
"RBM41",-0.031988001832978,0.0407692184785948,-0.784611602250182,0.440053297946946,27,0.901953524585257,-0.35649471987188
"PBRM1",-0.00732357622830406,0.00932449815807274,-0.785412373315086,0.439592377551885,27,0.901953524585257,-0.356949846766871
"COMMD9",-0.0102781514029778,0.0130796154934177,-0.785814491882446,0.439361030757109,27,0.901953524585257,-0.357178465571345
"CARS1",-0.0145316286300413,0.0184213612387947,-0.788846624398106,0.437618974205268,27,0.900452082674751,-0.358903856203874
"DLL3",-0.0212428057391382,0.0269286346067602,-0.788855656788678,0.437613791115888,27,0.900452082674751,-0.358908999948958
"RSPO2",-0.0417601233489787,0.0529011250720858,-0.789399531523652,0.437301766577907,27,0.900305464881007,-0.359218768222288
"CCDC59",-0.0367292910788382,0.0464653818332473,-0.790465710809189,0.436690486829848,27,0.900059418378749,-0.359826268949519
"FGF9",-0.0316193902273037,0.0399455691459903,-0.791561890425027,0.436062551544622,27,0.899690148315677,-0.36045120834115
"ADAMTS6",-0.0127852400831952,0.0161497416134804,-0.791668398739162,0.43600156879407,27,0.899690148315677,-0.360511948076868
"FAM110A 2",-0.0151756932826345,0.0191657848632505,-0.791811730691665,0.435919510413957,27,0.899690148315677,-0.360593692864629
"LILRA5 2",-0.0122115157225023,0.0154206638566622,-0.791892997345024,0.435872988977171,27,0.899690148315677,-0.360640043351287
"EDF1",-0.00689891629708044,0.00869984626361839,-0.792992897579213,0.435243645257827,27,0.89961003018988,-0.361267561048326
"TPM2",-0.0153968841157731,0.0193969249736521,-0.793779639643271,0.434793826630874,27,0.899132808389924,-0.361716630821206
"DCLK3",-0.0237002618857089,0.0298022077441274,-0.795251885001007,0.433952837905245,27,0.898972474902177,-0.362557467147568
"PPP3R2",-0.0343736332535944,0.0432015290045747,-0.795657793731201,0.433721146723267,27,0.898746820028598,-0.362789402657938
"ATG4B",-0.0181733715428024,0.0228336221296614,-0.795904015561107,0.433580641202473,27,0.898746820028598,-0.362930116706361
"RAB17",-0.0112328647612373,0.0141010244741929,-0.796599196164454,0.433184089856351,27,0.898746820028598,-0.363327502680332
"TAF12",-0.0422667598738141,0.0530239776909452,-0.797125408436341,0.432884071049934,27,0.898746820028598,-0.363628394742153
"MAPRE1 2",-0.0233093945192751,0.0292394668694355,-0.797189450250913,0.432847566455385,27,0.898746820028598,-0.363665019819254
"TIMD4",-0.000193482666981578,0.00024260585595942,-0.797518535636424,0.432660013691116,27,0.898746820028598,-0.363853240312595
"None 14",-0.0165102810931338,0.0207006556435136,-0.797572858437806,0.432629058770348,27,0.898746820028598,-0.363884313283954
"ATAD2",-0.0399350144379873,0.0500602274837155,-0.797739372058948,0.43253418230141,27,0.898746820028598,-0.363979565428593
"CD1B",-0.0531218487742848,0.0665222494299643,-0.79855761387342,0.432068148546183,27,0.898746820028598,-0.364447748084724
"IFNL1",-0.017976682668227,0.0225107219898746,-0.798583123025241,0.432053624641699,27,0.898746820028598,-0.364462347072435
"TNFRSF18 2",-0.0314576894780201,0.039387638770971,-0.798669086535968,0.432004682620005,27,0.898746820028598,-0.364511545719793
"GP1BB",-0.0105412945282322,0.0131924197482614,-0.799041777731594,0.431792535949761,27,0.898746820028598,-0.364724869236268
"RALB",-0.0027263907986446,0.00341198512421678,-0.799062920671565,0.431780502693278,27,0.898746820028598,-0.364736972385988
"TK1",-0.023386533375859,0.0292475493352345,-0.799606596361401,0.431471146861121,27,0.898746820028598,-0.365048240917409
"SNX4",-0.0181151750543109,0.0226411833987213,-0.800098419561144,0.431191412972326,27,0.898746820028598,-0.365329896559417
"RACGAP1",-0.0158401294064492,0.0197921009460269,-0.800325819358201,0.431062112698455,27,0.898746820028598,-0.365460146872578
"FGF12",-0.0171673656946642,0.0214455631379831,-0.800508971679012,0.430957989032632,27,0.898746820028598,-0.365565063993726
"DCXR",-0.00894165105737525,0.0111684463438644,-0.800617273170457,0.430896425988057,27,0.898746820028598,-0.36562710809335
"RHOA",-0.000145548617960764,0.000181767310162748,-0.800741441519079,0.430825850226042,27,0.898746820028598,-0.365698246242876
"FLRT1",-0.0302326687153415,0.0377340694522253,-0.801203505326101,0.430563281346126,27,0.898746820028598,-0.3659630097859
"QKI",-0.0330412585877931,0.0412285566759737,-0.801416815230113,0.430442100721221,27,0.898746820028598,-0.36608525774893
"GDF7",-0.0212317725046014,0.0264845277484722,-0.801667022581746,0.43029998554975,27,0.898746820028598,-0.366228668501836
"ASIP",-0.0221567419893056,0.0276168351198388,-0.802291134851622,0.429945622233784,27,0.898746820028598,-0.366586468739409
"FDCSP",-0.0230167745601226,0.0286650859156982,-0.802955017396882,0.429568875255934,27,0.898746820028598,-0.366967193310107
"CLMP 2",-0.0260916346120006,0.0324686718831061,-0.803594144716971,0.429206368945121,27,0.898746820028598,-0.367333842211214
"PIH1D2",-0.0227237114033129,0.0282524769177842,-0.80430864413905,0.428801335769426,27,0.898746820028598,-0.367743870431921
"PROK1 2",-0.0349808056717506,0.043475218993946,-0.804614823829218,0.428627841793714,27,0.898746820028598,-0.367919622504034
"ZNF69",-0.0129479925555471,0.0160908891477671,-0.804678500774078,0.428591765265768,27,0.898746820028598,-0.367956177517226
"BAIAP2",-0.00486040414194768,0.00603865930545011,-0.804881331450673,0.428476862906835,27,0.898746820028598,-0.368072624343305
"SYNCRIP",-0.0168930244347023,0.0209868669786736,-0.804933125647988,0.428447524853027,27,0.898746820028598,-0.368102361750866
"TMEM52",-0.0336160767661504,0.0417517821012561,-0.805141123907597,0.428329719815932,27,0.898746820028598,-0.36822179087481
"PPIF",-0.00430558109628944,0.00534745669465768,-0.805164275680977,0.428316608464527,27,0.898746820028598,-0.368235085013541
"DEFB135",-0.0355588531117233,0.0441531232187374,-0.805353064959017,0.428209702249333,27,0.898746820028598,-0.368343496813623
"SEPTIN3",-0.0199778264885733,0.0248006636413194,-0.805535963775141,0.428106147354522,27,0.898746820028598,-0.36844853590552
"GLP1R",-0.0318612709006922,0.0395247092314927,-0.806110190819713,0.42778112808204,27,0.898746820028598,-0.368778378601836
"IL17RB 2",-0.0273045405496283,0.0338715696551149,-0.806119728954016,0.42777573067286,27,0.898746820028598,-0.368783858226012
"HBEGF",-0.0193385266779906,0.0239791423670132,-0.806472824674226,0.427575951591387,27,0.898746820028598,-0.368986729059284
"TCN2",-6.27071723495468e-06,7.76690022281926e-06,-0.807364206447668,0.427071870552076,27,0.898746820028598,-0.369499032802461
"SLBP",-0.0167460004696889,0.0207304832311257,-0.807795953571679,0.426827847426521,27,0.898746820028598,-0.369747253752858
"IL5RA",-0.0121244100862139,0.0149981456881237,-0.80839394004651,0.426490008404849,27,0.898746820028598,-0.370091138811742
"ATG5",-0.0398138586724823,0.0492461337728487,-0.808466688088178,0.426448919889877,27,0.898746820028598,-0.370132981233852
"ITGA2B|ITGB3 2",-0.0124352639615336,0.0153650700568168,-0.809320355556503,0.425966946574231,27,0.898746820028598,-0.370624099200917
"PRKCI",-0.0240035391555833,0.0296465234284236,-0.8096578073829,0.425776517201551,27,0.898746820028598,-0.370818294825873
"IFNA6",-0.026274009525177,0.0324493445658435,-0.809693073210275,0.42575661918314,27,0.898746820028598,-0.370838591392686
"RPS6KB1 3",-0.0157048668358215,0.0193905616509493,-0.809923256403075,0.425626757191452,27,0.898746820028598,-0.370971077763461
"SERPINF1",-1.86930776880656e-05,2.30528483502555e-05,-0.81087930671519,0.425087646773528,27,0.898746820028598,-0.371521515630486
"BNIP3",-0.0385893298624683,0.0475694976256869,-0.811220042013446,0.424895610724234,27,0.898746820028598,-0.371717755255721
"ASGR1",-0.0161799939467592,0.0199412711648303,-0.811382274129809,0.424804196728025,27,0.898746820028598,-0.37181120142089
"HSPB1",-0.0403828957527405,0.0497638248498246,-0.811490995207994,0.424742941771248,27,0.898746820028598,-0.371873829351838
"CCT7",-0.0213165049786647,0.0262606384160616,-0.81172836093836,0.424609225669854,27,0.898746820028598,-0.372010573961866
"WNK1",-0.0601412559592668,0.073976087222859,-0.812982386836524,0.423903223993,27,0.898746820028598,-0.372733280395579
"DEFB4A",-0.00704380867696476,0.0086571056164678,-0.813644766394651,0.423530606339529,27,0.898746820028598,-0.373115200010772
"THBS2",-0.0123349817377918,0.0151594695579336,-0.813681619310773,0.423509880925211,27,0.898746820028598,-0.373136452673923
"SH3GL3 2",-0.0271077180044178,0.0332204939293406,-0.81599382784842,0.422210796012364,27,0.898746820028598,-0.374470665891813
"SHC2",-0.0456170170881906,0.0558827856338922,-0.816298195781501,0.422039975482509,27,0.898746820028598,-0.374646410864821
"DENR",-0.0185132877621101,0.0226753940799482,-0.816448335884992,0.421955728127967,27,0.898746820028598,-0.374733113110241
"RAD18",-0.0198819590782927,0.0242853723679972,-0.818680429396781,0.420704478872367,27,0.898746820028598,-0.376022864405157
"RTRAF",-0.0532641474077126,0.0650069823025618,-0.81936040593002,0.420323762732168,27,0.898746820028598,-0.376416056742761
"FGF4",-0.0217867673607431,0.0265805908320597,-0.819649476506948,0.420161978328395,27,0.898746820028598,-0.376583250714656
"IL2RG",-0.0089402580930031,0.0108971444374253,-0.820422097214621,0.419729755503166,27,0.898746820028598,-0.377030241670655
"GPX7",-0.0167789130306535,0.0204470847082337,-0.820601727340472,0.419629305777658,27,0.898746820028598,-0.377134189465389
"SERF1A",-0.0202993624593895,0.0247172917447962,-0.821261595686882,0.41926043405947,27,0.898746820028598,-0.377516120378253
"ARFIP1",-0.0139503097752147,0.0169821572569821,-0.821468648777182,0.419144731427178,27,0.898746820028598,-0.377635988473377
"S100A4 2",-0.010141092903545,0.012340818345588,-0.821752060483946,0.418986391402245,27,0.898746820028598,-0.377800082606236
"VSX1",-0.0213897241668572,0.0259994055256306,-0.822700509277836,0.418456771653722,27,0.898746820028598,-0.378349399801963
"CD244",-0.0512622007234268,0.0622929016444888,-0.822922024342112,0.418333136505078,27,0.898746820028598,-0.378477733240721
"CEBPA",-0.0257955912473464,0.03132563243535,-0.823465936420708,0.418029657339839,27,0.898746820028598,-0.378792905875349
"ENPP3",-0.00651562209724926,0.00790780983015971,-0.823947747503895,0.417760942745198,27,0.898746820028598,-0.37907216546422
"IL21",-0.023567953960564,0.0285499802147645,-0.825498083826201,0.416897025519799,27,0.898746820028598,-0.379971203470359
"GLP1R 2",-0.00599172234354744,0.00725126699010513,-0.826300059248069,0.416450567656085,27,0.898746820028598,-0.380436541599973
"SNRPE",-0.0494142507219647,0.0597948651868516,-0.826396222611276,0.416397053835832,27,0.898746820028598,-0.380492351945765
"RPSA",-0.000385698196979072,0.0004664360061191,-0.826904852796867,0.416114078516765,27,0.898746820028598,-0.380787590338485
"CD80 2",-0.0348045654195667,0.0420067780142458,-0.828546417146379,0.41520161951798,27,0.898746820028598,-0.381740961165499
"RBBP5",-0.00965867480254818,0.0116449957663743,-0.829427077203265,0.414712624396944,27,0.898746820028598,-0.382252743940349
"PGRMC2 3",-0.0147106908696424,0.0177098233833154,-0.830651472419625,0.414033367482924,27,0.898746820028598,-0.382964657116405
"TTC36",-0.0503875102186709,0.0606348078003647,-0.830999751571207,0.413840280539798,27,0.898746820028598,-0.383167240193298
"IRF5",-0.0237111885909684,0.0284914073711809,-0.832222441035056,0.413162865824087,27,0.898746820028598,-0.38387871883781
"PROC 2",-9.9885687341968e-05,0.000120014246546801,-0.832281918322222,0.413129931010177,27,0.898746820028598,-0.38391333951466
"PCDHB1",-0.0194353617929585,0.0233415700946517,-0.8326501479612,0.412926065117141,27,0.898746820028598,-0.384127702305092
"PCDHGA2",-0.0264320220107562,0.0317349477202803,-0.832899497542413,0.412788051644628,27,0.898746820028598,-0.384272882068601
"CPN1",-0.00518032637495971,0.00621470260549703,-0.833559818353594,0.412422708200898,27,0.898746820028598,-0.384657430258466
"COL23A1",-0.0136944200172031,0.0164272071468071,-0.833642620733913,0.41237690950918,27,0.898746820028598,-0.384705660443557
"UCHL5",-0.00872331365733107,0.0104607141161282,-0.833911868777832,0.412228008268016,27,0.898746820028598,-0.38486250400996
"CTBP1",-0.023284480990228,0.0279173520923112,-0.83405048276913,0.412151364278802,27,0.898746820028598,-0.384943258242274
"STUB1",-0.0179097111168153,0.0214479224682739,-0.835032443972492,0.411608664111964,27,0.898746820028598,-0.385515492178763
"POLR2F",-0.0269094048494022,0.0321949232333489,-0.835827582329139,0.411169545020001,27,0.898746820028598,-0.385979060646008
"AXIN2 2",-0.0381253139777324,0.0456065369984864,-0.835961607411623,0.411095558071661,27,0.898746820028598,-0.386057215789314
"MAP2K6",-0.023642999807363,0.0282786053261964,-0.83607375733841,0.411033653486831,27,0.898746820028598,-0.386122618695011
"IVD",-0.00870535830685929,0.0103906601793506,-0.837806083213024,0.410078189204998,27,0.898746820028598,-0.387133328883235
"FCRL6",-0.00988494100387632,0.0117812841694001,-0.839037651731615,0.409399770115168,27,0.898746820028598,-0.387852405537075
"ADGRF5",-0.0157196501660862,0.018717686304584,-0.83982870052889,0.40896438853468,27,0.898746820028598,-0.388314507484647
"SNX7",-0.0679939388386113,0.0809550474811938,-0.839897461049684,0.40892655757388,27,0.898746820028598,-0.388354683446028
"PLCG1",-0.0243530275017081,0.0289226554017664,-0.842005243412775,0.407767961049855,27,0.898746820028598,-0.38958690039671
"SYT13",-0.0245390670412663,0.0291206915158557,-0.842667730878068,0.407404236933345,27,0.898746820028598,-0.389974458725143
"BMERB1",-0.0177847240543501,0.0211015068924378,-0.842817726004376,0.407321913920449,27,0.898746820028598,-0.390062224240756
"REM1",-0.0587576479334989,0.0696690783420401,-0.843382018706039,0.40701230295994,27,0.898746820028598,-0.390392462944662
"MREG",-0.0271220515234766,0.0320719093259762,-0.84566376288391,0.405761895659443,27,0.898746820028598,-0.391728739170184
"IL17A 2",-0.0150186939238657,0.0177276376276169,-0.847190936510844,0.404926358185161,27,0.898746820028598,-0.392623952444259
"RAB23",-0.00322589541123222,0.00380608119137532,-0.847563477768732,0.404722701486497,27,0.898746820028598,-0.392842434714426
"NOTCH2 3",-5.02988899928547e-05,5.92731381432896e-05,-0.848595022441023,0.404159127335824,27,0.898746820028598,-0.393447608856467
"PGLYRP3",-0.0195136968634746,0.0229401624694471,-0.850634640860279,0.403046269479998,27,0.898746820028598,-0.39464509424009
"MUL1",-0.0449500922845611,0.0528407850340058,-0.850670410283144,0.403026770339672,27,0.898746820028598,-0.394666105658731
"KCTD7 2",-0.00663925448065741,0.00779829764972322,-0.851372283910329,0.402644276269403,27,0.898746820028598,-0.395078470177123
"LAMP1",-0.0224174261386313,0.026318039542953,-0.851789363035356,0.402417093611049,27,0.898746820028598,-0.395323579882339
"CDKL2",-0.00149582263751484,0.00175417109270989,-0.852723342512765,0.401908651568079,27,0.898746820028598,-0.395872644995236
"SCN4B",-0.00522862245685665,0.00612952050964143,-0.853023078825216,0.401745567078228,27,0.898746820028598,-0.396048906609635
"TERB2",-0.0199548783167809,0.0233766805821114,-0.853623261296176,0.401419138529976,27,0.898746820028598,-0.396401925421486
"PRL",-0.00114576934441221,0.00134017959449775,-0.854937165971103,0.400705119037684,27,0.898746820028598,-0.397175109387569
"EPS8L1",-0.045311607892854,0.0529862390215166,-0.855158032153478,0.400585172526037,27,0.898746820028598,-0.397305129953322
"ZNF275",-0.0148953046855835,0.0174131100861659,-0.855407483894408,0.400449729487494,27,0.898746820028598,-0.397451995376201
"AURKA",-0.0159448600112775,0.0186349106873989,-0.85564456297929,0.400321031404936,27,0.898746820028598,-0.397591593049585
"rev",-0.0276476303211874,0.0322804947820825,-0.856480995964576,0.399867185507512,27,0.898746820028598,-0.398084234120411
"C22orf23",-0.040773665388186,0.0475687776042594,-0.857151842904095,0.399503423373225,27,0.898746820028598,-0.398479494833767
"MRE11",-0.0294350994565259,0.0343316340814459,-0.857375427767178,0.399382232958523,27,0.898746820028598,-0.398611259194164
"HAVCR1",-0.0317750132821473,0.0370403187168483,-0.857849348571993,0.39912542975197,27,0.898746820028598,-0.398890600832558
"OSTN",-0.0329074877075652,0.0383329532012349,-0.85846471402326,0.39879213937458,27,0.898746820028598,-0.399253410691097
"PADI2",-0.0143455358380668,0.0167044108800356,-0.858787295229427,0.398617496002107,27,0.898746820028598,-0.399443643291291
"NT5C1A",-0.00723691174936234,0.00841428186987437,-0.860074794412656,0.397920939085635,27,0.898746820028598,-0.400203207146445
"DHX9",-0.0892292016501124,0.103745760315501,-0.860075644332433,0.397920479523091,27,0.898746820028598,-0.400203708717417
"FOXM1",-0.0200146865003698,0.0232695228986172,-0.860124489340484,0.397894068969782,27,0.898746820028598,-0.400232534422079
"BRD2",-0.0192777214124764,0.0224109948869964,-0.86019034450193,0.397858462780719,27,0.898746820028598,-0.400271399699473
"HECW2",-0.0241152271911487,0.0280240034878899,-0.86052041784714,0.397680031323731,27,0.898746820028598,-0.400466215661345
"SATB2",-0.0205993577505356,0.0239245726315269,-0.861012569285794,0.397414078546932,27,0.898746820028598,-0.400756751904249
"GMEB2",-0.0124643625280258,0.0144565551555311,-0.862194512726424,0.396775835258709,27,0.898746820028598,-0.401454785442679
"SELP",-0.00357824312708275,0.00415014701722449,-0.862196715497511,0.396774646386714,27,0.898746820028598,-0.401456086734931
"NAA10",-0.0113031311069053,0.013108519576191,-0.86227365654892,0.396733121459469,27,0.898746820028598,-0.401501540724196
"TBC1D20",-0.0233426314756944,0.0270086065203789,-0.864266412933286,0.395658604282787,27,0.898746820028598,-0.402679385346801
"ETNK1",-0.0210966479645766,0.0243970198867384,-0.864722333404509,0.395413029150808,27,0.898746820028598,-0.402949024463233
"PHKA1",-0.027462443417287,0.0317251350434256,-0.865636769699993,0.394920775576119,27,0.898746820028598,-0.4034900187559
"SMS",-0.0168697692953702,0.0194639042862927,-0.866720728135238,0.394337775331004,27,0.898746820028598,-0.404131617976234
"MBTPS1",-0.023791925598011,0.027440949027494,-0.867022695686403,0.394175462413183,27,0.898746820028598,-0.404310414227641
"IP6K1",-0.0398504581838656,0.0459616026822148,-0.867038046070707,0.394167212454992,27,0.898746820028598,-0.40431950395837
"SMAD1",-0.0402142241634016,0.0463112896554506,-0.868346022375748,0.393464656811879,27,0.898746820028598,-0.405094272303481
"RSPO4",-0.00904345996821991,0.0104119038171912,-0.868569295971421,0.393344809907947,27,0.898746820028598,-0.405226575870368
"CD72 2",-0.0139478787959678,0.0160580687686834,-0.868590052570272,0.393333669549039,27,0.898746820028598,-0.405238876184986
"MUC1 3",-0.000840930279949298,0.000967735732968482,-0.868966858720599,0.393131467633425,27,0.898746820028598,-0.405462192321875
"UBE2C 2",-0.0228746781023486,0.0263157885988327,-0.869237796786501,0.392986118005167,27,0.898746820028598,-0.405622790541204
"GFPT1",-0.00858691994273047,0.00987483639138189,-0.869575920288114,0.392804774000643,27,0.898746820028598,-0.405823242602154
"DPP8",-0.0134791945287921,0.0155001400434404,-0.869617596422716,0.392782425783262,27,0.898746820028598,-0.405847952036051
"FAM102B",-0.0407473004119189,0.0468561866981209,-0.869624766403644,0.392778581068329,27,0.898746820028598,-0.405852203108762
"BECN1",-0.0514039694113464,0.0590694070211262,-0.870229988815729,0.392454133600154,27,0.898746820028598,-0.406211092264759
"COQ8B",-0.0600415955224491,0.0689810915815476,-0.870406572958758,0.392359502916132,27,0.898746820028598,-0.406315824349362
"SND1",-0.00966805875685325,0.0110963441368913,-0.871283247669877,0.391889914073294,27,0.898746820028598,-0.406835913655552
"LRRTM4 2",-0.0327289244754473,0.0375121786462378,-0.872487966750758,0.391245199381158,27,0.898746820028598,-0.407550978250769
"ZAP70 2",-0.00283389718317816,0.00324789668046682,-0.872533045839021,0.391221088226873,27,0.898746820028598,-0.407577743215414
"LYPLAL1",-0.0281811415258135,0.0322797597324559,-0.873028230674176,0.390956294989144,27,0.898746820028598,-0.407871789678152
"LCORL",-0.0385036014088565,0.0440525101334769,-0.874038761745755,0.390416285861251,27,0.898746820028598,-0.408472074427084
"IL6 2",-0.00423227590758777,0.00483483256958557,-0.875371762449789,0.389704690840347,27,0.898746820028598,-0.409264366612193
"ZNF774",-0.0224804077122787,0.0256756426679592,-0.87555384700583,0.389607553742956,27,0.898746820028598,-0.40937263157504
"FAM110A",-0.00830554060449283,0.00948391460411885,-0.875750251998868,0.389502794603438,27,0.898746820028598,-0.409489422005542
"PACSIN3",-0.0414423585194087,0.0471773456577619,-0.878437689564893,0.388071186925501,27,0.898746820028598,-0.411088601072892
"ITGA2|ITGB1",-0.0498813862407875,0.0567054452093349,-0.879657783421758,0.38742236245464,27,0.898746820028598,-0.411815314927295
"PIP4K2B 2",-0.0317595252269449,0.0360870976591334,-0.88007978715647,0.387198111692373,27,0.898746820028598,-0.412066769348102
"PECAM1",-0.0186853602492449,0.0212262369141471,-0.880295472288416,0.387083530083411,27,0.898746820028598,-0.41219530697105
"VHL",-0.0185510708492199,0.0210611791652298,-0.880818244015801,0.386805901360027,27,0.898746820028598,-0.412506908662085
"CMIP",-0.0134846371315711,0.0153069671058993,-0.880947678157233,0.386737182596765,27,0.898746820028598,-0.412584070956947
"RNPEP",-0.0133966164162754,0.0152058323398546,-0.88101829067014,0.386699696557573,27,0.898746820028598,-0.412626168716754
"TXLNA 2",-0.0324857032757841,0.0368358153768522,-0.881905366921734,0.386228975105162,27,0.898746820028598,-0.413155148329142
"FAM118B",-0.0289271102956768,0.0327224377186098,-0.88401452680359,0.385111253602861,27,0.898746820028598,-0.414413790371777
"CTRL",-0.0123297583405748,0.013943792655431,-0.884247108750029,0.384988128385874,27,0.898746820028598,-0.41455266232526
"RABEP1",-0.0104957340653578,0.0118666851381585,-0.884470595044926,0.384869842318651,27,0.898746820028598,-0.414686118075906
"ODC1",-0.0383455246113935,0.0433381827584196,-0.884797704258697,0.384696753573018,27,0.898746820028598,-0.414881478656203
"KIR2DL3",-0.0318228115335864,0.0359535620482142,-0.885108726943704,0.384532223806068,27,0.898746820028598,-0.415067260453525
"CCS",-0.0129686927456397,0.0146456400401763,-0.885498531307857,0.384326083327145,27,0.898746820028598,-0.415300139968015
"HMGCL",-0.036790139246117,0.0415244522047154,-0.885987347039325,0.384067683990493,27,0.898746820028598,-0.415592233462364
"EQTN",-0.0314576464143041,0.0354947282951871,-0.886262493762196,0.383922284672543,27,0.898746820028598,-0.415756678636882
"UPRT",-0.036971949131687,0.041628832526073,-0.888133221332372,0.382934659892298,27,0.898746820028598,-0.416875323339612
"SAA1 2",-0.0119471441119178,0.0134486272005637,-0.888354174277137,0.382818119972333,27,0.898746820028598,-0.417007513900022
"SEMA3A",-0.0170197327215829,0.0191536666132487,-0.888588752495579,0.382694418743821,27,0.898746820028598,-0.417147871526313
"PEA15",-0.0216418421180971,0.0243180402312376,-0.88995009105615,0.381977050865122,27,0.898746820028598,-0.417962728664298
"EIF5A",-0.00880664996942868,0.00989014578273883,-0.890446932015789,0.381715454762415,27,0.898746820028598,-0.418260256131176
"ABCD4",-0.0203645908585078,0.0228525461569828,-0.891130061333898,0.381355964772826,27,0.898746820028598,-0.418669456440167
"LSP1",-0.00957774092931133,0.0107395018667677,-0.891823573209543,0.380991236640067,27,0.898746820028598,-0.419085013622627
"PDXK",-0.0115986620311364,0.0130008593933562,-0.892145794382152,0.380821853105704,27,0.898746820028598,-0.419278137990013
"HCK",-0.0386673138064147,0.0433138479764976,-0.892724050456007,0.380518001538421,27,0.898746820028598,-0.419624792812271
"PLEKHF2",-0.032256238404901,0.0361269414737224,-0.892858268346993,0.380447497742021,27,0.898746820028598,-0.419705267971385
"PSME3",-0.019744779362197,0.0220840431903942,-0.894074476850564,0.379809019402384,27,0.898746820028598,-0.420434726196749
"SAA1",-0.0047221316102645,0.00527650374444888,-0.894935707234624,0.379357318401178,27,0.898746820028598,-0.420951533293363
"SCAMP5",-0.0450115958803963,0.0502407336528666,-0.895918363601128,0.378842359846188,27,0.898746820028598,-0.421541466788842
"KCNN1",-0.0165840176699598,0.0184974987496903,-0.89655460418601,0.378509183128701,27,0.898746820028598,-0.421923579482952
"DNAJC4",-0.0258892050253845,0.0288759565404885,-0.896566144539106,0.378503141621139,27,0.898746820028598,-0.421930511453043
"TBC1D28",-0.0114237151353494,0.0127363928356234,-0.896934892224549,0.378310131127142,27,0.898746820028598,-0.422152028166155
"CD226 2",-0.0504831060934361,0.0562297711906151,-0.897800311552074,0.377857404560342,27,0.898746820028598,-0.422672062851555
"DAPK1",-0.0278417550367265,0.0309793873218517,-0.898718710847064,0.377377350055956,27,0.898746820028598,-0.423224169462305
"APOL3",-0.0433893974156166,0.0481835515096458,-0.900502268018383,0.376446210685393,27,0.898746820028598,-0.424297070117703
"GSTA1 2",-0.0387466152858025,0.0429714101994018,-0.901683586971085,0.375830309672724,27,0.898746820028598,-0.425008198176937
"SNX3",-0.000888303800207175,0.000984961959671029,-0.901866098974891,0.375735212789607,27,0.898746820028598,-0.425118102238712
"C2CD2L",-0.0109191855749185,0.0121062210818772,-0.901948304187539,0.375692385361807,27,0.898746820028598,-0.425167607249265
"CETP",-0.0154180836788967,0.0170807457119636,-0.902658697629201,0.375322416481707,27,0.898746820028598,-0.425595496168914
"EGLN3",-0.0166516041378861,0.0184420395216161,-0.902915543498787,0.375188711400395,27,0.898746820028598,-0.425750237058085
"LEP 2",-0.000594068041959069,0.000657230336059628,-0.903896258837894,0.374678472146337,27,0.898746820028598,-0.42634125939257
"TIAM1",-0.0376273942879475,0.0416008849435424,-0.904485429553063,0.37437216173048,27,0.898746820028598,-0.426696452819437
"FABP4",-0.0021574012411356,0.00238201990087017,-0.905702442010447,0.373739956141804,27,0.898746820028598,-0.427430469706452
"RPAIN",-0.01720121076858,0.0189690167825897,-0.906805606517662,0.373167497501367,27,0.898746820028598,-0.428096189873329
"LGMN",-5.1602666131686e-05,5.67765951988613e-05,-0.908872149711453,0.372096669508348,27,0.898746820028598,-0.429344217160997
"PRMT2",-0.0113319785330141,0.0124616556590555,-0.909347749853725,0.371850512432095,27,0.898746820028598,-0.42963161569249
"PROM1",-0.000650017641114776,0.000713787045725355,-0.910660462399151,0.371171645875257,27,0.898746820028598,-0.430425207319133
"VAPB",-0.0292250850505909,0.0320676752631108,-0.911356523689453,0.370812010444173,27,0.898746820028598,-0.430846207685158
"TRIM3",-0.0252995967649695,0.0277081264395953,-0.913074971709961,0.369925119343955,27,0.898746820028598,-0.431886177411094
"BLNK",-0.0270259524561288,0.0295837469961876,-0.913540548450864,0.369685076093185,27,0.898746820028598,-0.432168081212666
"PRPSAP2",-0.00840674660463781,0.00919081854827031,-0.91468965038157,0.369093058844691,27,0.898618311614754,-0.432864122059271
"GGPS1",-0.031807315165155,0.0347457842201013,-0.915429479549743,0.368712230083176,27,0.898582635299245,-0.43331245672655
"SGK1",-0.0192750508258592,0.0210464005297525,-0.915835978632584,0.368503094186942,27,0.898372012168699,-0.433558861176237
"PPP1R10",-0.0602126535801407,0.0657262507606472,-0.916112708138714,0.368360767033986,27,0.898324175701469,-0.433726631374168
"TXLNA",-0.0798521384282701,0.0871425597760066,-0.916339141672267,0.368244335043612,27,0.898324175701469,-0.433863925485259
"SIRPB2",-0.0255010222689293,0.0278282298075666,-0.916372419132298,0.368227225841651,27,0.898324175701469,-0.433884103948074
"SH2D1B",-0.0234575286964625,0.0255897402191712,-0.916677093849071,0.36807060544187,27,0.898324175701469,-0.434068864444478
"MRPL38",-0.0435235921566288,0.0474713715943542,-0.916838732374126,0.36798753177142,27,0.898324175701469,-0.434166895931386
"COPE",-0.0568888666965674,0.0620370756169574,-0.917013997368652,0.367897468811426,27,0.898324175701469,-0.434273200168362
"PARP16",-0.0086906286841609,0.00947177516444053,-0.91752903054411,0.367632894349392,27,0.898324175701469,-0.434585636580574
"IL37",-0.0183988300179232,0.02004360305796,-0.917940250798191,0.367421739264553,27,0.898324175701469,-0.434835151341791
"CYBRD1",-0.00161902063190598,0.00176371851432055,-0.917958630450557,0.367412303476093,27,0.898324175701469,-0.434846304637971
"CASP7",-0.0276632493581283,0.0301160221968469,-0.918555882888964,0.367105771804616,27,0.898324175701469,-0.43520878726613
"RNF141",-0.0339790351868354,0.036978622536477,-0.918883204838616,0.366937850023551,27,0.898324175701469,-0.43540748800274
"KPNA1",-0.00942235203555329,0.0102521425770334,-0.919061743899368,0.366846277831916,27,0.898324175701469,-0.435515883091212
"NECTIN1 2",-0.0139970285722645,0.0152250670421843,-0.919341013966162,0.366703071297713,27,0.898324175701469,-0.43568545261899
"PDCD1 2",-0.0151450305555588,0.0164713905647002,-0.919474922051573,0.366634417862735,27,0.898324175701469,-0.435766767998342
"FST",-0.0153666061169225,0.0167039434439036,-0.919938825734643,0.366396644496009,27,0.898324175701469,-0.436048512306425
"TMCC3",-0.0148544644936651,0.0161436717212998,-0.920141635069686,0.366292726835533,27,0.898324175701469,-0.436171704667569
"BEX2",-0.0169831809921199,0.0184477349357866,-0.920610636006829,0.366052489726739,27,0.898324175701469,-0.436456634921992
"BCL6",-0.0209347265705851,0.0227276605026509,-0.921112252981045,0.365795661102365,27,0.898324175701469,-0.43676145022777
"FGF8 4",-0.00844456197137069,0.00916610578613763,-0.921281312740447,0.36570912914523,27,0.898324175701469,-0.436864198294955
"DEFB132",-0.0482190656010405,0.0523215535146318,-0.921590861929509,0.365550723870416,27,0.898324175701469,-0.437052351760645
"EGLN1",-0.016280940936029,0.0176647309908684,-0.921663678005925,0.365513468380223,27,0.898324175701469,-0.437096615599572
"RBP2",-0.0084179296640019,0.0091270233357768,-0.922308331458369,0.365183748699033,27,0.898324175701469,-0.437488557554427
"SIGLEC5 2",-0.00149623838809929,0.00162174465020859,-0.922610343069013,0.365029347195702,27,0.898324175701469,-0.437672218248191
"CAPZA1",-0.00217144917182386,0.00235280493257643,-0.922919338428119,0.364871420071736,27,0.898324175701469,-0.437860153054201
"DEFB115",-0.0233153950016334,0.0252560606426125,-0.923160398272691,0.364748246148151,27,0.898324175701469,-0.43800678768677
"FOXJ2",-0.0267429331253454,0.02889335966411,-0.925573676313044,0.363516657072573,27,0.898324175701469,-0.439475684092535
"AARSD1",-0.00600752183309193,0.00648792638978363,-0.925954067936377,0.363322780600261,27,0.898324175701469,-0.439707370706466
"RBM23",-0.0181656169460607,0.0196054571878011,-0.926559211144729,0.363014495125203,27,0.898324175701469,-0.440076033291143
"CDK2AP1",-0.0624297187751266,0.0673462800564554,-0.926995800254932,0.362792186115111,27,0.898324175701469,-0.440342075425708
"MTHFD1",-0.0159502384846248,0.0171952609517969,-0.927595023381017,0.362487211925928,27,0.898324175701469,-0.440707310163243
"PPP1R27",-0.0331155534100052,0.0356416055516701,-0.929126308914372,0.36170863927816,27,0.898324175701469,-0.441641118150118
"PTER",-0.0218549894079823,0.02351833354262,-0.92927457501938,0.361633313381599,27,0.898324175701469,-0.441731569481521
"PRKACA",-0.00662425758449494,0.0071258794932217,-0.92960561440817,0.361465168028822,27,0.898324175701469,-0.441933546396318
"AS3MT",-0.0467389724368316,0.0502129043839947,-0.930815952795783,0.360850841661591,27,0.898324175701469,-0.442672277400825
"SAP30",-0.0304106833231168,0.0326708539355479,-0.930819971314802,0.360848803156811,27,0.898324175701469,-0.44267473080754
"RAB11A",-0.0189049215949166,0.0203008534148614,-0.931237776490571,0.360636901764043,27,0.898324175701469,-0.442929836647075
"TNFSF14 2",-0.0306230991443566,0.0328734880249541,-0.931543957888215,0.360481666048506,27,0.898324175701469,-0.443116818424281
"MFAP1",-0.0414523225076879,0.0444617435489213,-0.932314371839193,0.360091258622392,27,0.898324175701469,-0.443587421195051
"ZNF230",-0.0201267647345245,0.0215630339304863,-0.933392063445619,0.359545610880008,27,0.898324175701469,-0.444246008488269
"ZKSCAN7",-0.0379254283296241,0.0406095598323706,-0.933903949862394,0.359286629983783,27,0.898324175701469,-0.44455894375361
"MYO6",-0.00810286791920843,0.00866912770401232,-0.93468088092164,0.358893791584068,27,0.898324175701469,-0.445034054355815
"VSTM1",-0.0118879272320776,0.0127074850790984,-0.935505897357387,0.358476953566712,27,0.898324175701469,-0.445538759830307
"UBASH3B",-0.0426659184133958,0.0456021296038858,-0.935612410736192,0.358423161433032,27,0.898324175701469,-0.445603933838184
"LGR5",-0.0147706709508248,0.0157755958944553,-0.936298764854664,0.358076663242993,27,0.898324175701469,-0.446023982129815
"LIF",-0.00711949732063075,0.00760150476457088,-0.936590522683526,0.357929440314457,27,0.898324175701469,-0.446202578669861
"TMPRSS11B",-0.0317225608222629,0.033858041397371,-0.93692840793579,0.357758991688095,27,0.898324175701469,-0.446409442148344
"LTA",-0.012342708637577,0.0131588671116531,-0.937976539534062,0.357230599103818,27,0.898324175701469,-0.447051348067988
"UBA5",-0.0220925821575158,0.0235393199697764,-0.938539523906462,0.356946998203391,27,0.898324175701469,-0.447396265951317
"XPO5",-0.00997955636771451,0.0106300342356209,-0.938807547230029,0.356812035513139,27,0.898324175701469,-0.447560504999985
"KLK11 2",-0.000887356600519753,0.000944885950781241,-0.939115032651377,0.356657243764615,27,0.898324175701469,-0.447748950964613
"TPO",-0.0105701333491257,0.0112464622149556,-0.939862967313353,0.356280912150447,27,0.898324175701469,-0.448207444474107
"SRM",-0.0284204508068406,0.0302222204373276,-0.940382618999707,0.356019600042826,27,0.898324175701469,-0.448526092038
"HSD17B10",-0.00940053547765572,0.00999188022156344,-0.94081747070671,0.355801029015722,27,0.898324175701469,-0.448792800222853
"MSH2",-0.0384852307653795,0.0408333969935358,-0.942493977943399,0.35495920084431,27,0.898324175701469,-0.449821562061664
"DNALI1",-0.0190929498786707,0.0202518208201096,-0.942776950688396,0.354817242798038,27,0.898324175701469,-0.449995283231286
"CSNK2A2",-0.032682843257183,0.0346373850167115,-0.943571324492727,0.354418935018629,27,0.898324175701469,-0.450483083753293
"NMT1",-0.0103047340735348,0.0109206410230487,-0.943601575382434,0.354403772812978,27,0.898324175701469,-0.45050166346914
"NTF3",-0.0428684002366831,0.0454190775664741,-0.9438412784571,0.354283645355669,27,0.898324175701469,-0.450648895354444
"PAGE4",-0.00847605040365383,0.00897862242319472,-0.944025709529495,0.354191236098599,27,0.898324175701469,-0.450762188942404
"SYTL2",-0.0960920996497203,0.101645407646465,-0.945365874117403,0.353520231354913,27,0.898324175701469,-0.451585727229511
"CREB3L1",-0.0408530560431908,0.0430988291914658,-0.947892478974354,0.352257510069667,27,0.898324175701469,-0.453139739036074
"APBB3",-0.0168083544480708,0.0177256123420616,-0.948252400182856,0.352077878996237,27,0.898324175701469,-0.453361260734038
"SFXN5",-0.0167804081759032,0.0176955579958597,-0.948283641568655,0.352062289809284,27,0.898324175701469,-0.453380490706058
"ENTPD3",-0.00921029687789657,0.00970849002601282,-0.948684795804353,0.351862158440698,27,0.898324175701469,-0.453627437524258
"ARID1A",-0.0166365322289346,0.0175323772453522,-0.948903391486455,0.351753135672765,27,0.898324175701469,-0.453762022395536
"ADH1C",-0.00475951419197368,0.0050143484684271,-0.949178985453845,0.351615717835208,27,0.898324175701469,-0.453931719444326
"BCAP29",-0.0492522900716895,0.0518079270899683,-0.950670926983032,0.350872425946737,27,0.898324175701469,-0.45485076039592
"ARHGAP6",-0.0378122723148905,0.0397707291858985,-0.950756324787165,0.350829912376406,27,0.898324175701469,-0.454903385014692
"BECN1 2",-0.0586495205872727,0.0615756259256471,-0.952479486901073,0.349972811197897,27,0.898324175701469,-0.455965693950812
"CRP",-0.000165323059201424,0.000173417537250332,-0.953323763113858,0.349553382924454,27,0.898324175701469,-0.456486490478719
"KIR2DL1",-0.0311349995921759,0.0326564117026921,-0.953411534483111,0.349509798387622,27,0.898324175701469,-0.456540644450414
"NUP98",-0.0297424058769274,0.0311845614129575,-0.953754182496505,0.349339685055593,27,0.898324175701469,-0.456752075622957
"C1QTNF9 2",-0.0165202613960691,0.0173190665875694,-0.953877122218952,0.349278663172617,27,0.898324175701469,-0.456827943848251
"LEMD1",-0.00211361124571646,0.00221559980072095,-0.953967970672636,0.349233574600714,27,0.898324175701469,-0.456884010777197
"CCL8 2",-0.0516444578879052,0.054123736426329,-0.95419239871219,0.349122206575877,27,0.898324175701469,-0.457022526188284
"PCK1",-0.0228793691879779,0.0239751889283679,-0.954293593111443,0.349071998661883,27,0.898324175701469,-0.457084987377074
"GRAMD1C",-0.0188400703167718,0.0197377659598097,-0.954518882994869,0.348960237861941,27,0.898324175701469,-0.45722405573691
"NIT2",-0.0101421571318252,0.010613954827095,-0.955549302502641,0.348449379311498,27,0.898324175701469,-0.457860304746699
"OIT3",-0.0416144845886887,0.0435297855153462,-0.956000221366072,0.348225982669464,27,0.898324175701469,-0.458138827391624
"ZFAND5",-0.0175016493329632,0.0182836344471527,-0.957230324394758,0.347617049640265,27,0.898324175701469,-0.45889893077603
"HOXC11",-0.0066842618945077,0.00697273519225441,-0.958628387599294,0.346925844798021,27,0.898324175701469,-0.4597633454878
"KEL",-0.0217739686769365,0.0227095685503996,-0.95880151261409,0.346840316111831,27,0.898324175701469,-0.459870426630518
"NDRG1",-0.0108924034360118,0.01134237718305,-0.960328091741595,0.346086758955199,27,0.898324175701469,-0.460815016200514
"CXCL17",-0.0389310742081624,0.0405157277961721,-0.960887939716105,0.345810681655302,27,0.898324175701469,-0.461161596046745
"MICAL1",-0.0141173852970249,0.0146713236261734,-0.962243466011455,0.345142849041811,27,0.898324175701469,-0.462001120258738
"BPI",-0.0129889445877727,0.0134935314668942,-0.9626052764349,0.344964742046333,27,0.898324175701469,-0.462225290773715
"CEP112",-0.0454399872540342,0.0471899044120526,-0.962917552391323,0.34481106919452,27,0.898324175701469,-0.462418800814448
"BRD2 2",-0.0268042062416608,0.0278300247752342,-0.963139862725303,0.344701697191909,27,0.898324175701469,-0.462556578271001
"LGALS4",-0.0417333760829097,0.0432839590377487,-0.964176498885263,0.344192004061549,27,0.898324175701469,-0.46319922300405
"MTHFD2",-0.0261261501592936,0.0270272787356099,-0.966658553192444,0.342973702647184,27,0.898324175701469,-0.464739178012762
"WDR5",-0.014266946371757,0.0147584922870027,-0.966694029058878,0.342956310748115,27,0.898324175701469,-0.464761201267758
"CIAO1",-0.00672837776705658,0.00695240393670509,-0.967777164317832,0.342425595918021,27,0.898324175701469,-0.465433779770337
"GTPBP10",-0.040795506200762,0.0421390902039669,-0.968115495690545,0.342259934489344,27,0.898324175701469,-0.465643937112788
"TRAF1",-0.0174440163360504,0.0180112389931247,-0.968507293846312,0.3420681614041,27,0.898324175701469,-0.465887346656774
"ADK",-0.0251463071581336,0.0259356676263893,-0.969564675194535,0.341550969924817,27,0.898324175701469,-0.46654447703274
"DAP",-0.0120627407070081,0.0124341105604511,-0.970132978017405,0.341273218363171,27,0.898324175701469,-0.466897791924874
"VMAC",-0.0323303908968974,0.0332947586758374,-0.971035447701269,0.34083246183336,27,0.898324175701469,-0.467459048518856
"AKR1C3",-0.0125318914193367,0.0128826710817,-0.9727712009304,0.339985826301051,27,0.898324175701469,-0.468539187921126
"PDPK1",-0.0316900575250824,0.0325766435239132,-0.97278461182841,0.339979290538416,27,0.898324175701469,-0.468547536718961
"CMTR1",-0.0691589608860635,0.0709774308709411,-0.974379602606578,0.339202585713747,27,0.898324175701469,-0.469540845811162
"FOXP4",-0.0413499653410493,0.042366153284349,-0.976014156006109,0.338407869118479,27,0.898324175701469,-0.470559546711624
"LRFN1",-0.0145166261056723,0.0148320760555211,-0.978731908556292,0.337089312633445,27,0.898324175701469,-0.472255016502755
"FLT3",-0.0480481986547679,0.0490902154783267,-0.97877343145868,0.337069194414936,27,0.898324175701469,-0.472280936909293
"FCGBP",-0.00191042930001861,0.00195177557834434,-0.978816069437242,0.337048536784249,27,0.898324175701469,-0.472307553906902
"SUFU",-0.0167672587421826,0.0171213357185346,-0.979319547132722,0.336804672689171,27,0.898324175701469,-0.472621891908001
"C1orf50",-0.0304438658566588,0.0310712823315179,-0.979807190827697,0.336568592719844,27,0.898324175701469,-0.472926413151817
"TADA3",-0.00636688887029545,0.00649612562169139,-0.980105564620794,0.336424198530486,27,0.898324175701469,-0.473112773545077
"DLK1 3",-0.0333158868938373,0.0339349981326082,-0.981755966617366,0.335626271331359,27,0.898324175701469,-0.474144051872874
"PDE3A",-0.0163983255208818,0.0167027862781656,-0.981771858167053,0.335618594461299,27,0.898324175701469,-0.474153985721088
"FOXO4",-0.0365703981661049,0.0372391241167041,-0.982042382401275,0.335487928349921,27,0.898324175701469,-0.474323102157693
"SIGLEC15",-0.0133476156245859,0.0135909035693343,-0.982099207495129,0.335460485636317,27,0.898324175701469,-0.474358628641831
"INA",-0.0167759869244148,0.0170633747311404,-0.983157622026488,0.334949622613418,27,0.898324175701469,-0.475020507190696
"HCE000104",-0.00202431197791144,0.00205641922386066,-0.984386818807819,0.334356996123913,27,0.898324175701469,-0.475789585141748
"BTK",-0.0213849843513196,0.021721801196586,-0.984494064639566,0.334305324260105,27,0.898324175701469,-0.475856706630971
"TFR2",-0.0515834717479827,0.0523834927534538,-0.9847276123943,0.3341928180596,27,0.898324175701469,-0.476002887508457
"NT5DC1",-0.031384029395912,0.0318501821915115,-0.985364203168554,0.333886286775106,27,0.898324175701469,-0.47640141772371
"PRR16",-0.054039477446205,0.054840229972807,-0.985398446961308,0.333869803153127,27,0.898324175701469,-0.476422858924103
"FCGR3B",-2.80077969651631e-05,2.84036023383365e-05,-0.986064958646488,0.333549081398272,27,0.898324175701469,-0.476840251066595
"HTR6",-0.0238190262637372,0.0241373978075917,-0.986810030377242,0.333190806682618,27,0.898324175701469,-0.477306990044633
"DNAJB4",-0.0272905240398389,0.0276390063268983,-0.987391649217133,0.332911313012547,27,0.898324175701469,-0.477671446370993
"EDN3 2",-0.0329406845752711,0.0333524777042282,-0.987653297227004,0.332785631910254,27,0.898324175701469,-0.477835432732265
"MAX",-0.0178525246175695,0.0180661963435757,-0.988172843804935,0.332536167080722,27,0.898324175701469,-0.478161113340163
"BIK",-0.0272758060059612,0.0275976393770996,-0.98833837319414,0.332456713618651,27,0.898324175701469,-0.478264892497238
"EIF2B1",-0.0710815748500096,0.0718859886040056,-0.988809867268749,0.332230469600168,27,0.898324175701469,-0.47856053993882
"INIP",-0.00298518883369848,0.00301631483854433,-0.989680783833272,0.331812842276191,27,0.898324175701469,-0.479106809325061
"APOE 4",-1.2304849223891e-05,1.24324112936829e-05,-0.989739555201438,0.331784672834536,27,0.898324175701469,-0.479143680569446
"PPP1R8",-0.0178365670930529,0.0180022022052435,-0.990799174995246,0.331277072508206,27,0.898324175701469,-0.479808620344212
"TEF",-0.0331107197873434,0.0334052479898475,-0.991183175691628,0.33109325237466,27,0.898324175701469,-0.480049670006953
"MACROD1",-0.0473364933480017,0.0477046815928892,-0.992281926372979,0.330567669968938,27,0.898324175701469,-0.480739623361884
"NPPB 3",-0.00178306786122092,0.00179610186382003,-0.992743171831364,0.330347206072096,27,0.898324175701469,-0.481029361907283
"FUT7",-0.0507664194284884,0.0511060999948995,-0.993353424220496,0.330055675742061,27,0.898324175701469,-0.481412794582555
"PSMB6",-0.0551512305830002,0.0554838227303544,-0.994005601435024,0.329744312439554,27,0.898324175701469,-0.481822686600156
"PRX",-0.0124377859502521,0.0125125017611952,-0.994028707258616,0.329733284929722,27,0.898324175701469,-0.481837210783201
"SYF2",-0.0112873414889907,0.0113423937277724,-0.995146329769272,0.329200189769082,27,0.898324175701469,-0.482539923108487
"PRPF19",-0.0303542835580681,0.0304802164971446,-0.995868371240463,0.328856098153421,27,0.898324175701469,-0.482994100376643
"PAPLN",-0.0218830906623695,0.0219658708989604,-0.996231415682461,0.328683181415045,27,0.898324175701469,-0.483222518022157
"OTUD5",-0.0054432949776725,0.00546216161237737,-0.996545939859758,0.328533425267524,27,0.898324175701469,-0.483420438369768
"CA7",-0.0418873271395968,0.0419955744800923,-0.997422410769811,0.328116353971381,27,0.898324175701469,-0.483972122974132
"MRI1",-0.00860286461473827,0.00862460154559702,-0.997479659698616,0.32808912458056,27,0.898324175701469,-0.484008165264458
"VCP",-0.0123829508037699,0.012411534863037,-0.997696976273884,0.327985776139928,27,0.898324175701469,-0.484144990062364
"TXNIP",-0.023293941086988,0.0233463704205262,-0.997754283317115,0.327958526575001,27,0.898324175701469,-0.484181073417733
"ID2 2",-0.0298138279834589,0.0298677184789622,-0.998195694273021,0.32774868738591,27,0.898324175701469,-0.484459038958084
"AMMECR1L",-0.0551025680058151,0.0551651374961967,-0.998865778402421,0.327430317593211,27,0.898324175701469,-0.484881110648434
"NATD1",-0.0324488130197911,0.0323983999082719,-1.00155603707782,0.326154268722857,27,0.898324175701469,-0.486576933037095
"GRPEL1",-0.0342598213704301,0.0342012400977945,-1.00171284060075,0.326079999254622,27,0.898324175701469,-0.48667583866641
"CDHR5",-0.0244642925710464,0.0244049871947038,-1.00243005152469,0.325740443354905,27,0.898324175701469,-0.487128316855938
"BAMBI 2",-0.0161381318078342,0.0160919671658765,-1.00286880040717,0.325532842638688,27,0.898324175701469,-0.487405189408474
"DSC3",-0.0298901245444076,0.0297444819665534,-1.00489645703085,0.324574611998298,27,0.898324175701469,-0.488685453395345
"DGCR6",-0.0467629335572401,0.0465337079243956,-1.0049260126276,0.324560659022561,27,0.898324175701469,-0.488704123465022
"CD36",-0.00528389163193813,0.00525493443859474,-1.00551047661617,0.324284823046235,27,0.898324175701469,-0.489073376401064
"KMT2D",-0.0154460295363588,0.0153587397853786,-1.00568339279134,0.324203246843017,27,0.898324175701469,-0.489182640076816
"FAS 3",-0.0259129811389406,0.0257657585127274,-1.00571388675169,0.324188862259275,27,0.898324175701469,-0.489201909729413
"RNF43 2",-0.0249055560336091,0.024745841780675,-1.00645418548901,0.323839784490057,27,0.898324175701469,-0.489669798191909
"MSTN",-0.00446066096416617,0.00442312064115578,-1.00848729348711,0.322882436927313,27,0.898324175701469,-0.490955577630712
"CD79A 2",-0.00248640110309393,0.00246469966449633,-1.00880490183457,0.322733058857435,27,0.898324175701469,-0.491156545770562
"ERGIC1",-0.00329653576236651,0.00326668888382089,-1.00913673741428,0.322577040495203,27,0.898324175701469,-0.49136654686982
"RAB35",-0.0174345096558073,0.0172763890456905,-1.00915241082489,0.322569672655215,27,0.898324175701469,-0.491376466511926
"TRAT1",-0.0423252903111671,0.0419360701054405,-1.00928127515878,0.322509099840429,27,0.898324175701469,-0.491458026905521
"TTC33",-0.00392568164058546,0.00388892532613097,-1.00945153515999,0.322429081020197,27,0.898324175701469,-0.491565794543676
"SOD1",-0.0147643353016322,0.014625620936999,-1.00948434020208,0.322413664880637,27,0.898324175701469,-0.491586559743834
"MAGIX 2",-0.027875486102705,0.0276050772044182,-1.00979562188087,0.322267409039975,27,0.898324175701469,-0.491783612544683
"CCNH 2",-0.0283309761626787,0.0280496161754327,-1.01003079633911,0.322156942670866,27,0.898324175701469,-0.491932504916247
"F2 2",-1.74657281112706e-05,1.72636720635379e-05,-1.01170411758223,0.321371705477082,27,0.898324175701469,-0.492992362470304
"NAB2",-0.045837875227605,0.0452455009749365,-1.01309244543444,0.320721213993456,27,0.898324175701469,-0.493872312863605
"SULT1E1",-0.0107330273350546,0.0105935105828686,-1.01317002056066,0.320684893645193,27,0.898324175701469,-0.493921497698798
"PLS1",-0.0189942048410892,0.0187404661954683,-1.01353961224733,0.320511891526693,27,0.898324175701469,-0.494155852795339
"BLOC1S5",-0.0270732255328864,0.0266805126955,-1.01471908886716,0.319960223352174,27,0.898324175701469,-0.494904008718824
"CA13",-0.0080162971257998,0.00789917474424379,-1.01482716680516,0.31990970579642,27,0.898324175701469,-0.494972583579898
"UNC45A 2",-0.0187209793045598,0.0184196135676205,-1.01636113243272,0.319193299559088,27,0.898324175701469,-0.495946233847175
"TNS2",-0.0362548500704594,0.0356169726500173,-1.01790936660199,0.318471359739369,27,0.898324175701469,-0.496929617854303
"APOL2",-0.00923393205507103,0.0090499777840715,-1.02032648868192,0.317346528163847,27,0.898324175701469,-0.498466248594806
"WASL",-0.0498993293147075,0.0488458577048761,-1.021567266076,0.316770194720547,27,0.898324175701469,-0.499255688437814
"OTX1",-0.0563928583827312,0.0551831914410987,-1.02192093117564,0.316606052948572,27,0.898324175701469,-0.49948078645081
"SRSF7",-0.021036564639573,0.0205808328299051,-1.02214350670035,0.316502782356323,27,0.898324175701469,-0.499622467774
"MAP6D1",-0.0476064956566106,0.0465506053632509,-1.02268263291358,0.31625273577254,27,0.898324175701469,-0.499965708896666
"CUTC",-0.0114840459344689,0.0112280892135908,-1.02279610680046,0.316200124143166,27,0.898324175701469,-0.500037963895647
"ADAM10 2",-0.0409028016166192,0.0399844485335426,-1.02296775663434,0.316120551095061,27,0.898324175701469,-0.500147269623692
"SLC14A2",-0.0235464332618443,0.023001065605338,-1.02371053871433,0.315776374578266,27,0.898324175701469,-0.500620365696021
"FCER1A",-0.0167630171209862,0.0163702704176391,-1.02399146094275,0.315646274128295,27,0.898324175701469,-0.500799332695163
"BIRC3",-0.0538626735919404,0.0525283107803226,-1.02540273600646,0.314993250793313,27,0.898324175701469,-0.501698751526663
"CRABP1",-0.013157336708936,0.0128279500032327,-1.02567726765542,0.314866329375114,27,0.898324175701469,-0.501873778704279
"SH2D1A",-0.0187013808973088,0.0182120042898932,-1.02687110104005,0.314314811278448,27,0.898324175701469,-0.502635153487857
"SERPINB3",-0.00682827055369961,0.0066308848144975,-1.02976763203163,0.312979496283179,27,0.898324175701469,-0.504484112749862
"PSG11",-0.0331793175430704,0.0321476831479369,-1.03209047415287,0.31191152155237,27,0.898324175701469,-0.505968582747825
"GSKIP",-0.0340783192255665,0.0330160310162805,-1.03217492159376,0.311872743153779,27,0.898324175701469,-0.506022579764099
"FSD1",-0.0325698162343252,0.0315168748839733,-1.03340881208014,0.311306523188974,27,0.898324175701469,-0.506811778914999
"RAPGEF1",-0.00871851919499084,0.00843113014582491,-1.03408665792074,0.310995772808516,27,0.898324175701469,-0.507245514054874
"TEX29",-0.00139638989905933,0.00134900794263132,-1.03512355630434,0.310520839223403,27,0.898324175701469,-0.507909248769085
"CDK8|CCNC",-0.0268934624003884,0.0259155765473086,-1.03773351718781,0.309327640056713,27,0.898324175701469,-0.509581271759553
"OOSP2",-0.024790491070761,0.0238531207295259,-1.03929759765458,0.308614129454007,27,0.898324175701469,-0.510584194269521
"RPL38",-0.0511818339155997,0.0492292361481026,-1.03966337729927,0.308447432836697,27,0.898324175701469,-0.510818839975023
"NDUFB11",-0.0243174334877541,0.0233839172539541,-1.03992129392444,0.308329930575298,27,0.898324175701469,-0.510984314868822
"ANOS1",-0.0264290490211475,0.0253791869635946,-1.04136704848185,0.307671851854523,27,0.898324175701469,-0.511912234475448
"POLI",-0.0824695226081033,0.0791783553537845,-1.04156650185033,0.307581142114434,27,0.898324175701469,-0.512040294770146
"HEY1 2",-0.0446532206936127,0.0428647479281549,-1.04172362726722,0.307509696001665,27,0.898324175701469,-0.512141186055613
"HBD",-0.0270226841773125,0.0259329343072112,-1.04202184979115,0.307374124023358,27,0.898324175701469,-0.512332695934769
"KCTD3",-0.0127179255186892,0.0122041257175779,-1.04210050051936,0.307338376393825,27,0.898324175701469,-0.512383207347028
"RAB2A 2",-0.0144166001792044,0.0138262358659549,-1.04269884580106,0.30706651742655,27,0.898324175701469,-0.512767536502724
"UNC45A",-0.0443109440672724,0.0424723863346912,-1.04328830779823,0.306798859838164,27,0.898324175701469,-0.513146258696049
"GSTA4",-0.0355572388096922,0.0340667167219439,-1.04375303026453,0.306587958463243,27,0.898324175701469,-0.513444906479895
"ASNS",-0.0101581489677917,0.00971842818253081,-1.04524608064207,0.305911068762431,27,0.898324175701469,-0.514404808679013
"SPTAN1",-0.0292420734795295,0.0279566342761174,-1.04597975531376,0.305578835250449,27,0.898324175701469,-0.514876728801349
"SAR1A",-0.0505488851692458,0.0482701919915355,-1.04720704608156,0.305023642813231,27,0.898324175701469,-0.51566649657003
"CAMK2A",-0.0240135112868731,0.0229285299615948,-1.04732014338013,0.304972516473434,27,0.898324175701469,-0.515739296658908
"ALDH2",-0.00941404062731539,0.00897936450866395,-1.04840833872286,0.304480899247114,27,0.898324175701469,-0.516439946419499
"VTA1",-0.0105952301478178,0.0101035528503243,-1.04866380220673,0.30436556869319,27,0.898324175701469,-0.516604478617355
"TRAPPC4",-0.0342015369574491,0.0325669141405888,-1.05019274499892,0.303675961321678,27,0.898324175701469,-0.51758958502787
"AKAP7",-0.0358881755793862,0.0341701675713782,-1.05027800944842,0.30363753647914,27,0.898324175701469,-0.517644540819779
"STK24",-0.0021261323792783,0.00202410667393034,-1.05040530060101,0.303580178474144,27,0.898324175701469,-0.517726588047729
"KCNIP3",-0.0412032191020834,0.0391919496481958,-1.05131843329923,0.303168940413832,27,0.898324175701469,-0.518315294127821
"BMT2",-0.02839970669487,0.0269313688411406,-1.05452147131439,0.301729528240461,27,0.898324175701469,-0.520382186263941
"MMADHC",-0.0177650780206653,0.0168282351365949,-1.05567089338044,0.301214168318942,27,0.898324175701469,-0.521124603925466
"EFNB2 2",-0.0393333149743682,0.0372218583102692,-1.05672625602136,0.300741529230676,27,0.898298137697992,-0.52180659627468
"EIF4E2",-0.00978862652409426,0.0092611563464913,-1.05695510990944,0.300639107314451,27,0.898298137697992,-0.521954526789131
"INSL6",-0.0449965470351554,0.042555799033387,-1.05735406354028,0.300460617444215,27,0.898298137697992,-0.522212444618085
"PRSS57",-0.0170881131837294,0.0161140495020612,-1.06044810037002,0.299078904496043,27,0.897147169472146,-0.524214218811083
"MPG",-0.0409041833788729,0.0385616705658958,-1.06074718181553,0.298945581632322,27,0.897147169472146,-0.524407860999081
"TCEAL4",-0.0371589024599427,0.0350077563667916,-1.06144769949301,0.298633473488623,27,0.897125834801072,-0.524861514304794
"ANGPTL7",-0.0282810701070936,0.0266224108409306,-1.06230312033247,0.298252662978131,27,0.896717760025831,-0.525415669999465
"SOSTDC1",-0.0201821829943149,0.0189902791310305,-1.06276389383539,0.298047681557292,27,0.896531207390823,-0.525714252095839
"RAB37",-0.0265966686556904,0.025006917529188,-1.06357245448772,0.29768822359782,27,0.896531207390823,-0.526238345493162
"SOST 2",-0.0185798876183653,0.0174622412233565,-1.06400360530548,0.297496674610288,27,0.896531207390823,-0.526517884410973
"NAMPT",-0.0219968798242417,0.0206626987150062,-1.064569547649,0.297245373955544,27,0.896531207390823,-0.526884895603177
"LSM12",-0.0356769904145605,0.033503891278376,-1.06486109682391,0.29711597342858,27,0.896531207390823,-0.52707399920472
"SNX5",-0.0177790536799939,0.0166896722264554,-1.06527278898933,0.296933316963542,27,0.896531207390823,-0.527341070300107
"EIF2A 2",-0.0271422968556075,0.0254419540422184,-1.06683224136667,0.296242153384487,27,0.896531207390823,-0.528353144060149
"TNFAIP6",-0.0155613769516034,0.0145729027386553,-1.06782960338616,0.295800712616611,27,0.896531207390823,-0.529000784074457
"HINT1",-0.01973936427323,0.0184793199546629,-1.06818672557532,0.295642760991095,27,0.896531207390823,-0.529232750522853
"FAM3C",-0.042092640222793,0.0393966675353547,-1.06843149068431,0.295534538401834,27,0.896531207390823,-0.529391756878161
"PLAAT3",-0.0295706410937484,0.0276729819552165,-1.06857443630769,0.295471348190051,27,0.896531207390823,-0.529484626208281
"MPP6",-0.0116498598377326,0.0108883577047003,-1.06993728105604,0.294869374174455,27,0.896531207390823,-0.530370331950512
"HPX 3",-0.000104933533393111,9.80456614445413e-05,-1.0702516750572,0.294730628910083,27,0.896531207390823,-0.530574729180852
"COPS5",-0.0184379923780671,0.0172182909257448,-1.07083754465425,0.29447220255098,27,0.896531207390823,-0.530955695269066
"RAB5C",-0.00959083262263114,0.00895273124950871,-1.07127449214534,0.294279570475579,27,0.896531207390823,-0.531239886516388
"PSMC3",-0.013222075263743,0.0123422110723518,-1.07128902481357,0.294273165163574,27,0.896531207390823,-0.531249339506715
"CEBPB",-0.0133659086249197,0.0124621514674209,-1.07252015511619,0.293730901200546,27,0.896531207390823,-0.532050362244864
"JUP 2",-0.00950754644840802,0.00885711496138646,-1.07343604433918,0.293327949914372,27,0.896531207390823,-0.532646553060186
"TP63",-0.00390145613966167,0.00363147352401526,-1.07434519730379,0.292928351617682,27,0.896531207390823,-0.533238592281436
"CILP2",-0.0509809679332715,0.0474276119951294,-1.07492167091413,0.292675176172339,27,0.896531207390823,-0.533614111555138
"POLR1C",-0.0350128893863401,0.0325639823713613,-1.07520293393638,0.292551707783146,27,0.896531207390823,-0.533797362333192
"HCE000483",-0.0526914580064555,0.0490045115084773,-1.07523687890125,0.292536809186743,27,0.896531207390823,-0.533819479937689
"KLK3 3",-0.0469005351981743,0.0436051302907588,-1.07557378880516,0.292388967233196,27,0.896531207390823,-0.534039018718762
"NRSN1",-0.0212523471037187,0.0197282123009975,-1.0772566099486,0.291651312968628,27,0.896531207390823,-0.535136064103684
"DCP1B",-0.0286974573142566,0.0266332288069632,-1.0775057550196,0.291542214623773,27,0.896531207390823,-0.535298551536986
"CSPG4",-0.0386661862805431,0.0358173196212192,-1.07953880104518,0.290653049957912,27,0.896531207390823,-0.536625115429281
"KNG1",-0.0282546132370411,0.0261704164677742,-1.07963941925928,0.290609094301979,27,0.896531207390823,-0.536690799042242
"HDGF",-0.00658819491550298,0.00609935985915283,-1.0801453050219,0.290388167036328,27,0.896531207390823,-0.537021084581894
"IL21R",-0.00877815538487709,0.00812664601287499,-1.08016952762184,0.290377591702556,27,0.896531207390823,-0.537036900972695
"NUMBL",-0.0487784276008995,0.0451257748088488,-1.08094382440021,0.290039686678788,27,0.896531207390823,-0.53754257269983
"DRG1",-0.0433300700033658,0.0400314293198418,-1.08240127169002,0.289404414972155,27,0.896531207390823,-0.538494847842347
"ANGPT4",-0.0223585109938694,0.0206337288965931,-1.08359042158207,0.288886825647898,27,0.896531207390823,-0.539272263205582
"MTRF1L",-0.0355962620665853,0.0328438023252867,-1.08380453986533,0.288793698879475,27,0.896531207390823,-0.539412286766276
"GDF2",-0.0182000292532601,0.0167902535537956,-1.08396393151227,0.288724388381068,27,0.896531207390823,-0.539516529967674
"SEPSECS",-0.045563513600445,0.0420012546594588,-1.08481315546092,0.288355308947648,27,0.896531207390823,-0.540072048326455
"PRRG1",-0.0242280913512284,0.0223240464423542,-1.08529120891192,0.288147691644868,27,0.896531207390823,-0.540384855207774
"PRMT1",-0.0365579299128809,0.0336545082217935,-1.08627140447137,0.28772232987186,27,0.896531207390823,-0.541026431596624
"PIK3CG",-0.0188538204281312,0.0173102078658548,-1.08917354281581,0.286465564993097,27,0.896531207390823,-0.542927575554482
"CSNK1G2",-0.0575312034561793,0.0528174207061071,-1.08924674259088,0.286433916914439,27,0.896531207390823,-0.542975558093732
"GIMAP6",-0.0501214651418799,0.0459651028730921,-1.09042430037116,0.285925141593779,27,0.896531207390823,-0.543747655151353
"MXRA8 2",-0.0371318265861045,0.0340283353158181,-1.09120314706796,0.285588989416767,27,0.896531207390823,-0.544258540340257
"C5orf63",-0.0461209800705324,0.0422587584616163,-1.09139458302884,0.285506408584101,27,0.896531207390823,-0.544384138971635
"EEA1",-0.0212406280386437,0.0194442644505352,-1.09238526829741,0.285079324597208,27,0.896531207390823,-0.545034278793468
"BST1",-0.00298591821592151,0.00273247245808946,-1.09275327079024,0.284920795689488,27,0.896531207390823,-0.545275851485017
"MEPE",-0.0455198887063261,0.0416232300180097,-1.09361740274915,0.284548791746971,27,0.896531207390823,-0.545843254155945
"FGF16",-0.0156949682593894,0.01435052337243,-1.09368612224571,0.284519223361945,27,0.896531207390823,-0.545888385444741
"MYCT1",-0.0283222856894727,0.0258938516848401,-1.09378419379973,0.284477029295959,27,0.896531207390823,-0.545952795886724
"BAG5",-0.0563823397648538,0.0514687037102871,-1.0954684245056,0.283753110868361,27,0.896531207390823,-0.547059368475271
"BMPR1B",-0.0458574902986737,0.041852354343801,-1.09569678976652,0.283655056550633,27,0.896531207390823,-0.547209470119854
"GATM",-0.00706948899443763,0.00644946846238864,-1.0961351366651,0.28346690959313,27,0.896531207390823,-0.547497631021059
"C22orf15",-0.0535320748111682,0.0488308899669706,-1.09627481390115,0.283406976267474,27,0.896531207390823,-0.547589463484543
"RGS5",-0.00928774874022497,0.00845787224551322,-1.09811882594372,0.282616592953062,27,0.896531207390823,-0.548802343490986
"ACSS3",-0.0181275121918558,0.0164858437144442,-1.09958049498997,0.281991217173817,27,0.896531207390823,-0.549764417894632
"ZFP36",-0.151156651929555,0.137446538268063,-1.09974870108954,0.28191931404692,27,0.896531207390823,-0.549875169972075
"ABRAXAS2 2",-0.0480217288166782,0.0436138482255413,-1.10106607810304,0.28135663063711,27,0.896531207390823,-0.550742845517359
"PPTC7",-0.0130834020528604,0.0118807872668005,-1.10122349294314,0.281289449087071,27,0.896531207390823,-0.550846557522678
"MIEF1",-0.0149103320665521,0.0135376400284067,-1.1013981783579,0.281214910316991,27,0.896531207390823,-0.550961656281228
"SRP19",-0.00358518543493435,0.00325464455785658,-1.10155974675632,0.281145981276884,27,0.896531207390823,-0.551068119950229
"TACSTD2",-0.0381775288078464,0.0346293034723919,-1.10246308702926,0.280760818334364,27,0.896531207390823,-0.551663500418605
"HMGB2 2",-0.0175626222415574,0.0159162401734603,-1.1034403885688,0.280344548269836,27,0.896531207390823,-0.552307885006357
"TBK1",-0.0316279982589531,0.0286608818790093,-1.10352495057442,0.280308550997561,27,0.896531207390823,-0.552363653597504
"AVEN",-0.0486275073004291,0.0440558933095704,-1.10376850058935,0.280204892596681,27,0.896531207390823,-0.552524285862557
"MELT",-0.0236153195316922,0.021393229346598,-1.1038688525745,0.280162189381564,27,0.896531207390823,-0.552590477369221
"CA4",-0.0441702790049448,0.0400090242778065,-1.10400790327313,0.280103026288092,27,0.896531207390823,-0.552682198948231
"C8A|C8B|C8G",-0.0165903348674434,0.0150171201787663,-1.10476141030699,0.279782581806679,27,0.896531207390823,-0.553179326515784
"APP",-2.92819752861044e-05,2.64855343797368e-05,-1.10558370717667,0.279433184728911,27,0.896531207390823,-0.553722019521572
"PIWIL1",-0.0610341579316471,0.0551636245348003,-1.10642037114772,0.279078006121264,27,0.896531207390823,-0.55427438850795
"FAM162A",-0.0379926225620449,0.0343097031225076,-1.10734337823871,0.278686551336387,27,0.896531207390823,-0.554883988664958
"CD79B",-0.0250314936333693,0.0226032201614135,-1.10743042162201,0.278649655990179,27,0.896531207390823,-0.554941488770203
"LYZL2",-0.0599047794626155,0.054089465382442,-1.10751287776753,0.278614708302369,27,0.896531207390823,-0.554995960539668
"HDGFL3",-0.0261078592406814,0.0235453954602825,-1.10883078114876,0.278056565860748,27,0.896531207390823,-0.555866845296937
"CASP10 2",-0.0313971146777314,0.0282974319625992,-1.10953936453418,0.277756809210566,27,0.896531207390823,-0.556335285523633
"SPARCL1 2",-1.59117821313442e-05,1.42973337766438e-05,-1.11291954009899,0.276330084414718,27,0.896531207390823,-0.558571830305897
"BTNL9",-0.0589153434713126,0.052872367295951,-1.11429365629756,0.275751607128427,27,0.896531207390823,-0.559481947736462
"MASP1",-0.0131488424258993,0.0117998125739005,-1.11432637963951,0.275737841903533,27,0.896531207390823,-0.55950362779299
"RPS6KA1",-0.0467395322611944,0.0419346181311188,-1.11458108704011,0.275630715059256,27,0.896531207390823,-0.559672388224941
"ASRGL1",-0.0298449186119049,0.0267705516951964,-1.11484137315183,0.275521273001162,27,0.896531207390823,-0.559844863634893
"NR2C2AP",-0.0340034841012476,0.0304260928390476,-1.11757642629713,0.274373171477792,27,0.896531207390823,-0.561658356699912
"PPIL1",-0.126526060234307,0.113190525656342,-1.11781493637067,0.274273215955734,27,0.896531207390823,-0.561816601183573
"MVP",-0.0162630085124115,0.0145246538315135,-1.119683036929,0.27349123947474,27,0.896531207390823,-0.563056580514149
"MYZAP",-0.0198488887798611,0.0177194612202599,-1.12017450943522,0.273285780719092,27,0.896531207390823,-0.563382964413767
"SMTN",-0.0423711526438921,0.0378088378784321,-1.12066794488974,0.273079614013964,27,0.896531207390823,-0.563710719676094
"PDCD6",-0.00474904750971524,0.00423554707919761,-1.12123591614401,0.272842444558896,27,0.896531207390823,-0.564088068019048
"CLDN1",-0.0144446001448492,0.0128527256611584,-1.12385501143166,0.271750715033405,27,0.896531207390823,-0.565829304519852
"ADH1A",-0.00807631779275548,0.00718400198267772,-1.12420873661078,0.271603513684088,27,0.896531207390823,-0.56606461596834
"BAG1",-0.0250530806498115,0.0222797867532469,-1.12447578279269,0.271492421841144,27,0.896531207390823,-0.566242288353243
"EPHA4",-1.68624913886634e-05,1.49909087356742e-05,-1.12484784518335,0.271337698055187,27,0.896531207390823,-0.566489863739417
"PATE1",-0.0105931158184656,0.00940200617240469,-1.12668675431813,0.270573920569268,27,0.896531207390823,-0.567714065457094
"PFN4",-0.0772982953799843,0.0685953552250366,-1.12687360720557,0.270496400169535,27,0.896531207390823,-0.567838510213269
"DEFB104A",-0.0557883730790248,0.049422858162245,-1.12879698086022,0.269699381241125,27,0.896531207390823,-0.569120049927803
"ATG4C",-0.0157814751711132,0.0139776527224325,-1.12905045535906,0.269594472569365,27,0.896531207390823,-0.569289016280755
"SYNGR3",-0.0505307905993144,0.0447476997197851,-1.12923772430189,0.269516984302341,27,0.896531207390823,-0.569413861436923
"PACSIN2",-0.0086861555135857,0.00767999024919214,-1.13101126847126,0.268783929757904,27,0.896531207390823,-0.570596700745074
"LCN10",-0.0384458831127728,0.033953789484815,-1.13230021438304,0.268252084988055,27,0.896531207390823,-0.571456893797098
"KMO",-0.0675066673226961,0.0595786993811198,-1.13306715359565,0.267935994722799,27,0.896531207390823,-0.571968939025558
"THYN1",-0.0331016726887018,0.0292113378324641,-1.13317893478724,0.267889947327509,27,0.896531207390823,-0.572043583152168
"PRRG4",-0.018293274732207,0.016131014085433,-1.13404368970991,0.267533913182444,27,0.896531207390823,-0.572621158037281
"NTF4",-0.0229506676684804,0.0202186827544231,-1.13512180527486,0.267090518303972,27,0.896531207390823,-0.573341529130836
"RPP30",-0.0284741036950649,0.0250754133400359,-1.13553875698641,0.266919183068479,27,0.896531207390823,-0.573620213018758
"NDEL1",-0.0236875956225912,0.02085933739466,-1.13558715573848,0.26689930008217,27,0.896531207390823,-0.573652565106647
"ERLIN1",-0.0187635383021272,0.0165195936926928,-1.13583533900274,0.266797359382255,27,0.896531207390823,-0.573818473149006
"SENP2",-0.0675918652805526,0.0594600132437428,-1.1367616923238,0.266417112857632,27,0.896531207390823,-0.574437882426126
"DPPA4",-0.0565778679009581,0.0497634481109509,-1.13693624635524,0.266345506797985,27,0.896531207390823,-0.574554625289141
"USP1|WDR48",-0.0247592515172198,0.0217444901124368,-1.13864484240349,0.265645343362322,27,0.896531207390823,-0.575697792665116
"TOM1",-0.0364179258609833,0.0319764985086963,-1.13889661343249,0.265542284187491,27,0.896531207390823,-0.57586631327508
"HRK",-0.0230746779000924,0.0202589106495512,-1.13898907494336,0.265504443612737,27,0.896531207390823,-0.575928205955988
"ECEL1",-0.0401738976320431,0.0352451368232547,-1.13984229465486,0.265155442879661,27,0.896531207390823,-0.576499453635589
"CT45A3",-0.0431434743480992,0.0378397348653093,-1.14016323057412,0.265024254158532,27,0.896531207390823,-0.576714379024681
"C1orf162",-0.0239932388210071,0.0210411136708068,-1.14030270433338,0.264967256371699,27,0.896531207390823,-0.57680779117905
"BACH1",-0.0373604897318626,0.0326934439456042,-1.14275173316165,0.263967888218783,27,0.896531207390823,-0.578448901984783
"DCUN1D2",-0.0567789420513729,0.0495990530668716,-1.14475858994366,0.263151013942374,27,0.896531207390823,-0.579794952271329
"apcB|apcA",-0.0406281296311775,0.035487549475079,-1.14485587853026,0.263111460524189,27,0.896531207390823,-0.57986023464324
"S100A12",-0.0285461492124098,0.0249314661526712,-1.14498477697234,0.263059062582363,27,0.896531207390823,-0.579946731837872
"FGFR3 2",-0.00963312695100499,0.00840990289534322,-1.14545043752397,0.262869832611736,27,0.896531207390823,-0.580259251406018
"HEPACAM2 2",-0.0366931581601862,0.0320291003530283,-1.14561938224147,0.262801203382067,27,0.896531207390823,-0.580372650447892
"CLEC4D",-0.0156514080179252,0.0136516709109868,-1.14648295582111,0.26245060491163,27,0.896531207390823,-0.580952421907156
"BCL10",-0.0242387978364352,0.0211376902768478,-1.14670985897566,0.262358542362499,27,0.896531207390823,-0.581104790659475
"FGF20",-0.0586177003052971,0.0511171055911005,-1.14673355675096,0.262348928710713,27,0.896531207390823,-0.581120704882741
"RNF24",-0.0726468994962289,0.0631798143588248,-1.14984350988492,0.261089529874862,27,0.896531207390823,-0.583210543760144
"ACAP2",-0.0143338865060211,0.0124577932307046,-1.15059595552546,0.260785488725681,27,0.896531207390823,-0.583716578360743
"HGD",-0.034440417959703,0.0299034630607979,-1.15172004960365,0.26033175946891,27,0.896531207390823,-0.584472846409713
"IZUMO1",-0.0246080629693373,0.0213511068789296,-1.15254272805977,0.260000061023695,27,0.896531207390823,-0.585026550097448
"MOCOS",-0.0383113014621498,0.0332218347073119,-1.15319643841698,0.259736710735641,27,0.896531207390823,-0.585466663604562
"SMN1",-0.0121653822204279,0.0105455273442059,-1.15360586752562,0.259571870104292,27,0.896531207390823,-0.58574237396882
"VILL",-0.0268847172460399,0.023284719741081,-1.15460772321891,0.25916883618187,27,0.896531207390823,-0.586417221504887
"DNASE2B",-0.0389287585254656,0.0337108691845058,-1.15478358960136,0.259098134823542,27,0.896531207390823,-0.586535713369865
"TSN",-0.0213614434851209,0.0184979094384479,-1.15480311741181,0.259090285176968,27,0.896531207390823,-0.586548870970693
"TBC1D22B",-0.0306704200873291,0.026529665837784,-1.15608015098508,0.258577331920928,27,0.896531207390823,-0.587409550040141
"TSEN34",-0.0194346171877467,0.0168088276525623,-1.15621491215565,0.258523245227927,27,0.896531207390823,-0.587500401040656
"ZPBP2",-0.0691626411134634,0.0597746664116016,-1.15705607852693,0.258185829256223,27,0.896531207390823,-0.58806759802899
"GUCD1",-0.0290058585190358,0.0250638484219342,-1.15727872395094,0.258096574023187,27,0.896531207390823,-0.588217760247686
"TOP1",-0.0361147815338331,0.0311803126145195,-1.15825591552972,0.257705100892698,27,0.896531207390823,-0.58887698514476
"KBTBD11",-0.0107977432119023,0.00931126903496912,-1.15964249033624,0.257150374662503,27,0.896531207390823,-0.589812838584816
"RLN2",-0.014997429873733,0.0129279396368509,-1.16007889076022,0.256975966185666,27,0.896531207390823,-0.590107492392547
"SSTR1",-0.0102268406667774,0.00880275464385735,-1.16177731636696,0.256298015468871,27,0.896531207390823,-0.591254756571337
"HIRIP3",-0.0256232489388463,0.022050153011321,-1.16204404231076,0.256191667845861,27,0.896531207390823,-0.591434998976221
"STAT5A",-0.0165397010642666,0.0142059086190497,-1.16428322241123,0.255300155351624,27,0.896531207390823,-0.592948920924961
"BPHL",-0.0369208285360459,0.0316790354868301,-1.16546567686364,0.254830294150834,27,0.896531207390823,-0.593748944466652
"DEFB127",-0.0358950208288184,0.0307824270926347,-1.16608806449206,0.25458323804069,27,0.896531207390823,-0.594170194029092
"BZW2",-0.0216228962060053,0.0185394594578166,-1.16631751077773,0.254492204184137,27,0.896531207390823,-0.594325516791533
"ZHX2",-0.0660831220097581,0.0566416097397384,-1.16668862896733,0.254345012211441,27,0.896531207390823,-0.594576774605411
"COX7A1",-0.0107957834218035,0.00925120285842625,-1.16695997126151,0.25423743287851,27,0.896531207390823,-0.594760505333069
"UBE2F",-0.0431913352161928,0.0369108860035583,-1.17015167861398,0.252974534185793,27,0.896531207390823,-0.596923195105731
"OXSM",-0.0478661736828165,0.0409058672470274,-1.17015423224635,0.252973525620657,27,0.896531207390823,-0.596924926565175
"SMIM10",-0.0204308327715747,0.0174379968659343,-1.17162727626629,0.252392237400443,27,0.896531207390823,-0.597924006424716
"CD8B",-0.0602622989479486,0.0514313215858096,-1.17170426677458,0.252361882816128,27,0.896531207390823,-0.597976241079001
"SSR2",-0.0267072313427797,0.0227894356688085,-1.17191279902264,0.252279679619237,27,0.896531207390823,-0.598117729207518
"FNBP1",-0.0266562362546101,0.0227356020166929,-1.17244470742576,0.252070091545402,27,0.896531207390823,-0.598478680889795
"PML",-0.0253099168361999,0.0215491909047286,-1.17451819644171,0.251254303381051,27,0.896531207390823,-0.59988649108931
"NUDT12",-0.00989027282475835,0.00841954582447144,-1.17468008737624,0.251190691762867,27,0.896531207390823,-0.599996458051573
"DLAT",-0.0262839292579559,0.0223647371143179,-1.17523980378598,0.250970854895995,27,0.896531207390823,-0.600376709964272
"PID1",-0.065336283024469,0.0554881023709707,-1.1774827437359,0.250091336267202,27,0.896531207390823,-0.601901352957698
"JPH4",-0.0280205779582747,0.0237966286403019,-1.17750200592781,0.25008379293288,27,0.896531207390823,-0.601914452483365
"KLF9",-0.00924053283187897,0.00784161540470185,-1.17839658730755,0.249733648493097,27,0.896531207390823,-0.602522937943612
"EBAG9 2",-0.00284124153501392,0.00240932537320143,-1.17926850670176,0.249392723881705,27,0.896531207390823,-0.603116221363176
"HHEX",-0.024563913290718,0.0208241686128009,-1.17958674593224,0.249268376827918,27,0.896531207390823,-0.60333281431716
"DDX19B",-0.0348968616544781,0.0295733019680344,-1.18001235344629,0.249102149140948,27,0.896531207390823,-0.603622525550494
"ALDH3A1",-0.0288788157751999,0.0244732882356239,-1.1800137152458,0.249101617400768,27,0.896531207390823,-0.603623452608221
"ITGB6",-0.0250477612498896,0.021214722024783,-1.18067826769679,0.248842230848873,27,0.896531207390823,-0.604075913899804
"HDGFL1",-0.0449379882647185,0.0380153912881294,-1.18209984803578,0.248288035754199,27,0.896531207390823,-0.605044207272336
"OAS1",-0.0544647479715108,0.0460695324069674,-1.18222923320302,0.248237641187529,27,0.896531207390823,-0.60513236417263
"HADH",-0.011218580883145,0.00948359616499121,-1.1829458665225,0.24795865526822,27,0.896531207390823,-0.605620727584117
"CERS5",-0.025153597003774,0.0212606983744751,-1.18310304585162,0.247897496367014,27,0.896531207390823,-0.605727859353522
"BLOC1S3",-0.028777659644427,0.0243117556278725,-1.18369319291094,0.247667968515538,27,0.896531207390823,-0.606130158115365
"RPS6KA6",-0.0605240110374598,0.0510312330665013,-1.1860189809364,0.24676492856348,27,0.896531207390823,-0.607716564305237
"IL12RB1 2",-0.0168833721156289,0.0142343986505048,-1.18609661919439,0.246734826007032,27,0.896531207390823,-0.607769546597737
"CXCL14",-0.0187826683680838,0.0158299873824582,-1.18652453184503,0.246568961098447,27,0.896531207390823,-0.608061594699281
"PITX3",-0.0956956074632514,0.0806282382069724,-1.18687459370749,0.246433333884905,27,0.896531207390823,-0.608300547550099
"CHMP1B",-0.0116919306300418,0.00984753551161396,-1.18729509695625,0.246270488343761,27,0.896531207390823,-0.608587628426301
"SERPINF1 2",-1.87374367604707e-05,1.57675833437407e-05,-1.1883518451741,0.245861601582001,27,0.896531207390823,-0.609309293641196
"DPP6",-0.01101507422953,0.00926726522554222,-1.18860030024505,0.245765540409372,27,0.896531207390823,-0.60947901103133
"FGR",-0.0625894253440149,0.0526206966129827,-1.18944501636591,0.24543915327117,27,0.896531207390823,-0.610056155980351
"DEFB106A",-0.0452922027922883,0.0380441295379087,-1.19051752116335,0.245025216443149,27,0.896531207390823,-0.610789218498443
"CYB5R3",-0.0222226322735588,0.0186589126181441,-1.19099289054762,0.244841912318923,27,0.896531207390823,-0.611114237135958
"SLC3A2 2",-0.0409079166868504,0.0343311560411928,-1.19156828385757,0.244620175206391,27,0.896531207390823,-0.611507727105653
"TAFA2",-0.0608319703525411,0.0510503746533371,-1.19160673678943,0.244605362079441,27,0.896531207390823,-0.611534026874598
"CPA1",-0.0028828642201812,0.00241788317080728,-1.19230914668994,0.244334891994555,27,0.896531207390823,-0.612014509618199
"SULT2A1",-0.186209161127761,0.155924879686748,-1.19422353572986,0.243598867963972,27,0.896531207390823,-0.613324734258139
"NCOA7",-0.0343712133080003,0.0287737567328322,-1.19453339468813,0.243479892202359,27,0.896531207390823,-0.613536899197373
"NFE2L1",-0.0325853701638416,0.0272627071785179,-1.19523603985732,0.243210259790702,27,0.896531207390823,-0.614018108361051
"DEFA5 2",-0.0212691693082151,0.017787976878825,-1.19570479842112,0.243030502647002,27,0.896531207390823,-0.614339214879379
"ANKMY2",-0.0580280312747714,0.048501959551793,-1.19640591454467,0.242761827140974,27,0.896531207390823,-0.614819602462438
"FGF10",-0.0304653589395743,0.0254553797160056,-1.19681416185745,0.242605484312954,27,0.896531207390823,-0.615099385745079
"MSX2",-0.0438078046112844,0.0365856154096968,-1.19740515830365,0.242379288766152,27,0.896531207390823,-0.615504493246935
"LRRC25 2",-0.038864461219345,0.0324354870868944,-1.198208034158,0.2420722515009,27,0.896531207390823,-0.616054990445554
"ORC6",-0.0187749127807348,0.0156534765302497,-1.1994084984542,0.241613709357989,27,0.896531207390823,-0.616878427130345
"HMOX2",-0.0223838777662513,0.0186547966243124,-1.19989931903513,0.24142641718243,27,0.896531207390823,-0.617215210589757
"EYS",-0.02056753879826,0.0171195940497046,-1.20140341754277,0.240853143596264,27,0.896531207390823,-0.618247680935177
"YJEFN3",-0.079749776490369,0.0663606540658149,-1.20176296652042,0.240716255478455,27,0.896531207390823,-0.618494580991194
"PROC",-5.10277851477937e-05,4.24289692716603e-05,-1.20266379371786,0.240373546268541,27,0.896531207390823,-0.619113329272277
"ALAD",-0.0141927576946421,0.0117929331538148,-1.20349683234242,0.240056951113812,27,0.896531207390823,-0.619685714036976
"ADAMDEC1",-0.00951118163540001,0.00790060434427911,-1.20385494842393,0.239920945461731,27,0.896531207390823,-0.619931835811368
"PSMD7",-0.0198565863078257,0.0164889947854956,-1.2042326755596,0.239777554351983,27,0.896531207390823,-0.62019147376978
"DYNLRB1",-0.0130553296618289,0.0108409987177057,-1.20425525376243,0.23976898534455,27,0.896531207390823,-0.620206994568434
"IL13 2",-0.0183072032931896,0.015200324881468,-1.20439552680282,0.239715753256962,27,0.896531207390823,-0.620303424757483
"PHF3",-0.0261600727786484,0.0217088906109922,-1.20503959633029,0.239471449363074,27,0.896531207390823,-0.62074625729406
"COQ10A",-0.0310913400099555,0.0257471407896144,-1.20756476472513,0.238515416914488,27,0.896531207390823,-0.622483544236036
"CLK2",-0.0244920831194764,0.020259145250621,-1.20893960808764,0.237996102076688,27,0.896531207390823,-0.623430155802513
"NRXN2",-0.0289860941604483,0.0239494268167551,-1.2103042958911,0.23748146130558,27,0.896531207390823,-0.624370287373581
"RFC4",-0.0556664849930553,0.0459692306394466,-1.21095098218345,0.237237879269799,27,0.896531207390823,-0.624815966891023
"YIPF6",-0.0354494587818186,0.0292730785149273,-1.21099182526162,0.237222501531042,27,0.896531207390823,-0.62484411873408
"USP22",-0.0437853439365625,0.0361473360694033,-1.21130209574764,0.237105706659651,27,0.896531207390823,-0.625057993297343
"magainins 3",-0.0244994513342894,0.0201928387875238,-1.21327424994976,0.236364337895741,27,0.896531207390823,-0.62641804819442
"CRYBB2",-0.0469268358068706,0.038669635241416,-1.21353189689804,0.236267612264042,27,0.896531207390823,-0.626595807690694
"PLTP 2",-0.0205871339322206,0.0169319498498223,-1.21587496507005,0.23538934195291,27,0.896531207390823,-0.628213205196187
"CD1A",-0.0243003138001132,0.019984595846062,-1.21595222576901,0.235360423527965,27,0.896531207390823,-0.628266563108673
"VPS28",-0.0167118729168208,0.0137326847519534,-1.21694142250252,0.234990406133493,27,0.896531207390823,-0.628949868146716
"CD99L2",-0.0382721373803539,0.0314489628502217,-1.21696024007622,0.234983371498083,27,0.896531207390823,-0.62896286931183
"RB1",-0.01753307172536,0.0143959262321273,-1.2179189753162,0.234625173636062,27,0.896531207390823,-0.629625392967696
"GLTP",-0.0134169364063002,0.0110153238182847,-1.21802469247694,0.234585701243862,27,0.896531207390823,-0.629698463065079
"NAP1L4",-0.00108009544353349,0.000885507558578154,-1.21974728851302,0.233943225777548,27,0.896531207390823,-0.63088952602224
"CREB3L2",-0.0505504911530459,0.0414409693138189,-1.21981922696459,0.233916423744115,27,0.896531207390823,-0.630939284428413
"RIPK1",-0.012500725023779,0.0102414583757682,-1.22060009083826,0.233625646619224,27,0.896531207390823,-0.631479483589473
"EPO",-0.0146931157210718,0.0120151209854843,-1.22288537409011,0.232776217549281,27,0.896531207390823,-0.633061393071653
"ID2",-0.0188381562997932,0.0153955335414794,-1.22361178643394,0.232506700847934,27,0.896531207390823,-0.633564526217699
"TCL1B",-0.0158980981329368,0.0129820805498549,-1.22461866354037,0.232133513410341,27,0.896531207390823,-0.634262155371351
"MRPL1",-0.0175776392527183,0.014347167879459,-1.2251643948409,0.231931432936632,27,0.896531207390823,-0.634640388809884
"DNAJC30",-0.0110343122575515,0.00899962161193952,-1.22608624377192,0.231590379705172,27,0.896531207390823,-0.635279485219796
"TMEM119",-0.0681062517665367,0.055516611317645,-1.22677249475582,0.231336735237498,27,0.896531207390823,-0.635755397734504
"IMPDH2",-0.00596017685755363,0.0048533415965784,-1.22805632757347,0.230862781413695,27,0.896531207390823,-0.636646076305491
"AKR7A2",-0.00832036380730523,0.006774650269711,-1.22816137749649,0.23082403245069,27,0.896531207390823,-0.636718976203632
"CHEK2",-0.0269659899915916,0.0219561258337144,-1.22817614527352,0.23081858556663,27,0.896531207390823,-0.636729224614843
"UNC13A",-0.028731212208762,0.0233862462771544,-1.22855168239757,0.230680106610954,27,0.896531207390823,-0.636989856547865
"NUBP2",-0.00572312371325015,0.00465818246099871,-1.22861733329851,0.230655904337599,27,0.896531207390823,-0.637035423828666
"IL22RA2 2",-0.0246028493565525,0.0200189788162237,-1.2289762421155,0.230523626068751,27,0.896531207390823,-0.637284557712649
"JAML",-0.0634687874451112,0.0514961785175842,-1.23249509521253,0.229229757587107,27,0.896531207390823,-0.639729004867824
"PLPP4",-0.0313581739469875,0.0254253875404458,-1.23334104139432,0.228919525397913,27,0.896531207390823,-0.640317163153658
"AK4",-0.0230620090409126,0.0186679180311016,-1.2353819532789,0.228172371105319,27,0.896531207390823,-0.641736944505634
"DPCD",-0.0479359715771408,0.038801822432234,-1.23540515811749,0.228163886688264,27,0.896531207390823,-0.641753093717741
"DSCC1",-0.04301672487861,0.0348115132410053,-1.23570396324913,0.228054655455593,27,0.896531207390823,-0.641961057744297
"FUBP3",-0.0380428521950692,0.0307724837130981,-1.23626199788601,0.227850766086112,27,0.896531207390823,-0.642349506882227
"PELI2",-0.0429107973408285,0.0346994545569047,-1.23664184030495,0.227712061718649,27,0.896531207390823,-0.642613964557831
"TGIF2LY",-0.03816652586488,0.0308519821625186,-1.23708504898747,0.227550299042254,27,0.896531207390823,-0.642922589415706
"PSMD10",-0.0208198546992276,0.0168297162150917,-1.23708887500776,0.227548902996495,27,0.896531207390823,-0.642925253867617
"DDX19A",-0.0586341776669719,0.0473438802540502,-1.23847427275368,0.227043821957245,27,0.896531207390823,-0.643890311100084
"HS3ST3A1",-0.018589171029998,0.014997236078591,-1.23950646189631,0.226668063450168,27,0.896531207390823,-0.644609665777406
"CHST6",-0.0176035176413599,0.0141893095907945,-1.24061833514299,0.226263823354289,27,0.896531207390823,-0.645384878539999
"NANP",-0.0157220155533908,0.0126610618059957,-1.24176121989591,0.22584887747219,27,0.896531207390823,-0.646182063654038
"ALPG",-0.0674660541960618,0.0543280849390778,-1.24182647468094,0.22582520289054,27,0.896531207390823,-0.646227590907552
"SEC14L4",-0.0254739497457129,0.0204847339785937,-1.24355775243812,0.225197777577828,27,0.896531207390823,-0.647435899746306
"NCKIPSD",-0.0251683590005798,0.0202365178918373,-1.24370996705574,0.225142677322143,27,0.896531207390823,-0.647542173730152
"DUSP3",-0.0429613364629411,0.0345347415579873,-1.24400341582996,0.225036480463499,27,0.896531207390823,-0.647747073089719
"VARS1",-0.0710260200401857,0.0570878555537231,-1.24415288245231,0.224982404232397,27,0.896531207390823,-0.64785144652684
"ITGAV|ITGB6 2",-0.0508887528711478,0.0408252811272179,-1.24650097846407,0.224134167601491,27,0.896531207390823,-0.64949193342613
"HYAL4",-0.0358414253828054,0.0287524503113527,-1.24655203277244,0.224115751490623,27,0.896531207390823,-0.649527618944374
"CLPSL2",-0.0230071272497387,0.0184565847330704,-1.24655387670476,0.224115086376025,27,0.896531207390823,-0.649528907814193
"IGFBP7",-3.47547777984236e-05,2.7866816533901e-05,-1.2471743141576,0.223891376803977,27,0.896531207390823,-0.649962632988937
"FGFBP1",-0.0374052886395947,0.0299562480508466,-1.24866400412042,0.223354934678576,27,0.896531207390823,-0.651004448027598
"NRDC",-0.0181316092035213,0.0144819078688823,-1.25201799153006,0.222150724183943,27,0.896531207390823,-0.653352266674392
"TNKS",-0.0310227563160859,0.0247211107832283,-1.25490948154048,0.221116532406879,27,0.896531207390823,-0.65537878494431
"MAT2A",-0.00331264669969501,0.00263931151258918,-1.25511773956735,0.221042186850726,27,0.896531207390823,-0.655524831437072
"ZBP1",-0.0443319887393155,0.0352819685813242,-1.25650553304959,0.220547246954033,27,0.896531207390823,-0.656498359060519
"RNASE10",-0.0313023819213647,0.0248710406249282,-1.25858754337728,0.219806304793475,27,0.896531207390823,-0.657959854688935
"CAMK2B",-0.0274563826236766,0.0218080967734476,-1.25899948578301,0.219659928261079,27,0.896531207390823,-0.658249162571402
"ZNF276",-0.0218980072781517,0.017382606751716,-1.25976544202669,0.219387956406191,27,0.896531207390823,-0.658787217280441
"DNAJC4 2",-0.0199033952873455,0.015744748904437,-1.26412910159123,0.217843420624116,27,0.896531207390823,-0.661855552229445
"MICU3",-0.0608273460407489,0.0481130737740514,-1.26425815832109,0.21779786700379,27,0.896531207390823,-0.661946377808067
"GTSF1",-0.0499100070691447,0.039357113213857,-1.26813180626195,0.216433950679116,27,0.896531207390823,-0.664674613084465
"SIGLEC14",-0.000723648514387435,0.000570620378229813,-1.26817853339264,0.216417537892354,27,0.896531207390823,-0.664707548088339
"LDLR",-0.0650961373224781,0.0512963393101593,-1.26902110750788,0.216121748902992,27,0.896531207390823,-0.665301526715641
"RUNX3",-0.0271615150706986,0.0213754215434309,-1.27068909567521,0.215537105797068,27,0.896531207390823,-0.666477953086972
"AFAP1L1",-0.044021524289315,0.0346284016251514,-1.27125487239761,0.215339071274144,27,0.896531207390823,-0.666877164327531
"NDNF",-0.00888336814304044,0.00698070571257231,-1.27256018357018,0.214882713679885,27,0.896531207390823,-0.667798520085087
"MUC1 2",-0.0383915430614152,0.0301649160495703,-1.27272169424659,0.214826298416439,27,0.896531207390823,-0.667912554638986
"PAX3",-0.0567372804603934,0.044532841221382,-1.27405480773932,0.214361077748486,27,0.896531207390823,-0.668854068109842
"GALNT3",-0.0218464761279734,0.0171403149229047,-1.27456678749699,0.21418261556227,27,0.896531207390823,-0.66921578220524
"PAX8",-0.0319906898049979,0.0250920507177285,-1.27493325136615,0.214054946060762,27,0.896531207390823,-0.66947473268798
"SIGLEC14 2",-0.00195990903059297,0.00153722592380306,-1.27496485730881,0.214043937839852,27,0.896531207390823,-0.669497067759515
"GK5",-0.0358473052803795,0.0281030854844066,-1.27556475249915,0.213835078919122,27,0.896531207390823,-0.66992104874676
"DEFB125",-0.0455474863074258,0.0356574199274716,-1.27736348844283,0.213209767692965,27,0.896531207390823,-0.671192903032029
"BCAP31",-0.014473884736969,0.0113123190978708,-1.27947988487111,0.212475819198,27,0.896531207390823,-0.672690487667413
"MICALL1",-0.0257022175159167,0.0200880192575906,-1.27947993210952,0.212475802837747,27,0.896531207390823,-0.672690521107302
"LSM4",-0.0146387616399251,0.0114375573749712,-1.27988530767585,0.212335443156919,27,0.896531207390823,-0.672977507092999
"FBP2",-0.0010636536176128,0.000830877082361341,-1.28015760717568,0.212241200435195,27,0.896531207390823,-0.673170306651307
"PTEN",-0.0426185738170411,0.0332870642626282,-1.28033441101291,0.212180025880729,27,0.896531207390823,-0.673295501952458
"CREM",-0.0670542982325046,0.0523427038719791,-1.2810629423445,0.21192809483834,27,0.896531207390823,-0.673811466014704
"MACROH2A1",-0.0483733544715353,0.0377466060027044,-1.28152858214774,0.211767193610638,27,0.896531207390823,-0.674141318720583
"CLEC2D",-0.0121674104905669,0.00949033571744118,-1.28208430690243,0.211575286252365,27,0.896531207390823,-0.67453506287057
"IL36RN",-0.0341214988608246,0.0265551324012989,-1.28493047389798,0.21059451485076,27,0.896531207390823,-0.676552944646592
"SORCS2",-0.00728797557221945,0.00566723878676409,-1.28598350033187,0.210232534038102,27,0.896531207390823,-0.677300074892516
"CD300E 2",-0.0604326834145687,0.0468618529458808,-1.28959227208451,0.208995631647442,27,0.896531207390823,-0.679862791263288
"PDE4D",-0.013691963608127,0.0106155595284109,-1.28980140627374,0.208924122938665,27,0.896531207390823,-0.680011412320763
"FXN 2",-0.0482932313288544,0.0373870682231684,-1.29170950341936,0.208272560511585,27,0.896531207390823,-0.681367943702656
"CDK5|CDK5R1",-0.0380331050597945,0.0294326120051716,-1.29220964327297,0.208102035311007,27,0.896531207390823,-0.681723672215011
"BET1L",-0.0414932517313927,0.0320981530427302,-1.29269904334232,0.207935275865602,27,0.896531207390823,-0.682071827098611
"CFHR4",-0.0433838160491162,0.0335070709215493,-1.29476599583089,0.207232110861334,27,0.896531207390823,-0.683542949267589
"NUDT14",-0.0246504928100737,0.0190343656949957,-1.29505197100182,0.207134968097028,27,0.896531207390823,-0.683746578220805
"BMP3",-0.0154558940678219,0.0119338255456229,-1.29513323357495,0.207107370450386,27,0.896531207390823,-0.683804445341341
"CFHR5 2",-0.00601115263694777,0.00463128432170932,-1.29794506650569,0.20615418423209,27,0.896531207390823,-0.68580784606531
"BUD31",-0.0166352491378199,0.012794599689701,-1.30017738274456,0.205399858602831,27,0.896531207390823,-0.68739985970676
"ANKRD2",-0.0203991778198281,0.0156747618942899,-1.30140272352457,0.204986707230537,27,0.896531207390823,-0.688274300717919
"CBX2",-0.0598121608008685,0.0459187337963607,-1.30256555126546,0.204595226534709,27,0.896531207390823,-0.689104503144968
"C3 4",-0.00428822312480033,0.00328700050696269,-1.30460068859643,0.20391146028039,27,0.896531207390823,-0.690558365214166
"CCNA1",-0.0233804795310253,0.017898254384087,-1.30629943173746,0.203342067789379,27,0.896531207390823,-0.691772764407624
"COL6A1 2",-8.79320525772927e-06,6.73136211214046e-06,-1.30630400077128,0.203340537977234,27,0.896531207390823,-0.691776031766314
"KIAA1143",-0.0470645289704253,0.0360009205331754,-1.30731459844352,0.203002386220905,27,0.896531207390823,-0.692498857079492
"TNNT3",-0.0103258821712876,0.00789229879502998,-1.30834911848371,0.202656680070771,27,0.896531207390823,-0.693239076254585
"BRDT",-0.0356202975311047,0.027214262797729,-1.3088834261598,0.202478308432062,27,0.896531207390823,-0.693621496068342
"APOE 2",-1.63769972640119e-05,1.25068922400648e-05,-1.30943778435617,0.202293371477834,27,0.896531207390823,-0.694018347470237
"PUS1",-0.0695000380662196,0.053049685742824,-1.3100933039103,0.202074855066243,27,0.896531207390823,-0.69448772401749
"NAPB",-0.0254375632864225,0.0193933271130152,-1.31166576720871,0.201551420941678,27,0.896531207390823,-0.695614135715074
"LOXL2",-0.0464610456503552,0.0354092660021381,-1.3121154685203,0.201401919524692,27,0.896531207390823,-0.695936394581759
"PIK3C3",-0.0471439245000106,0.0359150179873533,-1.31265211997419,0.201223624174167,27,0.896531207390823,-0.696321033326893
"ADCYAP1R1",-0.0188802006997042,0.0143799773336501,-1.31295065782359,0.201124491803061,27,0.896531207390823,-0.696535040257265
"USP46|WDR48",-0.0599255209214157,0.0456406493025571,-1.3129857229717,0.20111285056316,27,0.896531207390823,-0.696560178282607
"METTL21C",-0.0204279232549761,0.0155454364769751,-1.31407846188382,0.200750334635134,27,0.896531207390823,-0.697343722113686
"SARS2",-0.039089793004885,0.0297218865660213,-1.31518545830039,0.200383604771604,27,0.896531207390823,-0.698137814982961
"PZP",-0.00252191025676242,0.00191733844057435,-1.31531825753567,0.200339645420966,27,0.896531207390823,-0.698233099214547
"MSI2",-0.0491755755064404,0.0373039304076282,-1.31824113355049,0.199374001745653,27,0.896531207390823,-0.700331474081201
"VCPIP1",-0.0574019686715418,0.0435233969734292,-1.31887611407229,0.199164698085217,27,0.896531207390823,-0.700787637726864
"C10orf105",-0.0293807008249398,0.0222664356324983,-1.31950624293266,0.198957162059565,27,0.896531207390823,-0.70124042250421
"ATP5IF1",-0.00973813252286416,0.00736147333959366,-1.32285102093458,0.197858349209374,27,0.896531207390823,-0.703645618690583
"REG3G 2",-0.0216391343182795,0.0163488726142611,-1.32358571926261,0.197617621088677,27,0.896531207390823,-0.704174333025824
"TEN1",-0.0356053052680042,0.0268917314641522,-1.32402427547172,0.197474034023868,27,0.896531207390823,-0.704490001918638
"PSTPIP1",-0.0253547844761077,0.0191401949232277,-1.32468789256364,0.197256914116674,27,0.896531207390823,-0.704967765253688
"ARHGAP22",-0.0746862170240592,0.0563371640178761,-1.32570068667924,0.196925909071291,27,0.896531207390823,-0.705697141015513
"CKAP4",-0.05142915989937,0.0386784861436339,-1.32965803543567,0.195636689011001,27,0.896531207390823,-0.708549695863124
"TMOD1",-0.0154199490348682,0.0115927177343942,-1.33014098921076,0.195479803260889,27,0.896531207390823,-0.708898106735912
"CUL3",-0.0504290085713905,0.0378216125320069,-1.33333840614845,0.194443601273636,27,0.896531207390823,-0.711206343991322
"EPHA8",-0.0620822723658316,0.0464900559690421,-1.33538820446188,0.193781565642493,27,0.896531207390823,-0.712687539568698
"ABHD4",-0.0144671300048789,0.0108161550225764,-1.33754832236427,0.193085800604337,27,0.896531207390823,-0.714249662760872
"FXR1",-0.0616737034863205,0.0460066171266794,-1.34053984705073,0.192125459739235,27,0.896531207390823,-0.716415080262665
"BCL2",-0.0266144070518999,0.0198531169672169,-1.34056567015889,0.192117186236873,27,0.896531207390823,-0.716433782696973
"LYSMD3",-0.0915231817206148,0.0682628979251363,-1.34074562467284,0.192059538069596,27,0.896531207390823,-0.716564120010737
"ECE1 2",-0.0346179315238421,0.0258177632704055,-1.34085711303752,0.192023829703311,27,0.896531207390823,-0.71664487303355
"SAA2",-0.0151551796644383,0.0113003056481753,-1.34113006641422,0.191936427918246,27,0.896531207390823,-0.716842592005055
"RLBP1",-0.0235205477390527,0.0175267440317171,-1.34198044408528,0.191664329341915,27,0.896531207390823,-0.717458706169674
"FCGR1A",-0.001896199429453,0.00141251898021469,-1.3424240353675,0.191522511250614,27,0.896531207390823,-0.717780172414199
"CLEC4G",-6.61975512186154e-05,4.92872230769936e-05,-1.3430976039207,0.191307324999971,27,0.896531207390823,-0.718268400876186
"CCDC149",-0.0717562483239393,0.0534249792574186,-1.34312168804399,0.191299634294087,27,0.896531207390823,-0.718285860209045
"TTN",-0.0302714993106761,0.0225327928990053,-1.34344195352776,0.191197387882545,27,0.896531207390823,-0.718518045302314
"FAM189A2 2",-0.0447730423444202,0.0333109774773037,-1.34409272063319,0.190989758528262,27,0.896531207390823,-0.718989920364383
"GDNF",-0.0446226653268979,0.0331823701201608,-1.34477028510348,0.190773766483901,27,0.896531207390823,-0.719481345850918
"BLOC1S2",-0.0860458315350369,0.0639844524171257,-1.34479280957332,0.190766589475551,27,0.896531207390823,-0.719497684542615
"RPS3A",-0.0406182173402833,0.0301785093430782,-1.34593186424563,0.190403925488277,27,0.896531207390823,-0.720324102168332
"ACSS2",-0.0244933012231941,0.0181480245076202,-1.34964007861624,0.189226995807352,27,0.896531207390823,-0.723016905493294
"CCDC107",-0.00634526364693211,0.00470143295268333,-1.34964461065228,0.1892255608973,27,0.896531207390823,-0.723020198764836
"HNRNPH1",-0.0332036611029742,0.0245974394436172,-1.34988282740098,0.189150149905895,27,0.896531207390823,-0.723193310182619
"VSTM4",-0.0365310407717197,0.027042025813529,-1.35089882036291,0.188828786324117,27,0.896531207390823,-0.723931798233156
"TAF10",-0.0196141521630978,0.0145179026437598,-1.35103207704237,0.188786668277699,27,0.896531207390823,-0.724028677929156
"EPS15L1",-0.0435373876125847,0.0322021673463764,-1.35200178125538,0.188480397992407,27,0.896531207390823,-0.724733809842251
"DUSP18",-0.0480484492024431,0.0355030365132932,-1.3533616817382,0.188051543607849,27,0.896531207390823,-0.725723097351288
"CERT1",-0.0422552064784304,0.0312042642025014,-1.35414846522941,0.187803774766952,27,0.896531207390823,-0.726295682868725
"CCL13",-0.0508370780556455,0.0375074474112148,-1.3553862383193,0.187414500552802,27,0.896531207390823,-0.727196810105466
"DDIT4",-0.0507948375066134,0.0374602535280411,-1.35596619677415,0.187232323691941,27,0.896531207390823,-0.727619172749524
"CEBPG",-0.049589316248496,0.0365582726004909,-1.35644582528306,0.187081767340218,27,0.896531207390823,-0.727968536013486
"ITGAL",-0.0341855523625123,0.025198597815978,-1.35664502494007,0.187019266048319,27,0.896531207390823,-0.728113651712261
"HNRNPLL",-0.0309117492401067,0.0227593937442238,-1.35819739258002,0.186532752341328,27,0.896531207390823,-0.729244901591159
"CHST3",-0.0389171902478505,0.0286468754210634,-1.35851431179945,0.186433551538821,27,0.896531207390823,-0.729475927084332
"COX4I2",-0.0277481385882891,0.0204133963233754,-1.35931023670542,0.186184596603103,27,0.896531207390823,-0.730056251856229
"EHD4",-0.00718604779096645,0.00528397449173834,-1.35997018952345,0.185978369673268,27,0.896531207390823,-0.730537563727266
"ABHD10",-0.0423628864611274,0.0311393937753224,-1.36042746261488,0.185835582680217,27,0.896531207390823,-0.730871126283621
"SPI1",-0.0197544634938932,0.0145073611134418,-1.36168551533398,0.185443189790653,27,0.896531207390823,-0.731789111058193
"CSTF1",-0.0231860714742151,0.0170235755220513,-1.36199774507895,0.185345904526218,27,0.896531207390823,-0.732017005864874
"CD37",-0.0277013906002791,0.02033563667454,-1.36220916235,0.185280053383782,27,0.896531207390823,-0.732171332821619
"SCARF2 2",-0.0335055540211707,0.0245749756259565,-1.36340131242212,0.184909072276648,27,0.896531207390823,-0.733041780333369
"FDX2",-0.0824932375648151,0.0604524803721853,-1.36459640790473,0.184537760004451,27,0.896531207390823,-0.733914755338621
"KLRF1",-0.0221466218904011,0.0162210938443224,-1.36529768602213,0.184320147865648,27,0.896531207390823,-0.734427189856223
"CD34",-0.049885789996035,0.0365363326546641,-1.36537485761223,0.184296213224072,27,0.896531207390823,-0.734483588236083
"DDX1",-0.0668912583915982,0.0489608097117201,-1.36622042783712,0.184034120864424,27,0.896531207390823,-0.73510164911362
"CDK2|CCNA2",-0.0467691382688861,0.0342142139598049,-1.36695054060955,0.183808051221482,27,0.896531207390823,-0.735635469421717
"SPHK2",-0.0615030670523487,0.0449615647525673,-1.36790317220525,0.183513409711504,27,0.896531207390823,-0.736332195439534
"TMEM185A",-0.0263215561196596,0.0192402302980063,-1.36804787219138,0.183468687622194,27,0.896531207390823,-0.736438045598676
"WDR26",-0.042845348728059,0.0312528282815716,-1.37092708352809,0.182580596084011,27,0.896531207390823,-0.738545379383426
"RPRD1A",-0.0348132918959689,0.0253867202800687,-1.37131900111182,0.182459971108755,27,0.896531207390823,-0.738832398239675
"PATE4",-0.0753834374500119,0.0549405754226692,-1.37209042442806,0.182222724415972,27,0.896531207390823,-0.739397464503173
"SH3PXD2B",-0.0444060508434038,0.0323513950366078,-1.37261625945822,0.182061146088892,27,0.896531207390823,-0.739782727679116
"PEX26",-0.0157797932061424,0.011495382072493,-1.37270715376233,0.182033227562464,27,0.896531207390823,-0.739849330531958
"CHST2 2",-0.0187922432787487,0.0136850781976743,-1.37319224686216,0.181884286354753,27,0.896531207390823,-0.740204819596236
"KLK11",-0.000115157499159673,8.38226595338432e-05,-1.37382301874087,0.181690759909554,27,0.896531207390823,-0.740667158670677
"ITGA2B|ITGB3",-0.0294725236393569,0.0214519235134793,-1.37388722371856,0.181671070339977,27,0.896531207390823,-0.740714225097114
"MYBPC3",-0.0723466571784843,0.0526198598278074,-1.37489262448115,0.181362965772267,27,0.896531207390823,-0.741451390940653
"NPL",-0.0131698388619299,0.0095774508809404,-1.37508811328269,0.181303106121549,27,0.896531207390823,-0.741594755419696
"LGALS7 2",-0.0101245752187753,0.00736154325277348,-1.37533325161961,0.181228065518058,27,0.896531207390823,-0.741774545313805
"RBKS",-0.00638554572305915,0.00464000113383079,-1.37619486264807,0.180964507192124,27,0.896531207390823,-0.7424065955293
"LAG3",-0.0433876194364281,0.0315179587890722,-1.37659991647274,0.180840709570809,27,0.896531207390823,-0.742703797578452
"KCNIP1",-0.0306356705286821,0.0221823315862144,-1.38108432874212,0.179474580938468,27,0.896531207390823,-0.745997052043189
"MSRB1",-0.0349178904369328,0.0252584576505199,-1.38242369823456,0.179068138236588,27,0.896531207390823,-0.746981681705465
"SNIP1",-0.0365667873214134,0.0263970025064585,-1.38526286507214,0.178208970852032,27,0.896531207390823,-0.749070437821738
"HDAC6",-0.0408655772360219,0.0294795890702058,-1.38623293352904,0.177916162996498,27,0.896531207390823,-0.749784596146918
"GAB1",-0.0240500597446994,0.0173490646825761,-1.38624532127391,0.177912426307033,27,0.896531207390823,-0.74979371752538
"SIGLEC6",-0.0284553248834807,0.0205261481652686,-1.3862963793484,0.177897025597024,27,0.896531207390823,-0.749831313172952
"LRIT2",-0.0347235693696409,0.0250065085532055,-1.38858126858297,0.177208908726779,27,0.896531207390823,-0.751514448850621
"DCAF5",-0.0421263486087057,0.030334781696968,-1.38871441467852,0.177168875401925,27,0.896531207390823,-0.751612571548651
"C1orf115",-0.0228380524162106,0.0164444293716809,-1.38880175772716,0.177142617660035,27,0.896531207390823,-0.751676941983449
"CD22",-0.0212110364235443,0.015253117016721,-1.39060340258925,0.176601678895379,27,0.896531207390823,-0.753005172040824
"SEMA3B",-0.0473699317747946,0.0340395427390487,-1.39161480922168,0.176298579702396,27,0.896531207390823,-0.753751186452219
"RGS3",-0.0647710940866244,0.0465381642750487,-1.39178446540813,0.17624777730351,27,0.896531207390823,-0.753876351277883
"OSCAR",-0.0593722318588567,0.042652509693794,-1.39199855495245,0.176183686157855,27,0.896531207390823,-0.754034307840161
"PDGFD",-0.00460172215730472,0.0032984747448564,-1.39510607576444,0.175255473914568,27,0.896531207390823,-0.756328408432544
"PLAU",-0.0202460532084092,0.0145059379008642,-1.39570797467725,0.175076135726747,27,0.896531207390823,-0.756773047683045
"WFDC10A",-0.0395002508617945,0.0282985437715863,-1.39584040721754,0.175036696425715,27,0.896531207390823,-0.756870891973844
"TNFRSF9 2",-0.0575555355869638,0.0411836827524054,-1.39753251143142,0.174533395220912,27,0.896531207390823,-0.758121462844978
"LCTL",-0.0307255498559911,0.0219838341951567,-1.39764290356413,0.174500599936474,27,0.896531207390823,-0.758203075589317
"JCHAIN",-0.0526342970824311,0.0376551228719061,-1.39779910588741,0.174454203703656,27,0.896531207390823,-0.758318561192623
"FCAMR",-0.050054605900049,0.0358042223048215,-1.39800846598219,0.174392033526661,27,0.896531207390823,-0.758473358133006
"MRFAP1L1",-0.0548768474085101,0.0392505813113554,-1.39811553294458,0.174360246418313,27,0.896531207390823,-0.75855252587804
"NDUFB4",-0.0307682108665065,0.022004003985594,-1.39830054960226,0.17430532764393,27,0.896531207390823,-0.758689338472337
"PDCL2",-0.0252116494392451,0.01801808184785,-1.39924158698688,0.174026210145226,27,0.896531207390823,-0.759385337555299
"C17orf78",-0.0356427144537177,0.0254576115545005,-1.40008085115969,0.173777578062755,27,0.896531207390823,-0.760006259830995
"GSTT1",-0.0301850877432263,0.0215586433255395,-1.40013855637509,0.173760493235919,27,0.896531207390823,-0.760048959302724
"USP25",-0.0284951489486791,0.0203336054829136,-1.40138201130261,0.173392665889747,27,0.896531207390823,-0.760969276127248
"SLC26A7",-0.033977386217549,0.0242213553862731,-1.4027863294886,0.172977995959738,27,0.896531207390823,-0.762009138726988
"YBX2",-0.00840205320360979,0.00598583044348865,-1.4036570669571,0.17272127805972,27,0.896531207390823,-0.762654157078236
"MICA",-0.0194199883686891,0.013831389441806,-1.40405188143943,0.172604975266339,27,0.896531207390823,-0.762946690083292
"USP10",-0.034837461459662,0.024784536407566,-1.4056127936703,0.172145776518288,27,0.896531207390823,-0.764103627953805
"TIGIT 2",-0.197614694231666,0.140516928503336,-1.40634083264192,0.171931929344276,27,0.896531207390823,-0.764643463334126
"CDNF",-0.0322198663027908,0.0228996998839103,-1.40699950069778,0.171738640244306,27,0.896531207390823,-0.765131979988202
"ARPP21",-0.0706726672757638,0.05021451460867,-1.40741512342651,0.171616762683833,27,0.896531207390823,-0.765440294660132
"AKR1C1",-0.0860542286829172,0.0610630466580893,-1.40926850841166,0.171074110217797,27,0.896531207390823,-0.766815710156762
"METTL26",-0.0441546549365027,0.0313224581778341,-1.40968038606081,0.1709537018782,27,0.896531207390823,-0.767121490434115
"ADAMTS1",-0.0263840095301088,0.0187149841427476,-1.4097799564705,0.170924603565336,27,0.896531207390823,-0.767195418709403
"CBX3",-0.0420307025864724,0.0298121499237928,-1.40985144291549,0.170903714896447,27,0.896531207390823,-0.767248497013066
"RAG1",-0.0344584247759716,0.0243733030589101,-1.4137773896581,0.169759646308848,27,0.896531207390823,-0.770165538286488
"GJA1",-0.0447643177815943,0.0316450312267567,-1.41457650842022,0.169527521026594,27,0.896531207390823,-0.77075978855368
"ECRG4",-0.023151000061984,0.0163352257562288,-1.41724396145283,0.168754515893715,27,0.896531207390823,-0.772744596562242
"IFNA16",-0.0962038047516244,0.067850576830317,-1.41787747792055,0.168571341088712,27,0.896531207390823,-0.773216258091941
"NEURL4",-0.0299695969905946,0.0211366768022795,-1.41789540858015,0.168566158926115,27,0.896531207390823,-0.773229609229804
"OCIAD1",-0.0378218099198978,0.0266254768882584,-1.42051201856883,0.167811287859061,27,0.896531207390823,-0.7751788296216
"RARRES2",-3.69137049377223e-05,2.59810577513614e-05,-1.4207929981522,0.167730387843962,27,0.896531207390823,-0.77538824879882
"DMRTB1",-0.0856328577316621,0.0601815803098691,-1.42290809398402,0.167122403484844,27,0.896531207390823,-0.776965327140367
"ITLN1",-0.0361641863663962,0.0254033519772278,-1.42359899586537,0.166924184746094,27,0.896531207390823,-0.777480736173631
"RAC3",-0.0187131599640247,0.0131438356865034,-1.42372138623432,0.166889090677108,27,0.896531207390823,-0.777572051658584
"IQCF3",-0.0373916522633926,0.0262611975247566,-1.42383652642433,0.166856080885739,27,0.896531207390823,-0.777657961337636
"SPIN1",-0.126972639605464,0.0891745738762303,-1.4238659528858,0.166847645384746,27,0.896531207390823,-0.777679917889185
"HPX 2",-2.76466868718752e-05,1.93993571514107e-05,-1.42513417615309,0.166484414683858,27,0.896531207390823,-0.77862641641357
"CPT1B",-0.0343010892160291,0.0240644414332074,-1.4253848073405,0.166412706309064,27,0.896531207390823,-0.77881351657153
"NECTIN3",-0.0434290069159449,0.0304567883721131,-1.42592207639691,0.166259070649571,27,0.896531207390823,-0.779214651434818
"MAK16",-0.000694997949467112,0.000487025284453358,-1.42702642275993,0.165943630762276,27,0.896531207390823,-0.780039411998259
"GLUD2",-0.00847017541321574,0.00593262520030921,-1.42772805077494,0.165743469482162,27,0.896531207390823,-0.780563574378603
"USO1",-0.0616150104847154,0.0431318873244734,-1.4285257220765,0.165516142943071,27,0.896531207390823,-0.781159642678585
"LZTFL1",-0.010727883520636,0.00750955001383762,-1.42856542680561,0.165504834087216,27,0.896531207390823,-0.781189316771993
"KLK14 2",-0.00286012106672602,0.00200146631760668,-1.42901284001926,0.165377442737194,27,0.896531207390823,-0.78152372793249
"AKR1C2",-0.0251570498651122,0.0175873901394655,-1.43040267291624,0.164982216708566,27,0.896531207390823,-0.782562865492533
"OPCML 2",-0.00625486793985297,0.00437271367940447,-1.43043162631788,0.164973991272102,27,0.896531207390823,-0.782584518436663
"ESS2",-0.0177096594334111,0.0123605397894001,-1.43275777070821,0.164314221125626,27,0.896531207390823,-0.784324847465059
"HIBADH",-0.0368976020773264,0.0257329440550576,-1.43386633097173,0.1640005400019,27,0.896531207390823,-0.785154721955599
"TNFRSF13B",-0.0502597605351101,0.0349181755095445,-1.4393581509255,0.162453613165309,27,0.896531207390823,-0.789270624975782
"ATP5PO",-0.0147719988366883,0.010247205930624,-1.44156357710562,0.161835687723263,27,0.896531207390823,-0.790925702301898
"PAEP",-0.0252824884315143,0.0175378548177413,-1.44159526317543,0.161826823521379,27,0.896531207390823,-0.790949490499987
"DRGX",-0.0863150382417949,0.0598252537704184,-1.44278599423969,0.1614939973364,27,0.896531207390823,-0.791843615575148
"MRPS14",-0.0268812064342033,0.0186065903113636,-1.44471426437471,0.160956181635041,27,0.896531207390823,-0.7932923392739
"UBE2A",-0.0468222580318883,0.0324066160847923,-1.44483638493378,0.16092216925266,27,0.896531207390823,-0.793384121712817
"CRIM1 3",-0.028513947065945,0.0197272443246769,-1.44540953600279,0.160762615144665,27,0.896531207390823,-0.793814937702323
"RFPL3",-0.123613496555924,0.0854867327493705,-1.44599626843072,0.160599411608706,27,0.896531207390823,-0.794256050187849
"CTDSPL",-0.0533344116397058,0.0368689961094823,-1.44659245620167,0.160433714068131,27,0.896531207390823,-0.794704362390993
"KIN",-0.0494492840971785,0.0341824590440129,-1.44662746566911,0.160423988203198,27,0.896531207390823,-0.794730691130763
"BMP10",-0.0106465718026708,0.00735686623037606,-1.44716125987336,0.160275755132727,27,0.896531207390823,-0.795132168278553
"ABCC6",-0.0320150574457645,0.0221206597609687,-1.44729215998586,0.160239421331617,27,0.896531207390823,-0.795230632067822
"APBB1IP",-0.0327803409292817,0.0226314711029635,-1.44844057110319,0.159920941188854,27,0.896531207390823,-0.796094662912433
"VEGFA",-0.0145891694268196,0.0100693536141043,-1.44886851588809,0.159802392426941,27,0.896531207390823,-0.796416723081844
"RANBP1",-0.0235399596731094,0.0162453458223902,-1.44902792039461,0.159758252400557,27,0.896531207390823,-0.796536698869365
"UBE2H",-0.0289000343441666,0.0199433082576203,-1.44910934388852,0.159735709539945,27,0.896531207390823,-0.796597984784922
"RALYL",-0.0496677819298465,0.0342739789249933,-1.44913965310364,0.159727318800216,27,0.896531207390823,-0.796620798391761
"SAP18",-0.0253419155241059,0.0174782097339767,-1.44991483165707,0.159512840126942,27,0.896531207390823,-0.797204352281825
"RER1",-0.0140597443835698,0.00967975289843702,-1.4524900099299,0.158801990760697,27,0.896531207390823,-0.799144057507371
"REG1B 3",-0.0470155763030119,0.0323317201810374,-1.45416253882423,0.158341671551616,27,0.896531207390823,-0.800404774693696
"APOA5",-0.0331426395643337,0.0227896822653225,-1.4542826520563,0.158308654856571,27,0.896531207390823,-0.800495341273453
"IL1B",-0.0208411498909239,0.0143242590026225,-1.45495483480913,0.158123987477273,27,0.896531207390823,-0.801002242409379
"INHBB 2",-0.0172808723389413,0.0118746181703155,-1.4552781479863,0.158035225969188,27,0.896531207390823,-0.801246098242389
"EGFR",-0.0549170336281162,0.0376911023150035,-1.4570291197415,0.157555214222961,27,0.896531207390823,-0.802567219460548
"PLA2G10",-0.0172246885965085,0.0118205204430698,-1.45718529733664,0.157512456644085,27,0.896531207390823,-0.802685094967281
"PPIL3",-0.0889940847463161,0.0609423891283908,-1.46029858722518,0.156662059050075,27,0.896531207390823,-0.805036169710884
"RAB3C",-0.0170331423260973,0.0116439912064491,-1.46282679401745,0.155974197740762,27,0.896531207390823,-0.806947239502094
"CBX5",-0.0411471453309992,0.0280904680153286,-1.46480810887685,0.155436832513683,27,0.896531207390823,-0.808446062355812
"B3GALT1",-0.0561890903885845,0.0383372702636894,-1.46565183181034,0.155208453954215,27,0.896531207390823,-0.809084627113439
"AZIN1",-0.0534829099422653,0.0364454337871406,-1.4674790333031,0.154714794165661,27,0.896531207390823,-0.810468156130537
"CDH2",-0.0243608945256623,0.0165700665644445,-1.47017481377746,0.153988779013773,27,0.896531207390823,-0.812510924552812
"SIGLEC5",-2.46789343169899e-05,1.67854280741586e-05,-1.47025945409063,0.153966028620569,27,0.896531207390823,-0.812575092216395
"DNAJA2",-0.0309980425372427,0.0210339227132259,-1.4737166699653,0.153039080439967,27,0.896531207390823,-0.815197652501461
"SPIN3",-0.0529091490999261,0.035852345722869,-1.47575139180299,0.152495639340748,27,0.896531207390823,-0.81674257492262
"AHCYL1",-0.0428538127335355,0.0290066905803719,-1.47737683534755,0.152062629994842,27,0.896531207390823,-0.817977502456593
"BRD4",-0.0415687045318138,0.0281341608831207,-1.47751712604847,0.152025303904243,27,0.896531207390823,-0.818084119743585
"S100A14",-0.0485772203392801,0.0328639212380046,-1.47813220423326,0.151861742009483,27,0.896531207390823,-0.818551622627689
"LYSMD4",-0.0685786742712264,0.0463796702189771,-1.47863652215375,0.151727739609283,27,0.896531207390823,-0.818935012107703
"NAP1L1",-0.0494946978538503,0.0334594175753254,-1.4792456486257,0.151566015881964,27,0.896531207390823,-0.819398165257101
"CAPN3",-0.0468219404986945,0.0316324525998144,-1.48018685402121,0.151316398720865,27,0.896531207390823,-0.82011400331815
"PPIG",-0.0962725192583847,0.0649150488326778,-1.48305394495709,0.150558064077939,27,0.896531207390823,-0.822295978173419
"MFAP3L",-0.0246040694712148,0.0165719139385847,-1.48468484463515,0.150128070334149,27,0.896531207390823,-0.823538097553778
"NGRN",-0.055708074443543,0.0374504975476063,-1.48751226529709,0.14938496309757,27,0.896531207390823,-0.825693115856714
"USP12|WDR48",-0.0200768243297601,0.0134949566801921,-1.48772795686176,0.149328397126752,27,0.896531207390823,-0.825857596543247
"TMUB2",-0.0730456625361268,0.0490771198461379,-1.48838527536116,0.149156119660979,27,0.896531207390823,-0.826358923458659
"TOM1L2",-0.0321634426623702,0.0215737266542891,-1.49086169384535,0.148508516525705,27,0.896531207390823,-0.828248640124127
"ZAP70",-0.0342465260393109,0.0229675444028709,-1.49108348017519,0.148450628927078,27,0.896531207390823,-0.828417958128693
"MAGEA4 2",-0.021772000637797,0.0145956874287632,-1.49167353329941,0.148296710428386,27,0.896531207390823,-0.82886848254306
"CDK1|CCNB1",-0.0374622507014278,0.0251125151809252,-1.49177612961218,0.148269960833928,27,0.896531207390823,-0.828946827161142
"NUDT15",-0.0339126571697845,0.0226989337613863,-1.49401983045891,0.147685945222109,27,0.896531207390823,-0.830660833076119
"AURKB",-0.0537766910160358,0.0359855097721273,-1.4943984775141,0.147587570858781,27,0.896531207390823,-0.830950215241522
"NGDN",-0.0366093917388637,0.024489074719554,-1.4949275200517,0.147450211982249,27,0.896531207390823,-0.831354598746942
"BCL2L11",-0.0165154375437944,0.0110442856444246,-1.49538304925423,0.147332022932188,27,0.896531207390823,-0.831702848057341
"PSMA1 2",-0.0210718745644383,0.0140704547466018,-1.49759726632342,0.146758628400949,27,0.896531207390823,-0.833396355792369
"MNX1",-0.0465638275997294,0.0310848505469515,-1.49795887000962,0.146665159559625,27,0.896531207390823,-0.833673040949167
"PDK1",-0.0179887796040471,0.0120008305883817,-1.49896121535642,0.146406321601732,27,0.896531207390823,-0.834440170699236
"TGIF2LX",-0.134805318902182,0.0899175686165956,-1.49921000952535,0.146342132366795,27,0.896531207390823,-0.834630621105377
"STAT1",-0.0668103611357951,0.044535307809767,-1.50016614729994,0.146095660044369,27,0.896531207390823,-0.835362685138785
"GFP 2",-0.012564775858245,0.0083732575086527,-1.5005839537672,0.145988064119975,27,0.896531207390823,-0.835682650371269
"ADPRH",-0.0118971739254887,0.00792671290980441,-1.50089628082446,0.145907673886588,27,0.896531207390823,-0.835921866167155
"OSBP",-0.0484222762929644,0.0322584131494639,-1.50107434202073,0.145861858591337,27,0.896531207390823,-0.836058256899312
"C12orf65",-0.0298569539232073,0.0198652453568373,-1.50297433466791,0.145373715837143,27,0.896531207390823,-0.837514108599219
"SIRT6",-0.00582938011650932,0.00387459648225134,-1.50451282945525,0.144979421443457,27,0.896531207390823,-0.83869363768087
"GTF2E1",-0.0274907451830802,0.0182575069963431,-1.50572283437089,0.144669925183799,27,0.896531207390823,-0.839621743132919
"TMED4",-0.0467504626145924,0.031003217449106,-1.50792293384829,0.144108557565767,27,0.896531207390823,-0.841310228809599
"TRIM27",-0.0842273898436932,0.0558288513567981,-1.5086713732547,0.143917993333064,27,0.896531207390823,-0.841884905043639
"RPN1 2",-0.00025654028736112,0.000170003208312196,-1.50903203479552,0.143826236537044,27,0.896531207390823,-0.842161883466854
"RBM39",-0.0270038895409479,0.017862542689313,-1.51176067207409,0.143133578051184,27,0.896531207390823,-0.844258472098325
"SRC 2",-0.0508187915766906,0.0335973023820286,-1.51258547483485,0.14292473884113,27,0.896531207390823,-0.844892592676467
"IL31RA",-0.0242515405733132,0.0160046225772655,-1.51528350363991,0.142243332906458,27,0.896531207390823,-0.846968080291708
"GP1BA",-0.0456513600515914,0.0300574816567386,-1.51880189341667,0.141358716772457,27,0.896531207390823,-0.849677405926099
"KHDC1L 2",-0.00997381906096647,0.00654990003340577,-1.52274370755249,0.140372972347807,27,0.896531207390823,-0.852716503959469
"CHEK1",-0.0377655596599766,0.0247894515574988,-1.5234528110628,0.140196240638156,27,0.896531207390823,-0.853263631818675
"ACSF2",-0.0326349090857138,0.021408090016275,-1.52441946296488,0.139955611960385,27,0.896531207390823,-0.854009682445672
"IER3",-0.0302067553231696,0.0198026102246271,-1.52539261140451,0.139713706675309,27,0.896531207390823,-0.854760985142478
"PCNA 2",-0.0853572842199228,0.0559385943916626,-1.52591042281615,0.139585128275272,27,0.896531207390823,-0.855160849993921
"TLN2",-0.0152321995773805,0.00997273449489013,-1.52738444858681,0.13921963993058,27,0.896531207390823,-0.85629949380727
"HCAR2",-0.0314895701137595,0.0206039115748024,-1.5283297057181,0.13898567262451,27,0.896531207390823,-0.85702996680215
"CAMK1D",-0.0233291210480246,0.0152453160740942,-1.53024843398733,0.138511742186684,27,0.896531207390823,-0.858513408182774
"RORB",-0.0553769568778363,0.0361797006936873,-1.53060848531283,0.13842295596986,27,0.896531207390823,-0.858791880801868
"CKB",-0.0361446242044465,0.0235592378370931,-1.53420176214437,0.137539424250737,27,0.896531207390823,-0.861572797976048
"SCO2",-0.108476376143626,0.0706319893016906,-1.53579670084457,0.13714873383434,27,0.896531207390823,-0.862808197474675
"HNF1A",-0.0158299673778424,0.0102930239488829,-1.53793165705793,0.13662718428569,27,0.896531207390823,-0.864462881835367
"OTOR",-0.0209026259314932,0.0135839149509399,-1.53877773874364,0.136420944194091,27,0.896531207390823,-0.865118948963613
"CPA1 2",-0.0422639342453749,0.0274331803399195,-1.5406137284008,0.135974281602794,27,0.896531207390823,-0.866543227028448
"THG1L",-0.0190964368711104,0.0123875197928991,-1.54158678979929,0.13573803963496,27,0.896531207390823,-0.867298427296221
"ANKRD54",-0.0315296480692151,0.0204230203548999,-1.54382885201652,0.135194986604112,27,0.896531207390823,-0.869039412910206
"LGR5 2",-0.0407959914519075,0.0264208235414902,-1.54408477797231,0.135133111792434,27,0.896531207390823,-0.869238222356278
"GDF10",-0.0298178130191502,0.0192944101642562,-1.54541200095295,0.134812603381917,27,0.896531207390823,-0.87026950451172
"PRKCQ",-0.0229047646943436,0.0148043464633528,-1.54716486479446,0.13439026313544,27,0.896531207390823,-0.871632195714737
"ZNF10",-0.0146387006608368,0.00944544088966511,-1.54981655508044,0.13375341990586,27,0.896531207390823,-0.873695104803887
"PIAS3",-0.11143161106883,0.0718728961096555,-1.55039823216279,0.133614053105673,27,0.896531207390823,-0.874147861731138
"PDE7A",-0.0712681747575183,0.0459601182255309,-1.5506525550652,0.133553156117052,27,0.896531207390823,-0.874345844310344
"SKP2",-0.0405687220557786,0.0261452770113755,-1.55166541315006,0.133310855728037,27,0.896531207390823,-0.875134483813298
"SPINK4",-0.0247146989397552,0.0159170995705203,-1.55271372339272,0.133060454462387,27,0.896531207390823,-0.875950997572897
"VPS9D1",-0.0181201914332686,0.0116456961740196,-1.55595605127437,0.132288429648211,27,0.896531207390823,-0.878478138878846
"BIRC7",-0.0589902536081876,0.0378860591908859,-1.55704380101846,0.132030253400557,27,0.896531207390823,-0.879326543191996
"ARHGDIA",-0.0207823800807762,0.0133401096838263,-1.55788674706124,0.131830465952106,27,0.896531207390823,-0.879984212914188
"OLIG1",-0.0372799129261143,0.0238828577518231,-1.56094858134256,0.131106867322158,27,0.896531207390823,-0.882374559553183
"KDM8",-0.00588217448816409,0.00376455713511729,-1.56251433489821,0.130738099380296,27,0.896531207390823,-0.883597832928688
"ARSB",-0.0175951037166029,0.0112567560737059,-1.56307053305547,0.130607308583943,27,0.896531207390823,-0.884032519930263
"ST6GALNAC1",-0.0310529154870732,0.0198462891713638,-1.5646711190664,0.130231529098923,27,0.896531207390823,-0.885283860191648
"DRAP1",-0.0510233951292726,0.0325761824546926,-1.56627914275212,0.129854900027264,27,0.896531207390823,-0.886541657781688
"IFNA7",-0.0647662648152879,0.041348302507867,-1.566358493265,0.129836337903673,27,0.896531207390823,-0.886603742493718
"ULK3",-0.0460464709955861,0.0293946751554798,-1.56649021470823,0.129805529697565,27,0.896531207390823,-0.886706806256864
"PRKCA",-0.0168058460293145,0.0107118107008536,-1.56890804912891,0.129241093231368,27,0.896531207390823,-0.888599377005813
"VLDLR",-0.0585432741203582,0.0373092310029876,-1.56913644549978,0.129187879433969,27,0.896531207390823,-0.888778230473054
"SERPINA6",-0.0546076998725452,0.0347624958678609,-1.57087972279435,0.128782309798434,27,0.896531207390823,-0.890143789806729
"CARD17",-0.060716654011418,0.0386500127023265,-1.57093490444734,0.128769489060672,27,0.896531207390823,-0.890187027521964
"CEP43",-0.0076700313643724,0.00487639645824782,-1.57288920825941,0.128316109981621,27,0.896531207390823,-0.8917188148885
"NCL",-0.105122193701433,0.0668262056946261,-1.57306841842566,0.128274600960036,27,0.896531207390823,-0.891859327685042
"RPS12",-0.00734170402819172,0.0046617874612323,-1.57486888650454,0.127858186992488,27,0.896531207390823,-0.893271458080948
"RGS13",-0.0295371211028183,0.018699143900189,-1.57959750780461,0.126769854597985,27,0.896531207390823,-0.896984007796863
"SEC61B",-0.0431362589752054,0.0272771183637055,-1.58140821182203,0.126355135784943,27,0.896531207390823,-0.898407101209588
"UPP1",-0.0215579966135707,0.0136228133800346,-1.58249225120898,0.126107386981178,27,0.896531207390823,-0.899259473052608
"ARHGEF1",-0.0444575354690715,0.0280687974171378,-1.58387745682069,0.125791393133828,27,0.896531207390823,-0.900349073058947
"NABP1",-0.0344136423889357,0.0217057364498617,-1.58546301658219,0.125430497790641,27,0.896531207390823,-0.901596854160604
"TRIM40",-0.0243436807323093,0.0153499833496188,-1.5859092598243,0.125329081125112,27,0.896531207390823,-0.901948144434771
"ARL8B",-0.0740532456517932,0.0466207083346568,-1.58841957355555,0.124759830544494,27,0.896531207390823,-0.903925223796595
"PTPN2",-0.0434335708842425,0.0273242334731522,-1.58956228092981,0.124501414003273,27,0.896531207390823,-0.904825716115781
"TNFRSF4",-0.0177128439803112,0.0111405870813271,-1.58993811107135,0.124416519059862,27,0.896531207390823,-0.905121953565939
"POTEM",-0.103372714492006,0.0649664905069177,-1.59116975051929,0.12413864397459,27,0.896531207390823,-0.906093002929754
"ROCK2",-0.0600043631701598,0.0376720489620393,-1.59280858948299,0.123769695548559,27,0.896531207390823,-0.907385677344325
"SHC4",-0.0293504424989469,0.0184232318307243,-1.5931212703951,0.123699405557959,27,0.896531207390823,-0.907632387383963
"MOCS3",-0.0407626468834436,0.0255816326209609,-1.59343414423221,0.123629105279631,27,0.896531207390823,-0.907879273791623
"GPR101 2",-0.0707099146667626,0.044367791994134,-1.59372174022343,0.123564513913937,27,0.896531207390823,-0.908106234944014
"None",-0.0124533754799194,0.00780490008730902,-1.59558422793508,0.123146892722763,27,0.896531207390823,-0.909576541927863
"DNAJC15",-0.058816409421783,0.0368612777420421,-1.59561504713387,0.123139992051572,27,0.896531207390823,-0.909600878777334
"RAB3D 3",-0.0108678063705434,0.00681022182004048,-1.59580798654204,0.123096798615459,27,0.896531207390823,-0.909753241639926
"FAM50A",-0.0457468602477655,0.0286649465867819,-1.59591646575265,0.123072518835639,27,0.896531207390823,-0.909838910922686
"LRRC59",-0.0534248549678083,0.0334608565453796,-1.59663739914588,0.122911260537575,27,0.896531207390823,-0.910408327322591
"SCT",-0.0568690509523379,0.0355660945557075,-1.59896810888987,0.122391124999814,27,0.896531207390823,-0.912250073230904
"RP2",-0.0190378480555381,0.0118724501449033,-1.60353152240532,0.121378008368702,27,0.896531207390823,-0.915859992908979
"LY6G6D",-0.0749761414893313,0.0467288715361057,-1.60449287613119,0.12116546918106,27,0.896531207390823,-0.916621131661836
"POLR2I",-0.00858174343901837,0.00534813857338819,-1.60462249084575,0.121136837178773,27,0.896531207390823,-0.916723769732796
"PCDHGA1",-0.0415135813015258,0.025848690138314,-1.60602262936305,0.120827903110698,27,0.896531207390823,-0.917832761346875
"SEMA6C",-0.0590248320573941,0.0367325673213184,-1.60688011652096,0.120639025623626,27,0.896531207390823,-0.918512179166538
"NXF1",-0.0438897210377161,0.0272832738428263,-1.60866768741011,0.120246067917342,27,0.896531207390823,-0.919929116282373
"IFNA14",-0.0342439472886911,0.021279880052043,-1.60921711987768,0.120125501175486,27,0.896531207390823,-0.920364787400037
"PAICS",-0.0604309662124041,0.0375512510412709,-1.60929302051714,0.120108853533814,27,0.896531207390823,-0.920424978449188
"M1AP",-0.0158025166313373,0.00980976998425077,-1.61089573524228,0.119757769822819,27,0.896531207390823,-0.92169630019558
"YARS2",-0.0102445883736962,0.00635811598918592,-1.61126163648485,0.119677736739551,27,0.896531207390823,-0.921986632471075
"JUN",-0.0570886900997702,0.0353963826092061,-1.61283967150141,0.119333084217199,27,0.896531207390823,-0.923239134694856
"PITX2",-0.0208433868026347,0.0129221426238446,-1.61299773647239,0.119298607354039,27,0.896531207390823,-0.92336462608646
"PSD",-0.0845977682955827,0.0524319276136463,-1.61347812575109,0.119193876470807,27,0.896531207390823,-0.923746055696874
"LY6D",-0.00754424891999723,0.00467503996243465,-1.61372929014886,0.119139149914673,27,0.896531207390823,-0.923945503017466
"MLIP",-0.0572669255049127,0.0354827176568075,-1.61393853928564,0.119093572282948,27,0.896531207390823,-0.924111677621988
"NRL",-0.0248226006115256,0.0153700137600734,-1.6150018470385,0.1188621916581,27,0.896531207390823,-0.924956266200949
"PRPSAP1",-0.0472865881546966,0.0292698166297569,-1.61554097700165,0.118745017386867,27,0.896531207390823,-0.925384604581314
"FGF6",-0.0546394957598254,0.0338100323625696,-1.61607345340242,0.118629383493852,27,0.896531207390823,-0.925807726581353
"KIR2DS4",-0.0733962662888255,0.0453163595731151,-1.61964171394671,0.117856905496901,27,0.896531207390823,-0.928644966119399
"CCNE1",-0.00655251448082189,0.00404344708270116,-1.62052682941125,0.117665939770078,27,0.896531207390823,-0.929349232233985
"C16orf54",-0.0710734603642932,0.0438320365781854,-1.62149573491791,0.117457191488613,27,0.896531207390823,-0.930120387756469
"INPP4B",-0.0457621711839587,0.0282196337364899,-1.62164298839872,0.117425493096195,27,0.896531207390823,-0.930237607440164
"SUDS3",-0.0400196436238567,0.0245988097661114,-1.62689349624509,0.116299893321849,27,0.896531207390823,-0.934420683635727
"DAPK3",-0.0456893710402831,0.0280032260820084,-1.63157526588116,0.115303816169898,27,0.896531207390823,-0.938156318775532
"SIGLEC14 3",-6.18661176916132e-05,3.78711096451295e-05,-1.6335966458688,0.114875958874473,27,0.896531207390823,-0.939770850516347
"GAL3ST1",-0.016244811859467,0.00993905977495918,-1.63444150928589,0.114697523030555,27,0.896531207390823,-0.940445960876214
"SNUPN",-0.0612870497255912,0.0374829470521416,-1.63506486403901,0.114566018336234,27,0.896531207390823,-0.940944180253017
"METAP1D",-0.0106366136260811,0.0064995908741933,-1.63650510193095,0.11426266287305,27,0.896531207390823,-0.942095658994219
"KHK",-0.00833571239304413,0.00509326716884671,-1.63661400761186,0.114239751505226,27,0.896531207390823,-0.942182750246003
"SERAC1",-0.0522247216734131,0.0318487306820331,-1.63977403667377,0.113576619244014,27,0.896531207390823,-0.944711062801011
"MKNK1",-0.0521839870986975,0.0317904756770079,-1.64149752362589,0.113216302586053,27,0.896531207390823,-0.946091032393438
"KDSR",-0.0129379449278957,0.00788091282580238,-1.6416810100394,0.113177998761174,27,0.896531207390823,-0.946237989625494
"TACO1",-0.0399994182099718,0.0243439692037109,-1.64309352658376,0.112883490404995,27,0.896531207390823,-0.947369570478079
"MPZL2",-0.0405889418367447,0.0246727861947331,-1.64508951345791,0.112468421469022,27,0.896531207390823,-0.948969400280712
"PGLYRP4",-0.00309481596046329,0.00187480057563112,-1.65074408483232,0.111299467921388,27,0.896531207390823,-0.953506911849995
"UBE2R2 2",-0.00313124272267802,0.00189678030076473,-1.65081992965426,0.111283858113203,27,0.896531207390823,-0.953567826148384
"HDGF 2",-0.0232082170431441,0.0140214035041837,-1.65519928416718,0.110385635800349,27,0.896531207390823,-0.95708743655713
"HSD17B4",-0.0182004192135868,0.0109911768270335,-1.65591178269662,0.110240075626469,27,0.896531207390823,-0.95766049750333
"IRF4",-0.00990002137456446,0.00596430997767919,-1.65987707071132,0.109432920952442,27,0.896531207390823,-0.960852008558243
"PFKFB3",-0.0756625751978079,0.045564496619776,-1.66055988348105,0.109294432225836,27,0.896531207390823,-0.961401961702503
"TMEM108",-0.0818879227828255,0.0492934268344387,-1.66123412474165,0.109157826230197,27,0.896531207390823,-0.96194512145973
"CXCL2 2",-0.00709158402282417,0.00426437601669813,-1.66298281273871,0.108804197034817,27,0.896531207390823,-0.963354351752679
"PARK7 2",-0.0057718952543523,0.00346234458221882,-1.66704818578555,0.107985788739181,27,0.896531207390823,-0.966633395237637
"IRF2",-0.0833158813651851,0.0499533651841155,-1.66787324653912,0.107820326546734,27,0.896531207390823,-0.967299357192692
"FBXL5",-0.0573211823853811,0.0343303051638401,-1.66969626724312,0.107455482836331,27,0.896531207390823,-0.968771420053281
"OMP",-0.00696460769618117,0.00416775922341133,-1.6710676703825,0.107181705978991,27,0.896531207390823,-0.969879334702694
"FAM234B",-0.0320958085718588,0.0191921411352868,-1.67234121225001,0.106927990503034,27,0.896531207390823,-0.97090859479288
"PDAP1",-0.0320081937084731,0.0191272116943792,-1.67343752031976,0.106709988051799,27,0.896531207390823,-0.971794928722035
"PDGFB",-0.0620544324586102,0.037078156229791,-1.67361160231456,0.106675405989326,27,0.896531207390823,-0.971935695611015
"RIPK2",-0.0347082321306844,0.0207247432539053,-1.6747243478707,0.106454577282295,27,0.896531207390823,-0.97283566024064
"SPACA3",-0.0020667457957443,0.0012333658661625,-1.67569563293881,0.106262136246711,27,0.896531207390823,-0.973621457475472
"ZCCHC17",-0.0288898282022502,0.0172387429033862,-1.67586629513311,0.106228353123326,27,0.896531207390823,-0.973759551413086
"PDE1A",-0.0375070193987814,0.0223634899165478,-1.67715412660294,0.105973713929979,27,0.896531207390823,-0.974801845215061
"MMP20",-0.0251078565581212,0.0149586879629906,-1.67847986536257,0.105712115956458,27,0.896531207390823,-0.975875234154436
"UBE2R2",-0.00420071887369684,0.00250141796728603,-1.67933505261198,0.105543656776981,27,0.896531207390823,-0.976567862873008
"SNX17",-0.0145545465141606,0.00866349850965401,-1.67998488115881,0.105415801300031,27,0.896531207390823,-0.977094285678847
"LDB2",-0.00606271731640377,0.00360744629434444,-1.68061194033812,0.105292549356164,27,0.896531207390823,-0.977602358994815
"ABL2 2",-0.0131410786199594,0.00780855199802889,-1.68290851149824,0.104842180739815,27,0.896531207390823,-0.979463954213243
"PPM1M",-0.0260482383337917,0.0154760775861308,-1.68312921596719,0.104798985087729,27,0.896531207390823,-0.979642923200892
"PGAM4",-0.00997675149085393,0.00592742699028707,-1.68315046430808,0.104794827213712,27,0.896531207390823,-0.979660154069707
"SH3BP5",-0.0262913405448686,0.0156175859074251,-1.68344459257104,0.10473728648178,27,0.896531207390823,-0.979898681926372
"TBL2",-0.0323233721157241,0.0191949471768185,-1.68395212646173,0.104638059466694,27,0.896531207390823,-0.980310323021351
"LPCAT2",-0.0402415214571853,0.0238891899057762,-1.68450757919821,0.104529554672921,27,0.896531207390823,-0.980760899824229
"UGT2B15",-0.0636645637468986,0.0377499272501265,-1.6864817599532,0.10414467544596,27,0.896531207390823,-0.98236292911086
"PIM1",-0.0237634422671385,0.0140896881055067,-1.68658398178814,0.10412477919638,27,0.896531207390823,-0.982445906534931
"DYRK3",-0.0476712625270678,0.0282638528148286,-1.68665124459101,0.104111689048628,27,0.896531207390823,-0.982500507719744
"PIK3IP1",-0.131987635821984,0.0782248015730869,-1.68728629753909,0.103988168464023,27,0.896531207390823,-0.983016070923259
"MAP4K5",-0.0473458287410235,0.0280034397384581,-1.69071475444504,0.103323449734777,27,0.896531207390823,-0.985801102152546
"FAM160B1",-0.119361860110991,0.0705792701336516,-1.69117447495508,0.103234590831196,27,0.896531207390823,-0.986174759200883
"OPALIN",-0.0542347990207039,0.0320592995917636,-1.69170255468206,0.103132598379738,27,0.896531207390823,-0.986604040257039
"GDF9",-0.0466012036656488,0.0275400560974729,-1.69212450042631,0.103051165559142,27,0.896531207390823,-0.986947091773744
"ASIC4",-0.0373240391593658,0.022049368755895,-1.69274864838872,0.102930808449568,27,0.896531207390823,-0.987454616131116
"DKKL1 2",-0.00446123756864552,0.00263485421629904,-1.69316296174892,0.102850980132756,27,0.896531207390823,-0.987791565279715
"GEM",-0.000650245227026702,0.000383772704548654,-1.69434985688063,0.102622582761773,27,0.896531207390823,-0.988757059403192
"CREBZF",-0.111889686644098,0.0658205594359669,-1.69992001895622,0.101556411093175,27,0.896531207390823,-0.993292655080416
"CNTN1",-4.63109238223454e-05,2.72293077918812e-05,-1.70077492150401,0.101393607058933,27,0.896531207390823,-0.993989426724125
"LILRB3",-0.0742730576633017,0.0435928235778617,-1.70379093546537,0.100821009838254,27,0.896531207390823,-0.996448956917857
"BCL2L10 2",-0.027565073689033,0.0161596864903812,-1.70579260342957,0.100442499138985,27,0.896531207390823,-0.998082490017578
"IGFL3",-0.0218814735089798,0.0127978392446591,-1.70977874394786,0.099692307074488,27,0.896531207390823,-1.0013383534637
"ABHD12",-0.0463596651038774,0.0271012351636543,-1.7106107830115,0.0995363166122402,27,0.896531207390823,-1.00201843456424
"DYRK3 2",-0.0234422288741578,0.0136739208422984,-1.71437506070992,0.0988331692943998,27,0.896531207390823,-1.0050972778416
"HAT1",-0.00742935930502507,0.00433295499680902,-1.71461723246523,0.0987880772123747,27,0.896531207390823,-1.00529546749061
"PLA2G2C",-0.0361886527519999,0.0210709551152843,-1.71746617815866,0.0982589136603142,27,0.896531207390823,-1.00762804168643
"MZF1",-0.0673084022630198,0.0391659428340789,-1.71854415833068,0.0980593165659443,27,0.896531207390823,-1.00851113793742
"HMG20B",-0.0628541175584032,0.0365736881286134,-1.71856109609108,0.0980561831403263,27,0.896531207390823,-1.00852501577428
"MRAS",-0.0276341425983031,0.0160750232543629,-1.71907325799998,0.0979614750615119,27,0.896531207390823,-1.00894468407966
"BPIFA1",-0.0371709393178639,0.0216025717304025,-1.72067195432806,0.0976663454012524,27,0.896531207390823,-1.0102550629392
"TSLP",-0.0277841188507829,0.0161308647670448,-1.72241967507815,0.0973445674762287,27,0.896531207390823,-1.01168828020896
"ADAMTS5",-0.0562529302633289,0.0326074757134155,-1.72515440194547,0.0968428727759213,27,0.896531207390823,-1.01393233599791
"CISD2",-0.0259380662542396,0.0150301794954712,-1.72573230160392,0.0967371363208067,27,0.896531207390823,-1.01440677304101
"SYNJ2BP",-0.0835205019861817,0.0483789092592027,-1.72638249322032,0.0966182899294263,27,0.896531207390823,-1.01494065346496
"FOXP1",-0.07322397913212,0.0424085325299255,-1.7266331741248,0.0965725018872633,27,0.896531207390823,-1.01514651725623
"CTSD",-1.92059898250231e-05,1.11124250501718e-05,-1.72833470086947,0.0962621963956679,27,0.896531207390823,-1.01654423333354
"PDLIM1",-0.0441403736059221,0.0255095922548974,-1.73034414524787,0.0958968264568048,27,0.896531207390823,-1.0181957648325
"EFCAB14",-0.0405787123438677,0.0234498164401965,-1.73044903986155,0.0958777862270225,27,0.896531207390823,-1.01828200217789
"RAB2B",-0.0169818285467541,0.00981214578586969,-1.73069468364497,0.0958332100889357,27,0.896531207390823,-1.01848396420945
"PDE2A",-0.00495021979254941,0.00285541262590785,-1.73362677871313,0.0953024899940698,27,0.896531207390823,-1.02089575228342
"LEP",-0.00663325100605404,0.00382558528126404,-1.7339179546044,0.0952499226018665,27,0.896531207390823,-1.02113536855099
"FGF2",-0.00194271163465679,0.00112022900085142,-1.73420937431565,0.0951973358553979,27,0.896531207390823,-1.02137520539168
"RNASEH1",-0.119186217177956,0.0686966693242606,-1.73496354845641,0.0950613594717166,27,0.896531207390823,-1.02199597915505
"MBD4",-0.0603981808722426,0.0347764757957522,-1.73675392604388,0.0947392180125901,27,0.896531207390823,-1.02347020430532
"MARVELD2",-0.0180304452792363,0.0103739083446961,-1.73805712178427,0.0945053187075503,27,0.896531207390823,-1.02454374894747
"POLH",-0.0888404146892977,0.0510554533428978,-1.74007689428648,0.0941437773091896,27,0.896531207390823,-1.02620838058193
"BATF3",-0.0631701192383233,0.0362988632411935,-1.74027816845336,0.0941078135460204,27,0.896531207390823,-1.02637431664666
"PAPSS1",-0.0528034627129031,0.0303397571834248,-1.74040492129418,0.0940851712843823,27,0.896531207390823,-1.02647882010988
"SERPINC1",-4.04263664454298e-05,2.3226899784026e-05,-1.74049773415015,0.0940685947679994,27,0.896531207390823,-1.0265553435807
"KDF1",-0.0106254519964938,0.00610158152733189,-1.74142588260065,0.0939029626176325,27,0.896531207390823,-1.02732070562321
"HSD17B11",-0.0444407018720352,0.0254633449090551,-1.7452813850953,0.093217584313412,27,0.896531207390823,-1.03050215577963
"ERMN",-0.00288296706835173,0.00165043603419047,-1.74679115617214,0.0929503602764532,27,0.896531207390823,-1.03174892255941
"BMP15",-0.0560055368924956,0.0320106527623353,-1.74959059124197,0.0924565958602174,27,0.896531207390823,-1.03406210079994
"CDH15 2",-0.0102876354791542,0.00587311993238775,-1.75164743740755,0.0920952344763221,27,0.896531207390823,-1.0357628420527
"SERPINA11",-0.0357272839041535,0.0203778267433007,-1.75324308888332,0.091815728521806,27,0.896531207390823,-1.03708291547503
"USP28",-0.0493331076251995,0.0281136434777035,-1.75477460487556,0.0915481372390687,27,0.896531207390823,-1.03835048800919
"LECT2 2",-0.0413775971777249,0.0235205484117115,-1.75921056148172,0.0907768215893604,27,0.896531207390823,-1.04202502747957
"HOMER3",-0.00660196852548414,0.00375200978926773,-1.75958190310922,0.0907125055814874,27,0.896531207390823,-1.04233283718851
"NUB1",-0.0154705927442276,0.00877765075675808,-1.76249809578223,0.090208773966769,27,0.896531207390823,-1.04475121966386
"MDM2 2",-0.0563340207292866,0.0318795472977737,-1.76708973321026,0.0894204722562682,27,0.896531207390823,-1.04856304082283
"LTO1",-0.036466302347111,0.0206055505828804,-1.76973200499714,0.0889695142030727,27,0.896531207390823,-1.05075878078726
"MLANA",-0.0117393276294558,0.00661884782150514,-1.77362102076343,0.0883093094848295,27,0.896531207390823,-1.05399351109088
"CDH6 2",-0.018555714777972,0.0104346232453849,-1.77828315806024,0.087523383458256,27,0.896531207390823,-1.05787590183277
"CENPW",-0.0651872562106496,0.0366564236562537,-1.7783310456564,0.0875153418930117,27,0.896531207390823,-1.05791580623
"SOD3 2",-3.18596772689198e-05,1.79151343509702e-05,-1.7783666393322,0.0875093652043718,27,0.896531207390823,-1.05794546653271
"TEC 2",-0.0128260329320893,0.00721042292822203,-1.77881839384032,0.0874335394850023,27,0.896531207390823,-1.05832194014425
"CNDP2",-0.0221579426270307,0.0124398590514471,-1.78120528017182,0.0870338400343992,27,0.896531207390823,-1.06031185447654
"PAK4",-0.0248030518591062,0.0139080434730929,-1.78336024812485,0.0866743214073156,27,0.896531207390823,-1.06210954984707
"CNGB1",-0.0821352752336899,0.0459524774628924,-1.78739601798436,0.0860044444189438,27,0.896531207390823,-1.06547910530586
"UCK1",-0.100768954462384,0.056366645213528,-1.78774085419935,0.0859474130634436,27,0.896531207390823,-1.06576719063696
"LGI3",-0.0762800182062923,0.0426276131217587,-1.78945084230757,0.0856650822066903,27,0.896531207390823,-1.0671961640178
"GYG2",-0.0709320696208975,0.0395845573308491,-1.79191266503361,0.0852600145703933,27,0.896531207390823,-1.06925459747072
"HACL1",-0.0607605265002481,0.0338921234268855,-1.79276245795944,0.085120571703796,27,0.896531207390823,-1.06996546814383
"SH3BP2",-0.0694514850784521,0.0387075201350189,-1.79426335854616,0.0848747660796219,27,0.896531207390823,-1.07122140965364
"MST1",-1.19207448945444e-05,6.63556744530946e-06,-1.79649216028555,0.0845108741327266,27,0.896531207390823,-1.07308740617462
"NAPG",-0.0611887376985068,0.0340412190482127,-1.79748961433623,0.0843484559481565,27,0.896531207390823,-1.07392286303731
"IL5 2",-0.0061802814909716,0.00343807663418441,-1.79759852631607,0.0843307377441572,27,0.896531207390823,-1.07401410035101
"XCL1 2",-0.0349815886609592,0.0194569889826544,-1.79789322449351,0.0842828111684619,27,0.896531207390823,-1.07426098736638
"GSTT2",-0.0147170985763825,0.00818539035678026,-1.7979714998188,0.0842700852324925,27,0.896531207390823,-1.07432656682419
"C1orf198",-0.0491478569672447,0.027282290910249,-1.80145637801925,0.0837051855797689,27,0.896531207390823,-1.07724763640436
"CHST4",-0.0480347646607789,0.0266195635249322,-1.80449106972731,0.0832159132183111,27,0.896531207390823,-1.07979361647287
"CGB3",-0.000589531828641527,0.000326527148239067,-1.80546037847334,0.0830601536999689,27,0.896531207390823,-1.08060726957834
"ANAPC7",-0.0328634020178791,0.0182016946651109,-1.80551331194846,0.0830516549677113,27,0.896531207390823,-1.0806517089539
"CRYZ",-0.00643773698853992,0.00356419126097776,-1.80622657909044,0.0829372092408148,27,0.896531207390823,-1.08125058232751
"EIF5",-0.0320400082746595,0.0177335412412272,-1.8067462013832,0.0828539197343615,27,0.896531207390823,-1.08168694073003
"MPP2",-0.0653315492385778,0.0361428962472304,-1.80759031572032,0.0827187711134739,27,0.896531207390823,-1.08239592616746
"GFRA3",-0.0413862343516068,0.0228455975743462,-1.81156278433619,0.0820852926210974,27,0.896531207390823,-1.08573464928351
"ZNF415",-0.0561457292848994,0.0309541074747192,-1.81383777034291,0.0817243893477635,27,0.896531207390823,-1.08764831582422
"FAM151A",-0.0517738395208247,0.0285244222995587,-1.81507057275707,0.081529388815541,27,0.896531207390823,-1.08868581334913
"IL22RA1",-0.0144169162347774,0.00793305104272014,-1.81732301445448,0.081174139208861,27,0.896531207390823,-1.09058230804626
"CEACAM21",-0.0388970127359829,0.021401905210553,-1.81745561216687,0.0811532678148687,27,0.896531207390823,-1.09069398766287
"GNG11",-0.0534133414374005,0.0293723820268761,-1.81848858524742,0.0809908319738606,27,0.896531207390823,-1.09156413974493
"SULT4A1",-0.0202172589408318,0.0111098365048737,-1.81976205788113,0.0807909627485331,27,0.896531207390823,-1.09263721655153
"SIGLEC5 3",-2.72429221650234e-05,1.49456600163548e-05,-1.82279819929076,0.0803161587410947,27,0.896531207390823,-1.09519707058549
"TGFBR2",-0.0656305809743638,0.0359434707738037,-1.82593888574046,0.0798275372431287,27,0.896531207390823,-1.09784726892784
"FGF8 2",-0.0638169013856972,0.034922188692855,-1.82740268506578,0.0796006791602866,27,0.896531207390823,-1.09908322680622
"S100A8",-0.0574583335203251,0.0313724460912216,-1.83149038979153,0.0789701122704153,27,0.896531207390823,-1.1025372445577
"SIGLEC11",-0.0234703940272915,0.0128008219886744,-1.83350678949031,0.0786606539106164,27,0.896531207390823,-1.10424244759584
"STAB2",-0.0310562034286039,0.0169323168787889,-1.83413785903735,0.0785640184489629,27,0.896531207390823,-1.10477631104624
"MASP1 3",-0.0358538831335783,0.0195451674382216,-1.8344116645153,0.0785221225917499,27,0.896531207390823,-1.10500796916596
"PLA1A",-0.0522501902153327,0.0284625620786213,-1.8357514713891,0.078317392358284,27,0.896531207390823,-1.10614178115463
"HSPH1",-0.0985898494352773,0.0536926882780796,-1.83618761878099,0.0782508460061401,27,0.896531207390823,-1.10651095839733
"CLPP",-0.0270156054665437,0.0147093873280518,-1.83662343400416,0.078184399100584,27,0.896531207390823,-1.10687989732971
"KHDRBS2",-0.0482541899469369,0.0262453875323014,-1.83857791726445,0.0778870060854078,27,0.896531207390823,-1.10853498977425
"BAP1",-0.0655034500491685,0.0356086171740255,-1.83953928143409,0.0777410842614946,27,0.896531207390823,-1.10934940652055
"ZADH2",-0.0438504235667088,0.023836755168649,-1.83961379208117,0.0777297844389498,27,0.896531207390823,-1.10941253668284
"GZMH",-0.0418222532136176,0.0227342291546808,-1.83961606655164,0.0777294395291809,27,0.896531207390823,-1.10941446377864
"ATAD1",-0.0415531433118409,0.022582937285423,-1.8400238545879,0.0776676222872309,27,0.896531207390823,-1.10975999011187
"NAB1",-0.0366485866190484,0.0198689156416103,-1.84451870852466,0.0769890493998959,27,0.896531207390823,-1.11357104266394
"S100A9 2",-0.0319113626833427,0.0172982334081229,-1.84477581787963,0.0769503898811007,27,0.896531207390823,-1.11378917540649
"IL6",-0.0224689892476446,0.0121772178994085,-1.84516606611236,0.0768917433771473,27,0.896531207390823,-1.11412029216552
"GMPR2",-0.00633683916506969,0.00343110971949771,-1.84687744873322,0.0766350128431006,27,0.896531207390823,-1.11557276547955
"DHX8",-0.0404545632160977,0.021897734778486,-1.84743141815031,0.0765520688800431,27,0.896531207390823,-1.11604306765618
"HDHD3",-0.00581369409343363,0.00314621674875721,-1.84783648352584,0.0764914689591575,27,0.896531207390823,-1.11638699870994
"MATN3 2",-0.0292799586715601,0.0158268255093467,-1.85002094414124,0.0761653767672681,27,0.896531207390823,-1.11824240524948
"WARS2",-0.0191598704956078,0.0103514084397392,-1.85094333849805,0.0760280449754234,27,0.896531207390823,-1.1190261770432
"POU2AF1",-0.10479043374788,0.056410605843372,-1.85763709113208,0.0750378418320952,27,0.896531207390823,-1.12471966521922
"ADA",-0.0113489618475938,0.00610428170982817,-1.85918055343375,0.0748111091722906,27,0.896531207390823,-1.12603390622665
"DDX46",-0.0624122442161312,0.0335073117502756,-1.86264552290196,0.0743042701351211,27,0.896531207390823,-1.1289862273857
"RABIF",-0.0105723889589354,0.00565990902285473,-1.86794326838895,0.0735350954787881,27,0.896531207390823,-1.13350533935061
"MMP20 2",-0.0457040914463811,0.0244622566230636,-1.86835140153383,0.0734761265175236,27,0.896531207390823,-1.13385374671035
"DYNLT1",-0.0456938577862631,0.0244549993878842,-1.86848738213019,0.0734564885245231,27,0.896531207390823,-1.13396983628031
"NOP16",-0.0294364660835322,0.0157234727516038,-1.87213515414588,0.0729313826057923,27,0.896531207390823,-1.13708555316709
"TPSG1 2",-0.0793689425670452,0.0422854956923758,-1.87697793930214,0.0722392869504777,27,0.896531207390823,-1.14122654944706
"ADCYAP1",-0.00897614015749475,0.00477156512959782,-1.88117313998632,0.0716443570632317,27,0.896531207390823,-1.14481801033028
"CDH11 2",-0.178695201604637,0.0949577935853332,-1.88183818155014,0.0715504381570214,27,0.896531207390823,-1.14538770238507
"KAAG1",-0.015539310169679,0.00823448628817423,-1.8871013474144,0.07081092719757,27,0.896531207390823,-1.14989971892848
"STK17B",-0.00805196855542758,0.00426104506145261,-1.88966989067293,0.0704524488920996,27,0.896531207390823,-1.15210390643197
"HSD17B1",-0.0132143298962666,0.00698653889679821,-1.89139860114747,0.0702120715167539,27,0.896531207390823,-1.15358821347688
"MOB1A",-0.0428961233650404,0.0226487702292468,-1.89397141349634,0.0698556432793002,27,0.896531207390823,-1.15579850370783
"SHKBP1",-0.0155420093697971,0.00819870861105952,-1.89566553796435,0.0696218062745199,27,0.896531207390823,-1.15725471352974
"NTM 2",-6.17411756868953e-05,3.25676552770823e-05,-1.89578203163868,0.0696057519314714,27,0.896531207390823,-1.15735487060665
"MEP1A",-0.0200792937873148,0.0105830151861493,-1.89731314130532,0.0693950445375509,27,0.896531207390823,-1.15867154117103
"ELAC1",-0.0588239866550154,0.0309767092365472,-1.89897468468385,0.0691670159107173,27,0.896531207390823,-1.16010096078893
"DES",-0.0355476356720385,0.0187151537836413,-1.89940387789441,0.0691082200257196,27,0.896531207390823,-1.16047029271998
"MED28",-0.05781213147473,0.0304026698237553,-1.90154785122056,0.0688151651663068,27,0.896531207390823,-1.16231584341742
"CD4",-0.0302054232170695,0.0158733951441797,-1.90289619471515,0.0686314183306089,27,0.896531207390823,-1.16347702592658
"TNNT2",-0.0188592394770415,0.00990890746414389,-1.90326123695121,0.0685817454573901,27,0.896531207390823,-1.16379146595676
"MAP3K7|TAB1",-0.0108013771912755,0.00567149650579628,-1.90450213276805,0.068413125650239,27,0.896531207390823,-1.16486056713076
"MMRN2",-0.112429812767726,0.0590300821802636,-1.90461894368353,0.0683972713628505,27,0.896531207390823,-1.16496122365554
"None 10",-0.0322396452649724,0.0169241839063339,-1.90494533995857,0.0683529878551118,27,0.896531207390823,-1.16524249674171
"SERPINH1",-0.0816545287876426,0.0427822443567471,-1.90860788196973,0.0678577874636789,27,0.896531207390823,-1.16840030484387
"LRP5",-0.0181627396216342,0.00950704749383551,-1.91045007752524,0.0676098951214272,27,0.896531207390823,-1.16998973775447
"PEX14 2",-0.0476690939917882,0.0249383339998739,-1.91147868947577,0.0674718255001834,27,0.896531207390823,-1.17087753952706
"DDT",-0.0465243580832728,0.0242828013247851,-1.91593867037845,0.0668760090347632,27,0.896531207390823,-1.17472965222419
"JPT2",-0.106085282845411,0.0551880403703438,-1.92225130904299,0.06604054797331,27,0.896531207390823,-1.18018933182358
"CLC",-0.0531706916854282,0.0276387683785126,-1.9237721072537,0.0658406428245426,27,0.896531207390823,-1.18150593761066
"CETN3",-0.0598941980545593,0.0309861468693197,-1.93293468552756,0.0646474030886399,27,0.896531207390823,-1.18944891621168
"CCL26",-0.0255679696986711,0.0131870242744193,-1.93887333234602,0.0638841610529208,27,0.896531207390823,-1.1946068041261
"SETBP1",-0.0396647157000765,0.0204305019115375,-1.9414459748381,0.0635559793294999,27,0.896531207390823,-1.19684358487943
"SIRPA",-7.15006617701321e-05,3.66751202672734e-05,-1.94956856989328,0.0625294879053446,27,0.896531207390823,-1.20391512802481
"ZNF264",-0.029527339142471,0.015128554844722,-1.95176204505564,0.0622547932331311,27,0.896531207390823,-1.2058272049622
"CPNE1",-0.0717923857618404,0.0367832875416021,-1.95176642872508,0.0622542453163347,27,0.896531207390823,-1.20583102729099
"CMA1",-0.0246567747241539,0.0126148686488212,-1.95458037737539,0.0619034005020043,27,0.896531207390823,-1.20828549348888
"IST1",-0.0261825615455426,0.0133424297552556,-1.96235333637257,0.0609432661065223,27,0.896531207390823,-1.21507427453031
"NTRK1",-0.0146067962902496,0.00743874808334951,-1.96360948463152,0.0607893377088444,27,0.896531207390823,-1.21617258816616
"NDUFA5",-0.0539712510344033,0.027439657833358,-1.96690685292698,0.0603869025122744,27,0.896531207390823,-1.21905724653554
"PILRA 3",-0.0517939842048789,0.0263256308455948,-1.96743563368571,0.0603225845528096,27,0.896531207390823,-1.21952005916453
"RILPL1",-0.0323678645983782,0.0163817656013863,-1.97584713308553,0.0593075262444472,27,0.896531207390823,-1.22689019029463
"HK3",-0.0107937389157056,0.00546265359549517,-1.97591495177486,0.0592994036688447,27,0.896531207390823,-1.22694967399885
"PDZD11",-0.0952253288644062,0.0479710731182141,-1.98505729963022,0.0582133576018859,27,0.896531207390823,-1.23497735096562
"ITCH",-0.0288930644863231,0.01454949204827,-1.98584695537591,0.0581203793721225,27,0.896531207390823,-1.2356715595722
"OLFM3",-0.0313939956549655,0.0157948502734762,-1.98760957599481,0.0579133110419662,27,0.896531207390823,-1.23722160470661
"PTS",-0.105710982944941,0.0531810950454862,-1.98775491280361,0.057896266282806,27,0.896531207390823,-1.23734944292298
"SOX9",-0.0350927997121344,0.0176289373863475,-1.99063613098493,0.0575592753001105,27,0.896531207390823,-1.23988468268443
"DOK1",-0.0271372535993907,0.0135910283542684,-1.99670347909089,0.056855281372998,27,0.896531207390823,-1.24522918683174
"EPOR 2",-0.0992044435659472,0.049552364170817,-2.00201232021886,0.0562455403471088,27,0.896531207390823,-1.24991190662857
"OCLN",-0.0402250443556681,0.0200787280821914,-2.00336615900214,0.0560909735437892,27,0.896531207390823,-1.25110702208664
"IDE",-0.0497500554307705,0.0248067764139765,-2.00550263365702,0.0558478167652156,27,0.896531207390823,-1.25299379990473
"GRAP2 2",-0.0660021666222812,0.0329017182455282,-2.00604011406766,0.0557867917348222,27,0.896531207390823,-1.25346861388856
"PPARG",-0.022274420109417,0.0110989063649629,-2.00690224576838,0.0556890291152013,27,0.896531207390823,-1.2542303535519
"PDIA5",-0.0714081326021592,0.0355804438867131,-2.00694889668943,0.0556837433885914,27,0.896531207390823,-1.25427157658783
"FCN1 3",-0.0172372859896345,0.00856841198229019,-2.0117246959252,0.0551449672144088,27,0.896531207390823,-1.25849411714486
"MAP2K2",-0.0576570563617362,0.028640401963151,-2.01313712132666,0.054986511502047,27,0.896531207390823,-1.25974383229974
"SIRPA 2",-0.10390021325027,0.0515938469074773,-2.01381016299468,0.0549111467193994,27,0.896531207390823,-1.26033948674578
"ANXA11",-0.000947352253898486,0.000469980848762013,-2.01572522879161,0.0546972040106674,27,0.896531207390823,-1.26203487318711
"BCAR3 2",-0.0210519040050322,0.0104390117194882,-2.01665680341476,0.0545933993796499,27,0.896531207390823,-1.26285986253853
"GID8",-0.0347444202620051,0.0171647066517719,-2.0241779231583,0.0537616905721777,27,0.896531207390823,-1.26952708306018
"TMPRSS6",-0.0545085258365388,0.0269190455886009,-2.02490558802058,0.0536818212989046,27,0.896531207390823,-1.27017275799097
"ZNF175",-0.0307347434297166,0.0151745499626295,-2.02541383470399,0.0536260979331263,27,0.896531207390823,-1.27062380303254
"SLC9A3R1",-0.00133536465548845,0.000657883556640165,-2.02978877038393,0.0531485511104442,27,0.896531207390823,-1.2745085703376
"KLRG2 2",-0.241680645218228,0.118878896065945,-2.0329987341417,0.0528005670440074,27,0.896531207390823,-1.27736141339874
"SNF8",-0.00809855349389188,0.00398109382671418,-2.03425336010633,0.0526651060026553,27,0.896531207390823,-1.27847703734393
"PROC 3",-0.0100228602378235,0.00490910388569492,-2.04168835518637,0.0518686597532699,27,0.896531207390823,-1.28509497370064
"RNF148 2",-0.0391664524400024,0.0191776905711154,-2.04229243843329,0.0518044213282194,27,0.896531207390823,-1.28563317314074
"LCE3B",-0.116906991751024,0.0572319785753412,-2.04268653052288,0.0517625514923858,27,0.896531207390823,-1.28598432446159
"CLTC",-0.0354224335380424,0.017258800004923,-2.05242737200375,0.0507371480701496,27,0.896531207390823,-1.29467394807618
"BMP4 2",-0.0410807161618274,0.0199614341608177,-2.05800424112135,0.0501582370828594,27,0.896531207390823,-1.29965773610559
"SMR3A",-0.0375104280802482,0.0181737692822871,-2.06398724984406,0.0495437018797429,27,0.896531207390823,-1.30501154627905
"DNPH1",-0.0261608809190279,0.0126691365532416,-2.06493006126249,0.0494474757090763,27,0.896531207390823,-1.3058558742104
"IL12B|IL23A",-0.0442320484558695,0.0213876500241897,-2.0681116628448,0.0491239779980138,27,0.896531207390823,-1.3087064718214
"PLAAT2",-0.0681617491606039,0.0329258796386668,-2.07015727168478,0.0489169813953213,27,0.896531207390823,-1.31054035056877
"ABL1",-0.0310969573596927,0.0150075410753723,-2.07208877213892,0.0487222445256626,27,0.896531207390823,-1.3122727129315
"DAPK2",-0.0101992668245501,0.00490956328076078,-2.07742852903398,0.0481874691452767,27,0.896531207390823,-1.31706588268622
"UBE2Q1 2",-0.081696934627547,0.039203982265205,-2.08389377576206,0.0475469793242086,27,0.896531207390823,-1.32287706872654
"KLK12",-0.0192048094944884,0.00920304023427545,-2.08678969184148,0.0472625600165134,27,0.896531207390823,-1.32548275813882
"TPP2",-0.0578608663175523,0.0276572296617082,-2.09207021184994,0.0467478430651661,27,0.896531207390823,-1.3302384225777
"TFF2",-0.12141746145791,0.0578181809504825,-2.09998757245399,0.0459854720732371,27,0.896531207390823,-1.33737935081772
"SCG3",-6.1778330609379e-05,2.9248204115297e-05,-2.11220936389282,0.0448304145863297,27,0.896531207390823,-1.34842724481204
"TFRC",-0.034675130331187,0.0163820532018783,-2.11665350514252,0.0444168833223782,27,0.896531207390823,-1.35245191862367
"TMPRSS15",-0.0372077450195527,0.0175350807942847,-2.12190325531206,0.0439327893060159,27,0.896531207390823,-1.35721122237195
"BDH2",-0.0119798932152425,0.00564476673549142,-2.12230084547498,0.0438963195372311,27,0.896531207390823,-1.35757189141342
"CARD19",-0.0646461282775816,0.0304065459125863,-2.12605958149368,0.0435528790305668,27,0.896531207390823,-1.36098313099476
"CYB5R1",-0.0329520397340471,0.015491754332193,-2.12706960279962,0.0434610032756949,27,0.896531207390823,-1.36190025242716
"CLEC2B",-0.0422197572695545,0.0198439463769768,-2.12758876019431,0.043413846139693,27,0.896531207390823,-1.36237173723772
"KIF3C",-0.0246772446515468,0.0115636010808921,-2.13404496392771,0.0428312216977602,27,0.896531207390823,-1.36823953781383
"CFDP1",-0.0788245615258583,0.0368865319042107,-2.13694694124552,0.0425716306248803,27,0.896531207390823,-1.37087971468486
"KDM4C",-0.113222875819313,0.0528558270466541,-2.14210773240526,0.0421134651896412,27,0.896531207390823,-1.37557902239298
"INTS3",-0.113485538192563,0.0528881688108143,-2.14576418023681,0.0417915353587416,27,0.896531207390823,-1.37891167323109
"F2",-0.000514222038081537,0.000239251386358078,-2.14929595982329,0.0414826809084061,27,0.896531207390823,-1.38213318415128
"PURB",-0.0285044325001405,0.0132580259080093,-2.1499756221566,0.041423480067503,27,0.896531207390823,-1.38275341798181
"LRRC3",-0.140475057212555,0.0651581911152266,-2.15590787295089,0.0409099740548328,27,0.896531207390823,-1.38817079593175
"CCL25 2",-0.0615220221285799,0.0284277888842572,-2.16415080254974,0.0402059479740978,27,0.896531207390823,-1.39570969365072
"STX18",-0.0593683239491638,0.0274221467659419,-2.16497725199614,0.0401359655716434,27,0.896531207390823,-1.39646628451498
"TPSG1",-0.0306620595514236,0.0141419675873333,-2.168160785412,0.0398674118708887,27,0.896531207390823,-1.39938195713106
"PANK1",-0.0578602735904473,0.0266260148854549,-2.17307298292148,0.0394562041593177,27,0.896531207390823,-1.40388469789672
"ASPSCR1",-0.0295298786353149,0.0135510465100913,-2.17915853313058,0.038952070253495,27,0.896531207390823,-1.40946945517305
"HEXIM1 2",-0.0535889854417449,0.0245346807633361,-2.18421368342508,0.0385377153998124,27,0.896531207390823,-1.41411403484569
"DNAI1",-0.0603211384904124,0.0275700657180046,-2.18792146189988,0.0382363300901669,27,0.896531207390823,-1.41752379783094
"OSTF1",-0.0283790648579891,0.012958500398022,-2.18999606330382,0.0380686255553072,27,0.896531207390823,-1.41943280284209
"IL3",-0.012233231673347,0.00558352018164374,-2.19095324730171,0.0379914735170457,27,0.896531207390823,-1.42031386180428
"CD1D",-0.0948270886275481,0.043197210345286,-2.19521325265154,0.03764981132051,27,0.896531207390823,-1.42423719589533
"MST1R",-0.0517505301286247,0.0233694774430763,-2.21444960652969,0.0361412876733197,27,0.896531207390823,-1.44199637807684
"IHH",-0.0418687453816232,0.0188787456339528,-2.21777157198005,0.0358863791195164,27,0.896531207390823,-1.44507035910181
"PRKAA2|PRKAB2|PRKAG1",-0.0268267501018767,0.0120869594251739,-2.21947879182947,0.0357560102830481,27,0.896531207390823,-1.44665094649588
"AGRP",-0.00187634914322682,0.000844982854178718,-2.22057658797176,0.0356724054342827,27,0.896531207390823,-1.44766760466184
"GTF2I",-0.0762608737429053,0.03416290799016,-2.23227114521021,0.034792697012891,27,0.896531207390823,-1.45851190489951
"UNC93B1",-0.0515242610162644,0.0230714420468439,-2.23324839910962,0.0347200809910609,27,0.896531207390823,-1.45941927042153
"GBP5",-0.0283402081385419,0.0126491148716393,-2.24048942761075,0.0341862900791544,27,0.896531207390823,-1.46614802659658
"SCFD1",-0.0407347821886296,0.0181409587660478,-2.24545916861175,0.0338242482822939,27,0.896531207390823,-1.47077184648139
"BRAF",-0.0607902751265829,0.0269571537953249,-2.25507023434817,0.0331339363584624,27,0.896531207390823,-1.47972696625486
"GRP 2",-0.0803037812753001,0.0355652842077908,-2.25792603838405,0.0329312968468902,27,0.896531207390823,-1.48239116627083
"PRC1 2",-0.0241487662709833,0.0106893521176315,-2.25914218235465,0.0328453448651722,27,0.896531207390823,-1.48352617382499
"HEPACAM2",-0.0393825464833759,0.0174236820229914,-2.26028840697441,0.0327645209818862,27,0.896531207390823,-1.48459617705758
"AXIN2",-0.129442638651911,0.0567829046664623,-2.27960579706595,0.0314292921471554,27,0.896531207390823,-1.50266540008475
"CALR",-0.0273848405457265,0.0119990186435123,-2.28225668776114,0.0312499734914716,27,0.896531207390823,-1.50515034672031
"TNFRSF10A",-0.0116082437744457,0.00507889600478817,-2.28558406462782,0.0310262117710117,27,0.896531207390823,-1.50827124753474
"ADH5",-0.0459400773012205,0.0200991491563508,-2.28567273887335,0.0310202685414553,27,0.896531207390823,-1.50835444683294
"VAMP8",-0.0941370006649707,0.0408879685304815,-2.30231542549717,0.0299229996807123,27,0.896531207390823,-1.52399487205488
"SPSB1",-0.0728000483642638,0.0316139604101172,-2.30278166417157,0.0298927758006685,27,0.896531207390823,-1.52443375511996
"NELFE",-0.0212420392687712,0.00920232064416165,-2.30833504831719,0.0295349118837911,27,0.896531207390823,-1.5296643205042
"NARS2",-0.0818499804637919,0.0353005989895656,-2.31865698618842,0.0288801219733167,27,0.896531207390823,-1.53940097688403
"SUSD3",-0.043819758860037,0.0188801095579068,-2.32094833590019,0.028736575268082,27,0.896531207390823,-1.54156499092687
"ANXA4",-0.0174162341591173,0.00748212872888521,-2.32771110872242,0.0283166968744528,27,0.896531207390823,-1.54795740821615
"CDC42BPB",-0.0108080792122965,0.00464017099730586,-2.32924157721165,0.0282224561215459,27,0.896531207390823,-1.54940519350095
"CBX7",-0.0696267966849586,0.0298319225753693,-2.33396947545197,0.0279331363485839,27,0.896531207390823,-1.5538802987275
"PCBD2",-0.0358984406515064,0.0153303041491178,-2.34166526001848,0.0274679924685017,27,0.896531207390823,-1.5611730803578
"PAX4",-0.0317933157943391,0.0135301321520389,-2.34981561429525,0.0269831075335344,27,0.896531207390823,-1.56890803587426
"GLYAT",-0.0140505223277415,0.00597383050788348,-2.35201221547874,0.0268537731671697,27,0.896531207390823,-1.57099468387307
"UTP6",-0.109323129709395,0.0462896762409228,-2.36171731122947,0.0262891103046671,27,0.896531207390823,-1.580224111357
"SATB1",-0.0955809488574411,0.0398895616367565,-2.39613936417309,0.0243729939443025,27,0.896531207390823,-1.61309111941496
"GRK5",-0.097031174803724,0.0404862395106921,-2.39664577338923,0.0243457873363389,27,0.896531207390823,-1.61357617592202
"IL2RA",-0.0336508820645088,0.0139746200515114,-2.40799978392752,0.0237430796433641,27,0.896531207390823,-1.62446295069837
"TANK",-0.0690544410663085,0.0286108886911675,-2.41357204285746,0.0234523337863011,27,0.896531207390823,-1.62981393332925
"CAV3",-0.0730336038124573,0.0302310900128039,-2.41584421142357,0.0233347211078749,27,0.896531207390823,-1.63199738535242
"FAM24B",-0.0483172062740318,0.0199392980858691,-2.4232150031537,0.0229569190509371,27,0.896531207390823,-1.63908639715208
"RGS16",-0.091233285653907,0.0376430028611725,-2.42364526524028,0.0229350402176677,27,0.896531207390823,-1.63950049397561
"FHL1",-0.0585593633273638,0.0241341381265251,-2.42641204008869,0.0227948078577052,27,0.896531207390823,-1.64216406420736
"TRIL",-0.117640980781015,0.0477469884799186,-2.46384085208834,0.0209738202675338,27,0.896531207390823,-1.67832245794666
"VEGFA 2",-0.0361699431495775,0.0146121112195437,-2.47533998380743,0.0204419432042746,27,0.896531207390823,-1.68947782268699
"HMX3",-0.0835093469376057,0.0336945946387924,-2.47841969410316,0.0203016277189633,27,0.896531207390823,-1.69246914036145
"RMDN3",-0.0631431117817056,0.0254683656290579,-2.47927616170482,0.0202627645914609,27,0.896531207390823,-1.69330130108304
"FUT3",-0.0611948531989778,0.0244983580585053,-2.49791651558183,0.0194338050792699,27,0.896531207390823,-1.71144215755051
"GRIPAP1",-0.0449125522929338,0.0179290619004338,-2.50501406835163,0.0191265094756589,27,0.896531207390823,-1.71836428003944
"GRAP",-0.0700324205741966,0.0276599048132575,-2.53191111997717,0.0180023995744354,27,0.896531207390823,-1.74466960309226
"ITGB5",-0.0652546824858376,0.025759981939144,-2.53318044399242,0.0179508972345685,27,0.896531207390823,-1.74591383932613
"NT5C2",-0.045441826739088,0.0178357387027784,-2.54779616904845,0.0173676496739253,27,0.896531207390823,-1.76025894969963
"SLC4A8",-0.100305095188431,0.0393559942010174,-2.54866119443218,0.0173336886554026,27,0.896531207390823,-1.76110900842146
"KXD1",-0.0703305837130399,0.0275086851395523,-2.55666831607003,0.0170222462380073,27,0.896531207390823,-1.76898313141924
"KCNG4",-0.0565172572478208,0.0220790206531801,-2.55977192718828,0.0169029351771048,27,0.896531207390823,-1.77203787405285
"IFNA4 2",-0.0652949311350071,0.0254341888169005,-2.56721107187896,0.0166201155220934,27,0.896531207390823,-1.77936596187361
"PARP1",-0.11087741014766,0.0425828701857602,-2.60380311763809,0.0152920128119918,27,0.896531207390823,-1.81553534679119
"PGRMC2",-0.0528860552972715,0.0199183313424353,-2.65514487072517,0.0135949177410663,27,0.896531207390823,-1.86662341585942
"MAGEA5",-0.0409698547397128,0.0153263144397891,-2.67317070262827,0.0130421138469674,27,0.896531207390823,-1.88465201307704
"WEE2",-0.113088735464865,0.0420459294686536,-2.68964765184169,0.012555313138662,27,0.896531207390823,-1.90117245119502
"PPIB",-0.0256419977630534,0.00951185807919548,-2.69579271994586,0.0123781669716201,27,0.896531207390823,-1.90734366331681
"ELAPOR1 2",-0.0832297782854318,0.0305952474678357,-2.72034989659521,0.0116934167118296,27,0.896531207390823,-1.93205857333024
"SLC6A16",-0.170839052703963,0.0625661370674478,-2.73053540959056,0.0114199901202423,27,0.896531207390823,-1.9423342718105
"LMNB1",-0.0407116544154386,0.0148364835905173,-2.74402314854844,0.011067167132126,27,0.896531207390823,-1.95596353145482
"RMI1",-0.0384201146406217,0.0139876089570144,-2.74672495911856,0.0109977362615986,27,0.896531207390823,-1.95869669941189
"IER2",-0.056347449753552,0.0204190507821496,-2.75955284869614,0.0106736490780637,27,0.896531207390823,-1.97168707977543
"FGF8 5",-0.0563514956056208,0.0201242894886411,-2.80017317567548,0.00970580764839936,27,0.896531207390823,-2.01296831986872
"FAM172A",-0.0962991770495098,0.0343482540215613,-2.8036119969609,0.00962779489240981,27,0.896531207390823,-2.01647317037493
"ITGA4|ITGB1",-0.0583871708790569,0.0207456394708216,-2.81443100181016,0.00938620341022977,27,0.896531207390823,-2.02751003834181
"NPPB 2",-0.0887034774344336,0.0310400631872001,-2.8577093061786,0.00847595408522722,27,0.896531207390823,-2.07181140455521
"SERPINA3",-4.48095222823606e-05,1.55640017818592e-05,-2.87904890467109,0.00805855023703917,27,0.896531207390823,-2.09374308234955
"BTC",-0.0613225654845948,0.0211585890028685,-2.8982351080349,0.00769998697848449,27,0.896531207390823,-2.1135100092661
"ZNF580",-0.0724113375498742,0.024828788898515,-2.9164264856352,0.00737405385198587,27,0.896531207390823,-2.13229369510868
"MMEL1",-0.0205378594891259,0.00689068819193523,-2.98052370344708,0.00632713261224968,27,0.896531207390823,-2.19879306293856
"CCL27",-0.0805568774685869,0.0267386968161546,-3.01274508710975,0.00585595897790415,27,0.896531207390823,-2.23240197425367
"magainins",-0.108476540863752,0.0359327000567027,-3.01888087153409,0.00577011859954582,27,0.896531207390823,-2.238815260224
"MKX",-0.115732145099723,0.0379739504814819,-3.04767198651509,0.00538314125083918,27,0.896531207390823,-2.26896422437246
"CDK2AP2 2",-0.092812843142911,0.0295653490288755,-3.13924395251562,0.00431077391919538,27,0.896531207390823,-2.3654447533513
"C1QTNF9",-0.0755242426071603,0.0238329442849886,-3.1689010683724,0.00400981198853896,27,0.896531207390823,-2.39687599003675
"ITGAV|ITGB6",-0.0945457058080487,0.0293921684339767,-3.21669719675245,0.00356687552348747,27,0.896531207390823,-2.44771204636834
"CD200R1 2",-0.104954517186371,0.0315890726575905,-3.32249440570875,0.0027479658411959,27,0.896531207390823,-2.56098867011042
"C7orf69",-0.158969001320804,0.0476315211194962,-3.33747479787573,0.00264784546493357,27,0.896531207390823,-2.57710736503484
"LTBR",-0.0386689642265684,0.0104865061932478,-3.68749739083425,0.00110025056853081,27,0.896531207390823,-2.95850839835263
"ITM2A",-0.0815641364499944,0.0214030078766983,-3.81087260818112,0.000803963912789662,27,0.896531207390823,-3.09476344481878
"MEF2C",-0.0835383464813356,0.0217170029870371,-3.84667932915051,0.000733752539658158,27,0.896531207390823,-3.1344503825653
"CCDC90B",-0.0746080860989854,0.019379109150573,-3.84992341594709,0.000727697799927885,27,0.896531207390823,-3.13804893809301
"PTTG1",-0.0823866145357739,0.0201308684788234,-4.09255142779559,0.000390501308760899,27,0.896531207390823,-3.408377506251
"CFHR3",-0.0898117607919786,0.0208979349211597,-4.29763807432676,0.000229998136610114,27,0.896531207390823,-3.63827568251816
